Time(s)	TrafficType	Size(Bytes)	numb_flow
0.50758	ftp	536	1
0.5123	ftp	536	1
0.51702	ftp	536	1
0.52174	ftp	536	1
0.52646	ftp	536	1
0.53118	ftp	536	1
0.5359	ftp	536	1
0.54062	ftp	536	1
0.54534	ftp	536	1
0.55006	ftp	536	1
0.55654	ftp	536	1
0.56126	ftp	536	1
0.563692	video	250	1
0.566124	video	250	1
0.570844	ftp	536	1
0.575564	ftp	536	1
0.580284	ftp	536	1
0.585004	ftp	536	1
0.587436	video	250	1
0.58874	video	51	1
0.591172	video	250	1
0.595892	ftp	536	1
0.600612	ftp	536	1
0.605332	ftp	536	1
0.610052	ftp	536	1
0.610948	video	58	1
0.613172	video	224	1
0.617892	ftp	536	1
0.622612	ftp	536	1
0.627332	ftp	536	1
0.632052	ftp	536	1
0.636772	ftp	536	1
0.641492	ftp	536	1
0.646212	ftp	536	1
0.650932	ftp	536	1
0.652188	video	103	1
0.65734	ftp	536	1
0.66206	ftp	536	1
0.66678	ftp	536	1
0.6715	ftp	536	1
0.67226	video	41	1
0.67314	video	56	1
0.673932	video	45	1
0.678652	ftp	536	1
0.683372	ftp	536	1
0.688092	ftp	536	1
0.692812	ftp	536	1
0.694092	video	106	1
0.698812	ftp	536	1
0.703532	ftp	536	1
0.708252	ftp	536	1
0.712972	ftp	536	1
0.714732	video	112	1
0.717164	video	250	1
0.721884	ftp	536	1
0.726604	ftp	536	1
0.731324	ftp	536	1
0.736044	ftp	536	1
0.736972	video	62	1
0.738252	video	106	1
0.742972	ftp	536	1
0.747692	ftp	536	1
0.752412	ftp	536	1
0.757132	ftp	536	1
0.758748	gaming	148	1
0.760244	video	133	1
0.76146	video	98	1
0.76618	ftp	536	1
0.7709	ftp	536	1
0.77562	ftp	536	1
0.78034	ftp	536	1
0.781092	video	40	1
0.785812	ftp	536	1
0.790532	ftp	536	1
0.795252	ftp	536	1
0.799972	ftp	536	1
0.800788	video	48	1
0.805508	ftp	536	1
0.810228	ftp	536	1
0.814948	ftp	536	1
0.819668	ftp	536	1
0.824388	ftp	536	1
0.829108	ftp	536	1
0.833828	ftp	536	1
0.838548	ftp	536	1
0.840228	gaming	156	2
0.844948	ftp	536	1
0.849668	ftp	536	1
0.851188	gaming	136	1
0.85174	voip	15	1
0.852292	voip	15	2
0.857012	ftp	536	1
0.861732	ftp	536	1
0.866452	ftp	536	1
0.871172	ftp	536	1
0.875892	ftp	536	1
0.880612	ftp	536	1
0.885332	ftp	536	1
0.890052	ftp	536	1
0.894772	ftp	536	1
0.899492	ftp	536	1
0.901156	gaming	154	1
0.902748	gaming	145	2
0.907468	ftp	536	1
0.912188	ftp	536	1
0.913012	video	49	1
0.917732	ftp	536	1
0.922452	ftp	536	1
0.92422	video	167	1
0.925548	video	112	1
0.930268	ftp	536	1
0.934988	ftp	536	1
0.93578	video	45	1
0.9405	ftp	536	1
0.94522	ftp	536	1
0.94994	ftp	536	1
0.950788	video	52	1
0.952484	gaming	158	1
0.957204	ftp	536	1
0.961924	ftp	536	1
0.963572	gaming	152	2
0.964372	video	46	1
0.966804	video	250	1
0.9679	video	83	1
0.97262	ftp	536	1
0.97734	ftp	536	1
0.978276	video	63	1
0.979084	video	47	1
0.980324	video	101	1
0.985044	ftp	536	1
0.989764	ftp	536	1
0.994484	ftp	536	1
0.999204	ftp	536	1
1.00002	video	48	1
1.00131	video	107	1
1.00251	video	96	1
1.00723	ftp	536	1
1.01195	ftp	536	1
1.01292	video	68	1
1.014	video	81	1
1.01556	gaming	141	1
1.02028	ftp	536	1
1.025	ftp	536	1
1.02592	video	61	1
1.02648	voip	15	1
1.02726	video	44	1
1.02781	voip	15	2
1.03253	ftp	536	1
1.03725	ftp	536	1
1.0386	gaming	115	2
1.04332	ftp	536	1
1.04804	ftp	536	1
1.05048	video	250	1
1.0552	ftp	536	1
1.05992	ftp	536	1
1.06196	video	202	1
1.06668	ftp	536	1
1.0714	ftp	536	1
1.07612	ftp	536	1
1.08084	ftp	536	1
1.08556	ftp	536	1
1.08645	gaming	57	1
1.09117	ftp	536	1
1.09589	ftp	536	1
1.09752	gaming	150	2
1.10224	ftp	536	1
1.10696	ftp	536	1
1.11168	ftp	536	1
1.1164	ftp	536	1
1.12112	ftp	536	1
1.12584	ftp	536	1
1.13056	ftp	536	1
1.13528	ftp	536	1
1.14	ftp	536	1
1.14472	ftp	536	1
1.14595	gaming	99	1
1.14782	gaming	180	2
1.15254	ftp	536	1
1.15726	ftp	536	1
1.15828	video	74	1
1.15905	video	42	1
1.16377	ftp	536	1
1.16849	ftp	536	1
1.16959	video	83	1
1.17431	ftp	536	1
1.17903	ftp	536	1
1.18375	ftp	536	1
1.18488	video	87	1
1.18643	video	140	1
1.18723	video	46	1
1.19195	ftp	536	1
1.19667	ftp	536	1
1.19722	voip	15	1
1.19777	voip	15	2
1.2002	video	250	1
1.20492	ftp	536	1
1.20964	ftp	536	1
1.21068	gaming	75	2
1.21164	video	67	1
1.21636	ftp	536	1
1.22108	ftp	536	1
1.22237	gaming	107	1
1.2234	video	74	1
1.22812	ftp	536	1
1.23284	ftp	536	1
1.23407	video	100	1
1.2365	video	250	1
1.24122	ftp	536	1
1.24594	ftp	536	1
1.24682	video	56	1
1.24759	video	42	1
1.2484	video	48	1
1.25312	ftp	536	1
1.25784	ftp	536	1
1.25868	video	51	1
1.26032	video	150	1
1.26187	video	140	1
1.26659	ftp	536	1
1.27131	ftp	536	1
1.2722	video	57	1
1.27371	gaming	135	1
1.27551	video	171	1
1.27649	video	69	1
1.28121	ftp	536	1
1.28593	ftp	536	1
1.28742	gaming	132	2
1.29214	ftp	536	1
1.29686	ftp	536	1
1.30158	ftp	536	1
1.3063	ftp	536	1
1.31102	ftp	536	1
1.31574	ftp	536	1
1.32046	ftp	536	1
1.32518	ftp	536	1
1.3299	ftp	536	1
1.33462	ftp	536	1
1.33934	ftp	536	1
1.34085	gaming	135	1
1.34209	gaming	101	2
1.34681	ftp	536	1
1.35153	ftp	536	1
1.35625	ftp	536	1
1.36097	ftp	536	1
1.36569	ftp	536	1
1.37041	ftp	536	1
1.37096	voip	15	1
1.37152	voip	15	2
1.37624	ftp	536	1
1.38096	ftp	536	1
1.38339	video	250	1
1.38445	video	79	1
1.38917	ftp	536	1
1.39389	ftp	536	1
1.39542	gaming	137	2
1.40014	ftp	536	1
1.40486	ftp	536	1
1.40632	video	128	1
1.40756	gaming	101	1
1.41228	ftp	536	1
1.417	ftp	536	1
1.42172	ftp	536	1
1.42253	video	48	1
1.42336	video	49	1
1.42427	video	60	1
1.42519	video	61	1
1.42991	ftp	536	1
1.43463	ftp	536	1
1.43546	video	50	1
1.43643	video	67	1
1.43719	video	41	1
1.44191	ftp	536	1
1.44663	ftp	536	1
1.44812	video	132	1
1.45284	ftp	536	1
1.45756	ftp	536	1
1.45999	video	250	1
1.46243	gaming	251	1
1.46399	gaming	141	2
1.46871	ftp	536	1
1.47343	ftp	536	1
1.47422	video	45	1
1.47665	video	250	1
1.4774	video	40	1
1.47816	video	40	1
1.48288	ftp	536	1
1.4876	ftp	536	1
1.48844	video	51	1
1.48933	video	58	1
1.49176	video	250	1
1.49648	ftp	536	1
1.5012	ftp	536	1
1.50228	video	81	1
1.507	ftp	536	1
1.51172	ftp	536	1
1.51283	gaming	84	2
1.51463	gaming	171	1
1.51935	ftp	536	1
1.52407	ftp	536	1
1.52879	ftp	536	1
1.53351	ftp	536	1
1.53406	voip	15	1
1.53461	voip	15	2
1.53933	ftp	536	1
1.54405	ftp	536	1
1.54877	ftp	536	1
1.55349	ftp	536	1
1.55821	ftp	536	1
1.56293	ftp	536	1
1.56765	ftp	536	1
1.56902	gaming	117	1
1.57374	ftp	536	1
1.57846	ftp	536	1
1.5799	gaming	126	2
1.58462	ftp	536	1
1.58934	ftp	536	1
1.59406	ftp	536	1
1.59878	ftp	536	1
1.60121	video	250	1
1.60308	video	179	1
1.6078	ftp	536	1
1.61252	ftp	536	1
1.61331	video	45	1
1.61457	video	104	1
1.61929	ftp	536	1
1.62401	ftp	536	1
1.62505	video	76	1
1.6268	gaming	165	1
1.6276	video	46	1
1.63232	ftp	536	1
1.63704	ftp	536	1
1.63792	video	56	1
1.6387	video	43	1
1.64095	gaming	227	2
1.6422	video	102	1
1.64692	ftp	536	1
1.65164	ftp	536	1
1.65407	video	250	1
1.65482	video	40	1
1.65954	ftp	536	1
1.66426	ftp	536	1
1.66898	ftp	536	1
1.67141	video	250	1
1.67232	video	60	1
1.67704	ftp	536	1
1.68176	ftp	536	1
1.68289	video	87	1
1.68761	ftp	536	1
1.69233	ftp	536	1
1.69339	video	78	1
1.69415	video	41	1
1.69887	ftp	536	1
1.70359	ftp	536	1
1.70555	gaming	191	2
1.70756	gaming	197	1
1.70866	video	84	1
1.71338	ftp	536	1
1.7181	ftp	536	1
1.71889	video	45	1
1.71944	voip	15	1
1.72	voip	15	2
1.7208	video	46	1
1.72167	video	55	1
1.72639	ftp	536	1
1.73111	ftp	536	1
1.73583	ftp	536	1
1.74055	ftp	536	1
1.74164	gaming	82	2
1.74636	ftp	536	1
1.75108	ftp	536	1
1.75244	gaming	117	1
1.75716	ftp	536	1
1.76188	ftp	536	1
1.7666	ftp	536	1
1.77132	ftp	536	1
1.77604	ftp	536	1
1.78076	ftp	536	1
1.78548	ftp	536	1
1.7902	ftp	536	1
1.79492	ftp	536	1
1.79694	gaming	198	2
1.80166	ftp	536	1
1.80638	ftp	536	1
1.8084	gaming	198	1
1.81312	ftp	536	1
1.81784	ftp	536	1
1.82027	video	250	1
1.82113	video	54	1
1.82585	ftp	536	1
1.83057	ftp	536	1
1.83148	video	59	1
1.83248	video	72	1
1.83335	video	54	1
1.83807	ftp	536	1
1.84279	ftp	536	1
1.84409	video	109	1
1.84881	ftp	536	1
1.85353	ftp	536	1
1.85433	video	46	1
1.85511	video	43	1
1.85648	gaming	118	2
1.85737	video	57	1
1.86209	ftp	536	1
1.86681	ftp	536	1
1.86844	video	149	1
1.86921	video	43	1
1.8714	gaming	219	1
1.87248	video	82	1
1.8772	ftp	536	1
1.88192	ftp	536	1
1.88345	video	137	1
1.884	voip	15	1
1.88476	voip	40	2
1.88561	video	53	1
1.88686	video	102	1
1.89158	ftp	536	1
1.8963	ftp	536	1
1.89873	video	250	1
1.90345	ftp	536	1
1.90817	ftp	536	1
1.91289	ftp	536	1
1.91364	voip	40	2
1.91448	video	51	1
1.91662	gaming	213	2
1.91905	video	250	1
1.92377	ftp	536	1
1.92849	ftp	536	1
1.93013	gaming	151	1
1.93112	video	70	1
1.93584	ftp	536	1
1.94056	ftp	536	1
1.94176	video	95	1
1.94251	voip	40	2
1.94723	ftp	536	1
1.95195	ftp	536	1
1.95667	ftp	536	1
1.96139	ftp	536	1
1.96214	voip	40	2
1.96686	ftp	536	1
1.97158	ftp	536	1
1.97274	gaming	91	2
1.97746	ftp	536	1
1.98218	ftp	536	1
1.98354	gaming	116	1
1.98429	voip	40	2
1.98901	ftp	536	1
1.99373	ftp	536	1
1.99845	ftp	536	1
2.00317	ftp	536	1
2.00789	ftp	536	1
2.01261	ftp	536	1
2.01336	voip	40	2
2.01808	ftp	536	1
2.0228	ftp	536	1
2.02752	ftp	536	1
2.03224	ftp	536	1
2.03696	ftp	536	1
2.03818	gaming	98	2
2.03911	video	62	1
2.03999	video	56	1
2.04074	voip	40	2
2.04546	ftp	536	1
2.05018	ftp	536	1
2.05288	gaming	283	1
2.05343	voip	15	1
2.05586	video	250	1
2.06058	ftp	536	1
2.0653	ftp	536	1
2.06711	video	172	1
2.07183	ftp	536	1
2.07655	ftp	536	1
2.0773	voip	40	2
2.07973	video	250	1
2.08072	video	69	1
2.08544	ftp	536	1
2.09016	ftp	536	1
2.09094	video	44	1
2.09307	video	212	1
2.09779	ftp	536	1
2.10251	ftp	536	1
2.1037	video	95	1
2.10452	video	48	1
2.10571	gaming	95	1
2.10673	video	74	1
2.10833	gaming	146	2
2.10908	voip	40	2
2.11074	video	153	1
2.11546	ftp	536	1
2.12018	ftp	536	1
2.12109	video	60	1
2.12581	ftp	536	1
2.13053	ftp	536	1
2.13132	video	44	1
2.13222	video	59	1
2.13297	voip	40	2
2.13769	ftp	536	1
2.14241	ftp	536	1
2.14416	video	164	1
2.14491	video	40	1
2.14584	video	62	1
2.1466	video	41	1
2.15132	ftp	536	1
2.15604	ftp	536	1
2.16076	ftp	536	1
2.16156	video	46	1
2.16231	voip	40	2
2.16392	gaming	147	1
2.16576	gaming	176	2
2.17048	ftp	536	1
2.1752	ftp	536	1
2.17992	ftp	536	1
2.18464	ftp	536	1
2.18539	voip	40	2
2.19011	ftp	536	1
2.19483	ftp	536	1
2.19955	ftp	536	1
2.20427	ftp	536	1
2.20502	voip	40	2
2.20974	ftp	536	1
2.21446	ftp	536	1
2.21501	voip	15	1
2.21715	gaming	213	1
2.21863	gaming	131	2
2.22335	ftp	536	1
2.22807	ftp	536	1
2.23279	ftp	536	1
2.23751	ftp	536	1
2.23826	voip	40	2
2.24298	ftp	536	1
2.2477	ftp	536	1
2.25013	video	250	1
2.25485	ftp	536	1
2.25957	ftp	536	1
2.26032	video	40	1
2.26108	voip	40	2
2.26236	video	107	1
2.2634	video	76	1
2.26812	ftp	536	1
2.27284	ftp	536	1
2.27756	ftp	536	1
2.27832	video	40	1
2.27961	gaming	108	2
2.28433	ftp	536	1
2.28905	ftp	536	1
2.28997	gaming	61	1
2.29083	video	53	1
2.29555	ftp	536	1
2.30027	ftp	536	1
2.30161	video	114	1
2.30236	voip	40	2
2.30444	video	205	1
2.30916	ftp	536	1
2.31388	ftp	536	1
2.31487	video	70	1
2.31959	ftp	536	1
2.32431	ftp	536	1
2.32528	video	67	1
2.32612	video	52	1
2.32688	voip	40	2
2.3316	ftp	536	1
2.33632	ftp	536	1
2.33761	video	108	1
2.33973	video	211	1
2.34052	video	44	1
2.34524	ftp	536	1
2.34996	ftp	536	1
2.35181	gaming	178	1
2.3526	video	45	1
2.35422	gaming	148	2
2.35665	video	250	1
2.3574	voip	40	2
2.36212	ftp	536	1
2.36684	ftp	536	1
2.36769	video	52	1
2.37241	ftp	536	1
2.37713	ftp	536	1
2.37802	video	57	1
2.37877	voip	40	2
2.38349	ftp	536	1
2.38821	ftp	536	1
2.38876	voip	15	1
2.39024	video	131	1
2.39237	video	212	1
2.39353	gaming	91	1
2.39825	ftp	536	1
2.40297	ftp	536	1
2.40769	ftp	536	1
2.40844	voip	40	2
2.41316	ftp	536	1
2.41788	ftp	536	1
2.41916	gaming	106	2
2.42388	ftp	536	1
2.4286	ftp	536	1
2.42936	voip	40	2
2.43408	ftp	536	1
2.4388	ftp	536	1
2.44352	ftp	536	1
2.44824	ftp	536	1
2.44946	gaming	99	1
2.45021	voip	40	2
2.45493	ftp	536	1
2.45965	ftp	536	1
2.46072	gaming	79	2
2.46544	ftp	536	1
2.47016	ftp	536	1
2.47488	ftp	536	1
2.4796	ftp	536	1
2.48035	voip	40	2
2.48507	ftp	536	1
2.48979	ftp	536	1
2.4915	video	160	1
2.49227	video	42	1
2.49699	ftp	536	1
2.50171	ftp	536	1
2.503	gaming	107	1
2.504	video	72	1
2.50476	voip	40	2
2.50661	video	178	1
2.51133	ftp	536	1
2.51605	ftp	536	1
2.52077	ftp	536	1
2.52212	gaming	114	2
2.52292	video	47	1
2.52764	ftp	536	1
2.53236	ftp	536	1
2.5348	video	250	1
2.53952	ftp	536	1
2.54424	ftp	536	1
2.54667	video	250	1
2.54742	voip	40	2
2.55214	ftp	536	1
2.55686	ftp	536	1
2.55785	video	70	1
2.5584	voip	15	1
2.55926	video	53	1
2.56002	video	41	1
2.56474	ftp	536	1
2.56946	ftp	536	1
2.57021	voip	40	2
2.57097	video	41	1
2.5723	video	112	1
2.57354	gaming	101	2
2.5743	video	41	1
2.57902	ftp	536	1
2.58374	ftp	536	1
2.58471	video	67	1
2.58612	gaming	123	1
2.59084	ftp	536	1
2.59556	ftp	536	1
2.59665	video	82	1
2.5974	voip	40	2
2.5998	video	245	1
2.60135	video	140	1
2.60212	video	42	1
2.60684	ftp	536	1
2.61156	ftp	536	1
2.61628	ftp	536	1
2.621	ftp	536	1
2.6219	video	59	1
2.62266	video	41	1
2.62341	voip	40	2
2.62503	gaming	148	2
2.62975	ftp	536	1
2.63447	ftp	536	1
2.63574	gaming	105	1
2.64046	ftp	536	1
2.64518	ftp	536	1
2.6499	ftp	536	1
2.65065	voip	40	2
2.65537	ftp	536	1
2.66009	ftp	536	1
2.66481	ftp	536	1
2.66953	ftp	536	1
2.67028	voip	40	2
2.675	ftp	536	1
2.67972	ftp	536	1
2.68103	gaming	109	1
2.68575	ftp	536	1
2.69047	ftp	536	1
2.69168	gaming	97	2
2.6964	ftp	536	1
2.70112	ftp	536	1
2.70187	voip	40	2
2.70659	ftp	536	1
2.71131	ftp	536	1
2.71186	voip	15	1
2.71261	video	40	1
2.71733	ftp	536	1
2.72205	ftp	536	1
2.72354	video	132	1
2.72436	video	48	1
2.72511	voip	40	2
2.726	video	57	1
2.73072	ftp	536	1
2.73544	ftp	536	1
2.7362	video	42	1
2.74092	ftp	536	1
2.74564	ftp	536	1
2.747	gaming	115	1
2.74832	video	111	1
2.75304	ftp	536	1
2.75776	ftp	536	1
2.76248	ftp	536	1
2.76323	voip	40	2
2.7642	video	68	1
2.76516	video	65	1
2.7661	video	64	1
2.76697	video	55	1
2.76855	gaming	143	2
2.77327	ftp	536	1
2.77402	voip	40	2
2.77482	video	46	1
2.7758	video	68	1
2.77748	video	156	1
2.77896	video	131	1
2.77978	video	49	1
2.7845	ftp	536	1
2.78922	ftp	536	1
2.79394	ftp	536	1
2.79496	video	73	1
2.79576	video	47	1
2.79664	video	56	1
2.7974	voip	40	2
2.79872	video	111	1
2.80024	gaming	137	1
2.80101	video	42	1
2.80573	ftp	536	1
2.81045	ftp	536	1
2.8112	voip	40	2
2.81333	gaming	212	2
2.81805	ftp	536	1
2.82277	ftp	536	1
2.82749	ftp	536	1
2.83221	ftp	536	1
2.83693	ftp	536	1
2.84165	ftp	536	1
2.84637	ftp	536	1
2.85109	ftp	536	1
2.85184	voip	40	2
2.85656	ftp	536	1
2.86128	ftp	536	1
2.866	ftp	536	1
2.8672	gaming	96	1
2.87192	ftp	536	1
2.87664	ftp	536	1
2.88136	ftp	536	1
2.88608	ftp	536	1
2.88664	voip	15	1
2.89136	ftp	536	1
2.89608	ftp	536	1
2.89683	voip	40	2
2.89814	gaming	110	2
2.90286	ftp	536	1
2.90758	ftp	536	1
2.9123	ftp	536	1
2.91702	ftp	536	1
2.91876	gaming	163	1
2.91951	voip	40	2
2.92083	video	111	1
2.92158	video	40	1
2.9263	ftp	536	1
2.93102	ftp	536	1
2.93298	video	191	1
2.9348	video	174	1
2.93952	ftp	536	1
2.94424	ftp	536	1
2.94519	video	64	1
2.94594	voip	40	2
2.94934	gaming	371	2
2.95406	ftp	536	1
2.95878	ftp	536	1
2.95964	video	54	1
2.96436	ftp	536	1
2.96908	ftp	536	1
2.9702	video	86	1
2.97122	video	73	1
2.97204	video	49	1
2.97676	ftp	536	1
2.98148	ftp	536	1
2.9862	ftp	536	1
2.98696	voip	40	2
2.98827	gaming	110	1
2.98943	video	91	1
2.99111	video	156	1
2.99312	gaming	198	2
2.99424	video	85	1
2.995	video	42	1
2.99654	video	138	1
2.99773	video	95	1
2.99895	video	98	1
2.99975	video	46	1
3.00447	ftp	536	1
3.00919	ftp	536	1
3.01391	ftp	536	1
3.01466	voip	40	2
3.01541	voip	40	2
3.01621	video	46	1
3.01744	video	99	1
3.01799	voip	15	1
3.01943	video	126	1
3.02061	gaming	94	1
3.02136	voip	40	2
3.02284	gaming	131	2
3.02756	ftp	536	1
3.03228	ftp	536	1
3.037	ftp	536	1
3.04172	ftp	536	1
3.04644	ftp	536	1
3.05116	ftp	536	1
3.05588	ftp	536	1
3.0606	ftp	536	1
3.06532	ftp	536	1
3.07004	ftp	536	1
3.07476	ftp	536	1
3.07948	ftp	536	1
3.08024	voip	40	2
3.08496	ftp	536	1
3.08968	ftp	536	1
3.0944	ftp	536	1
3.09912	ftp	536	1
3.10384	ftp	536	1
3.10532	gaming	131	1
3.10607	voip	40	2
3.11079	ftp	536	1
3.11551	ftp	536	1
3.11726	gaming	165	2
3.12198	ftp	536	1
3.1267	ftp	536	1
3.13142	ftp	536	1
3.13219	video	42	1
3.13691	ftp	536	1
3.14163	ftp	536	1
3.1424	video	42	1
3.14315	voip	40	2
3.144	video	52	1
3.14872	ftp	536	1
3.15344	ftp	536	1
3.15468	video	102	1
3.15544	video	40	1
3.15621	video	43	1
3.15764	video	125	1
3.15863	video	69	1
3.16106	video	250	1
3.16181	voip	40	2
3.16359	gaming	168	2
3.16831	ftp	536	1
3.17074	video	250	1
3.17317	video	250	1
3.17496	gaming	170	1
3.17572	voip	40	2
3.18044	ftp	536	1
3.18516	ftp	536	1
3.18988	ftp	536	1
3.19077	video	58	1
3.19132	voip	15	1
3.19208	voip	40	2
3.19355	gaming	130	2
3.19491	video	116	1
3.19656	video	153	1
3.199	video	250	1
3.20004	video	76	1
3.20104	video	71	1
3.20307	video	200	1
3.20437	video	109	1
3.20516	video	44	1
3.20988	ftp	536	1
3.2146	ftp	536	1
3.21535	voip	40	2
3.22007	ftp	536	1
3.22479	ftp	536	1
3.22628	gaming	133	1
3.231	ftp	536	1
3.23572	ftp	536	1
3.23648	voip	40	2
3.2412	ftp	536	1
3.24592	ftp	536	1
3.25064	ftp	536	1
3.25536	ftp	536	1
3.26628	gaming	132	2
3.27176	voip	40	2
3.31591	gaming	155	1
3.3261	voip	40	2
3.33797	video	250	1
3.33896	video	70	1
3.34974	gaming	113	2
3.35049	voip	40	2
3.35157	video	81	1
3.36204	video	74	1
3.36308	video	77	1
3.37964	video	245	1
3.38064	video	71	1
3.38139	video	40	1
3.38217	video	44	1
3.38272	voip	15	1
3.38348	voip	40	2
3.3852	gaming	162	1
3.38656	gaming	116	2
3.40156	video	51	1
3.40259	video	74	1
3.40417	video	144	1
3.4066	video	250	1
3.40768	video	80	1
3.4086	video	62	1
3.40936	voip	40	2
3.41011	voip	40	2
3.41137	gaming	104	1
3.42324	video	250	1
3.42416	video	61	1
3.42492	voip	40	2
3.42607	gaming	90	2
3.42793	video	179	1
3.42868	video	40	1
3.42946	video	43	1
3.45424	gaming	94	1
3.45972	voip	40	2
3.50827	gaming	115	2
3.50902	voip	40	2
3.53317	voip	15	1
3.53392	voip	40	2
3.54449	gaming	87	1
3.56546	video	207	1
3.56621	voip	40	2
3.57803	video	243	1
3.58507	gaming	236	2
3.58592	video	52	1
3.58693	video	73	1
3.58768	voip	40	2
3.58929	gaming	147	1
3.59172	video	250	1
3.59251	video	44	1
3.5934	video	57	1
3.59447	video	80	1
3.59544	video	67	1
3.59623	video	45	1
3.59866	video	250	1
3.6081	ftp	24120	1
3.60905	gaming	65	2
3.6098	voip	40	2
3.61056	voip	40	2
3.612	gaming	127	1
3.61281	video	47	1
3.61362	video	47	1
3.61545	video	175	1
3.61633	video	56	1
3.61848	video	214	1
3.61952	video	77	1
3.62031	video	44	1
3.62106	voip	40	2
3.62319	video	212	1
3.62907	video	91	1
3.65342	voip	40	2
3.65475	gaming	112	1
3.66002	voip	15	1
3.67135	gaming	182	2
3.70042	voip	40	2
3.70589	voip	40	2
3.71252	gaming	185	2
3.72356	gaming	145	1
3.72431	voip	40	2
3.72979	video	41	1
3.73106	video	105	1
3.73659	video	47	1
3.73754	video	65	1
3.73832	video	44	1
3.7486	video	51	1
3.74936	voip	40	2
3.75522	video	89	1
3.76107	gaming	87	2
3.76659	video	46	1
3.76902	video	250	1
3.77477	video	75	1
3.77552	voip	40	2
3.77796	video	250	1
3.77877	video	48	1
3.77971	video	63	1
3.78664	video	222	1
3.78832	gaming	157	1
3.78959	video	104	1
3.79431	ftp	23584	1
3.79508	video	43	1
3.79588	video	45	1
3.8006	ftp	536	1
3.80135	voip	40	2
3.80234	video	70	1
3.80328	video	63	1
3.80421	video	63	1
3.80476	voip	15	1
3.80948	ftp	536	1
3.8142	ftp	536	1
3.81496	voip	40	2
3.81968	ftp	536	1
3.82128	gaming	146	2
3.826	ftp	536	1
3.83072	ftp	536	1
3.83544	ftp	536	1
3.84016	ftp	536	1
3.84488	ftp	536	1
3.8496	ftp	536	1
3.85035	voip	40	2
3.8515	gaming	90	1
3.85622	ftp	536	1
3.86094	ftp	536	1
3.86169	voip	40	2
3.86365	gaming	191	2
3.86837	ftp	536	1
3.87309	ftp	536	1
3.87781	ftp	536	1
3.87856	voip	40	2
3.88328	ftp	536	1
3.88458	video	108	1
3.8893	ftp	536	1
3.89092	gaming	149	1
3.89564	ftp	536	1
3.89656	video	61	1
3.90128	ftp	536	1
3.90206	video	43	1
3.90678	ftp	536	1
3.90756	video	43	1
3.90831	voip	40	2
3.91303	ftp	536	1
3.9146	gaming	143	2
3.91932	ftp	536	1
3.92014	video	48	1
3.92486	ftp	536	1
3.92568	video	49	1
3.9304	ftp	536	1
3.93156	video	90	1
3.93628	ftp	536	1
3.93703	voip	40	2
3.94175	ftp	536	1
3.94256	video	47	1
3.94728	ftp	536	1
3.94783	voip	15	1
3.94863	video	46	1
3.95335	ftp	536	1
3.95416	video	48	1
3.95572	gaming	141	1
3.96044	ftp	536	1
3.96516	ftp	536	1
3.96597	video	47	1
3.96672	voip	40	2
3.9682	video	130	1
3.97292	ftp	536	1
3.97764	ftp	536	1
3.97928	gaming	151	2
3.98015	video	55	1
3.98487	ftp	536	1
3.98574	video	55	1
3.98681	video	80	1
3.99153	ftp	536	1
3.99243	video	58	1
3.99318	voip	40	2
3.9979	ftp	536	1
4.00033	video	250	1
4.00505	ftp	536	1
4.00596	video	60	1
4.01068	ftp	536	1
4.01144	video	41	1
4.01221	video	42	1
4.01693	ftp	536	1
4.01796	gaming	74	1
4.01871	voip	40	2
4.02343	ftp	536	1
4.02507	gaming	151	2
4.02979	ftp	536	1
4.03451	ftp	536	1
4.03923	ftp	536	1
4.03998	voip	40	2
4.0447	ftp	536	1
4.04942	ftp	536	1
4.05414	ftp	536	1
4.05886	ftp	536	1
4.05961	voip	40	2
4.06091	gaming	108	1
4.06563	ftp	536	1
4.07035	ftp	536	1
4.07507	ftp	536	1
4.07979	ftp	536	1
4.08451	ftp	536	1
4.08923	ftp	536	1
4.08998	voip	40	2
4.09157	gaming	145	2
4.09629	ftp	536	1
4.10101	ftp	536	1
4.10176	voip	40	1
4.1042	video	250	1
4.1052	video	71	1
4.10992	ftp	536	1
4.11464	ftp	536	1
4.11585	gaming	98	1
4.1166	voip	40	2
4.1179	video	108	1
4.12262	ftp	536	1
4.12734	ftp	536	1
4.12891	video	142	1
4.12974	video	50	1
4.13049	voip	40	1
4.13132	video	49	1
4.13224	video	61	1
4.13696	ftp	536	1
4.14168	ftp	536	1
4.14254	video	54	1
4.14347	video	62	1
4.14512	gaming	152	2
4.14587	voip	40	2
4.14674	video	55	1
4.15146	ftp	536	1
4.15618	ftp	536	1
4.15769	video	135	1
4.16012	video	250	1
4.16088	voip	40	1
4.16209	video	98	1
4.16303	video	63	1
4.16775	ftp	536	1
4.17247	ftp	536	1
4.1745	video	200	1
4.17541	video	60	1
4.18013	ftp	536	1
4.18485	ftp	536	1
4.18957	ftp	536	1
4.19032	voip	40	2
4.19109	video	42	1
4.19247	gaming	118	1
4.19322	voip	40	1
4.19794	ftp	536	1
4.20266	ftp	536	1
4.20348	video	49	1
4.20487	gaming	119	2
4.20959	ftp	536	1
4.21431	ftp	536	1
4.21674	video	250	1
4.21749	voip	40	2
4.22221	ftp	536	1
4.22693	ftp	536	1
4.22768	voip	40	1
4.22845	video	42	1
4.23317	ftp	536	1
4.23789	ftp	536	1
4.23864	voip	40	2
4.23993	gaming	107	1
4.24465	ftp	536	1
4.24937	ftp	536	1
4.25012	voip	40	1
4.25484	ftp	536	1
4.25956	ftp	536	1
4.26428	ftp	536	1
4.26601	gaming	162	2
4.26676	voip	40	2
4.27148	ftp	536	1
4.2762	ftp	536	1
4.27696	voip	40	1
4.28168	ftp	536	1
4.2864	ftp	536	1
4.28715	voip	40	2
4.29187	ftp	536	1
4.29659	ftp	536	1
4.29734	voip	40	1
4.30206	ftp	536	1
4.30678	ftp	536	1
4.30824	gaming	129	1
4.30965	gaming	122	2
4.31437	ftp	536	1
4.31909	ftp	536	1
4.31984	voip	40	2
4.32067	video	49	1
4.32539	ftp	536	1
4.33011	ftp	536	1
4.33086	voip	40	1
4.33558	ftp	536	1
4.3403	ftp	536	1
4.34502	ftp	536	1
4.34579	video	42	1
4.34669	video	59	1
4.34744	voip	40	2
4.34984	video	245	1
4.35456	ftp	536	1
4.35928	ftp	536	1
4.36006	video	44	1
4.36249	video	250	1
4.36344	video	64	1
4.36419	voip	40	1
4.36504	video	52	1
4.36976	ftp	536	1
4.37448	ftp	536	1
4.37539	video	60	1
4.37677	gaming	119	2
4.37772	video	64	1
4.37993	gaming	223	1
4.38068	voip	40	2
4.3854	ftp	536	1
4.39012	ftp	536	1
4.39099	video	54	1
4.39174	voip	40	1
4.39328	video	139	1
4.398	ftp	536	1
4.40272	ftp	536	1
4.40348	video	40	1
4.40423	video	40	1
4.40498	voip	40	2
4.4097	ftp	536	1
4.41442	ftp	536	1
4.41543	video	72	1
4.41618	voip	40	1
4.41716	video	68	1
4.42188	ftp	536	1
4.4266	ftp	536	1
4.42789	gaming	108	2
4.43032	video	250	1
4.43108	voip	40	2
4.4321	video	74	1
4.43293	video	50	1
4.43765	ftp	536	1
4.44237	ftp	536	1
4.44404	gaming	154	1
4.44479	voip	40	1
4.44557	video	44	1
4.45029	ftp	536	1
4.45501	ftp	536	1
4.45576	voip	40	2
4.46048	ftp	536	1
4.4652	ftp	536	1
4.46596	voip	40	1
4.47068	ftp	536	1
4.4754	ftp	536	1
4.48012	ftp	536	1
4.48169	gaming	143	2
4.48244	voip	40	2
4.48716	ftp	536	1
4.49188	ftp	536	1
4.49359	gaming	159	1
4.49434	voip	40	1
4.49906	ftp	536	1
4.50378	ftp	536	1
4.5085	ftp	536	1
4.51322	ftp	536	1
4.51397	voip	40	2
4.51869	ftp	536	1
4.52341	ftp	536	1
4.52416	voip	40	1
4.52888	ftp	536	1
4.5336	ftp	536	1
4.53496	gaming	115	2
4.53571	voip	40	2
4.54043	ftp	536	1
4.54515	ftp	536	1
4.5459	voip	40	1
4.54732	gaming	124	1
4.5484	video	81	1
4.55312	ftp	536	1
4.55784	ftp	536	1
4.56256	ftp	536	1
4.56728	ftp	536	1
4.56828	video	71	1
4.56904	voip	40	2
4.57376	ftp	536	1
4.57848	ftp	536	1
4.57928	video	46	1
4.58003	voip	40	1
4.5809	video	55	1
4.58175	video	52	1
4.58647	ftp	536	1
4.59119	ftp	536	1
4.59226	video	80	1
4.59371	gaming	127	2
4.59446	voip	40	2
4.59536	video	59	1
4.59622	video	53	1
4.60094	ftp	536	1
4.60566	ftp	536	1
4.60641	voip	40	1
4.61113	ftp	536	1
4.61248	gaming	115	1
4.61331	video	49	1
4.61803	ftp	536	1
4.61895	video	61	1
4.62367	ftp	536	1
4.62451	video	51	1
4.62527	video	41	1
4.62652	video	103	1
4.62728	voip	40	2
4.62803	voip	40	1
4.63275	ftp	536	1
4.63747	ftp	536	1
4.6399	video	250	1
4.64462	ftp	536	1
4.64934	ftp	536	1
4.65095	gaming	147	2
4.6517	voip	40	2
4.65269	video	70	1
4.65741	ftp	536	1
4.66213	ftp	536	1
4.66288	voip	40	1
4.66391	gaming	74	1
4.66467	video	41	1
4.6671	video	250	1
4.66871	video	147	1
4.66959	video	56	1
4.67135	video	166	1
4.6721	voip	40	2
4.67682	ftp	536	1
4.68154	ftp	536	1
4.68229	voip	40	1
4.68701	ftp	536	1
4.69173	ftp	536	1
4.69645	ftp	536	1
4.70117	ftp	536	1
4.70291	gaming	163	2
4.70366	voip	40	2
4.70838	ftp	536	1
4.7131	ftp	536	1
4.71782	ftp	536	1
4.71857	voip	40	1
4.72042	gaming	177	1
4.72514	ftp	536	1
4.72986	ftp	536	1
4.73061	voip	40	2
4.73533	ftp	536	1
4.74005	ftp	536	1
4.7408	voip	40	1
4.74552	ftp	536	1
4.75024	ftp	536	1
4.75496	ftp	536	1
4.75968	ftp	536	1
4.76044	voip	40	2
4.76168	gaming	101	1
4.76243	voip	40	1
4.76715	ftp	536	1
4.77187	ftp	536	1
4.77343	gaming	141	2
4.7755	video	205	1
4.78022	ftp	536	1
4.78494	ftp	536	1
4.78609	video	90	1
4.78684	voip	40	2
4.78771	video	54	1
4.78879	video	81	1
4.79351	ftp	536	1
4.79823	ftp	536	1
4.79898	voip	40	1
4.8037	ftp	536	1
4.80842	ftp	536	1
4.80934	video	61	1
4.81165	video	235	1
4.8124	voip	40	2
4.81712	ftp	536	1
4.81832	gaming	95	1
4.81907	voip	40	1
4.81995	video	56	1
4.82238	video	250	1
4.8271	ftp	536	1
4.82796	video	53	1
4.82948	video	137	1
4.83024	video	40	1
4.83099	voip	40	2
4.83278	gaming	170	2
4.83353	voip	40	1
4.83825	ftp	536	1
4.84297	ftp	536	1
4.84425	video	106	1
4.84897	ftp	536	1
4.85369	ftp	536	1
4.85464	video	64	1
4.85548	video	52	1
4.85624	voip	40	2
4.86096	ftp	536	1
4.86176	video	46	1
4.86648	ftp	536	1
4.8712	ftp	536	1
4.87195	voip	40	1
4.87357	gaming	149	1
4.8746	video	75	1
4.8754	video	45	1
4.87624	video	52	1
4.87716	video	60	1
4.87791	voip	40	2
4.87894	video	75	1
4.88366	ftp	536	1
4.88441	voip	40	1
4.88578	gaming	117	2
4.8905	ftp	536	1
4.89522	ftp	536	1
4.89994	ftp	536	1
4.90466	ftp	536	1
4.90938	ftp	536	1
4.9141	ftp	536	1
4.91485	voip	40	2
4.91957	ftp	536	1
4.92032	voip	40	1
4.92504	ftp	536	1
4.92976	ftp	536	1
4.93448	ftp	536	1
4.93632	gaming	175	1
4.94104	ftp	536	1
4.94576	ftp	536	1
4.95048	ftp	536	1
4.95123	voip	40	2
4.95595	ftp	536	1
4.9567	voip	40	1
4.96142	ftp	536	1
4.96614	ftp	536	1
4.9678	gaming	153	2
4.97252	ftp	536	1
4.97724	ftp	536	1
4.97799	voip	40	2
4.98271	ftp	536	1
4.98743	ftp	536	1
4.98818	voip	40	1
4.9929	ftp	536	1
4.99762	ftp	536	1
4.99837	video	40	1
4.99912	video	40	1
4.99988	voip	40	2
5.0046	ftp	536	1
5.00932	ftp	536	1
5.01022	video	59	1
5.0115	video	106	1
5.0123	video	46	1
5.01342	video	86	1
5.01441	video	70	1
5.01609	gaming	156	1
5.01748	gaming	119	2
5.01823	voip	40	1
5.01898	voip	40	2
5.0237	ftp	536	1
5.02613	video	250	1
5.02797	video	176	1
5.03001	video	201	1
5.03093	video	61	1
5.03168	voip	40	2
5.03244	voip	40	1
5.03716	ftp	536	1
5.04188	ftp	536	1
5.04328	gaming	122	1
5.04404	voip	40	1
5.04876	ftp	536	1
5.04968	video	62	1
5.05044	video	41	1
5.05124	video	46	1
5.052	voip	40	2
5.05311	video	85	1
5.05452	gaming	123	2
5.05535	video	49	1
5.05639	video	76	1
5.05736	video	68	1
5.05812	voip	40	1
5.06284	ftp	536	1
5.06756	ftp	536	1
5.07228	ftp	536	1
5.077	ftp	536	1
5.08172	ftp	536	1
5.083	video	106	1
5.08392	video	61	1
5.08467	voip	40	2
5.08939	ftp	536	1
5.09411	ftp	536	1
5.09883	ftp	536	1
5.10355	ftp	536	1
5.1043	voip	40	1
5.10902	ftp	536	1
5.11374	ftp	536	1
5.11529	gaming	140	1
5.11604	voip	40	2
5.1172	gaming	91	2
5.12192	ftp	536	1
5.12664	ftp	536	1
5.1274	voip	40	1
5.16591	voip	40	2
5.1761	voip	40	1
5.18629	voip	40	2
5.19733	gaming	146	2
5.19844	gaming	84	1
5.19919	voip	40	1
5.21952	video	127	1
5.22027	voip	40	2
5.22574	voip	40	1
5.22769	video	190	1
5.22874	video	77	1
5.23589	video	250	1
5.23664	voip	40	2
5.24212	voip	40	1
5.24785	gaming	73	1
5.24933	gaming	131	2
5.25033	video	71	1
5.25176	video	124	1
5.25256	video	46	1
5.25388	video	111	1
5.25472	video	51	1
5.25715	video	250	1
5.25794	video	45	1
5.25888	video	63	1
5.26094	video	204	1
5.26169	voip	40	2
5.26244	voip	40	2
5.2632	voip	40	1
5.2737	video	79	1
5.27469	video	70	1
5.27548	video	44	1
5.27623	voip	40	1
5.27792	video	157	1
5.27895	video	75	1
5.27996	gaming	73	1
5.28081	video	52	1
5.28164	video	49	1
5.30127	voip	40	2
5.30266	gaming	120	2
5.30813	voip	40	1
5.35608	voip	40	2
5.36628	voip	40	1
5.377	gaming	107	1
5.37776	voip	40	2
5.37937	gaming	148	2
5.38956	voip	40	1
5.4092	voip	40	2
5.41	video	46	1
5.41075	voip	40	1
5.42111	video	61	1
5.42354	video	250	1
5.42513	gaming	145	1
5.42588	voip	40	2
5.42808	gaming	221	2
5.42895	video	54	1
5.43058	video	150	1
5.43209	video	135	1
5.43287	video	43	1
5.43362	voip	40	1
5.43453	video	60	1
5.43538	video	52	1
5.43613	voip	40	1
5.4416	voip	40	2
5.44238	video	43	1
5.44372	gaming	113	2
5.44427	voip	15	2
5.44585	gaming	144	1
5.44828	video	250	1
5.44905	video	42	1
5.4498	voip	40	1
5.451	video	96	1
5.45291	video	184	1
5.45382	video	60	1
5.45525	video	125	1
5.45601	video	41	1
5.47017	ftp	29480	1
5.47153	video	116	1
5.47228	voip	40	1
5.477	ftp	536	1
5.48172	ftp	536	1
5.48319	video	129	1
5.48791	ftp	536	1
5.48949	gaming	144	1
5.49038	video	57	1
5.4951	ftp	536	1
5.49982	ftp	536	1
5.50454	ftp	536	1
5.50926	ftp	536	1
5.51001	voip	40	1
5.51473	ftp	536	1
5.51647	gaming	163	2
5.52119	ftp	536	1
5.52591	ftp	536	1
5.53063	ftp	536	1
5.53535	ftp	536	1
5.54007	ftp	536	1
5.54082	voip	40	1
5.54554	ftp	536	1
5.55026	ftp	536	1
5.55498	ftp	536	1
5.5564	gaming	124	1
5.55716	voip	40	1
5.56188	ftp	536	1
5.56415	gaming	230	2
5.56887	ftp	536	1
5.57359	ftp	536	1
5.57434	voip	40	1
5.57906	ftp	536	1
5.58378	ftp	536	1
5.58454	video	41	1
5.58926	ftp	536	1
5.58981	voip	15	2
5.59453	ftp	536	1
5.59578	gaming	102	1
5.59664	video	54	1
5.5974	voip	40	1
5.60212	ftp	536	1
5.60684	ftp	536	1
5.60818	video	114	1
5.60894	video	41	1
5.60969	voip	40	1
5.61441	ftp	536	1
5.61684	video	250	1
5.62156	ftp	536	1
5.62311	gaming	139	2
5.62783	ftp	536	1
5.62878	video	65	1
5.6335	ftp	536	1
5.63593	video	250	1
5.64065	ftp	536	1
5.64152	video	54	1
5.64624	ftp	536	1
5.64699	voip	40	1
5.64785	video	54	1
5.64956	gaming	159	1
5.65428	ftp	536	1
5.659	ftp	536	1
5.66143	video	250	1
5.66292	video	132	1
5.66367	voip	40	1
5.66497	gaming	109	2
5.66969	ftp	536	1
5.67068	video	70	1
5.67296	video	230	1
5.67439	video	125	1
5.67911	ftp	536	1
5.67986	voip	40	1
5.68458	ftp	536	1
5.6857	video	86	1
5.68847	gaming	292	1
5.6894	video	62	1
5.69412	ftp	536	1
5.69884	ftp	536	1
5.70008	video	101	1
5.70105	video	68	1
5.70577	ftp	536	1
5.71049	ftp	536	1
5.71124	voip	40	1
5.71368	video	250	1
5.7152	video	137	1
5.71992	ftp	536	1
5.72464	ftp	536	1
5.72592	gaming	105	2
5.73064	ftp	536	1
5.73536	ftp	536	1
5.73591	voip	15	2
5.73666	voip	40	1
5.74138	ftp	536	1
5.7461	ftp	536	1
5.74781	gaming	160	1
5.75253	ftp	536	1
5.75725	ftp	536	1
5.76197	ftp	536	1
5.76669	ftp	536	1
5.76744	voip	40	1
5.77216	ftp	536	1
5.77688	ftp	536	1
5.77857	gaming	157	2
5.78329	ftp	536	1
5.78801	ftp	536	1
5.78876	voip	40	1
5.79348	ftp	536	1
5.7982	ftp	536	1
5.79978	gaming	143	1
5.8045	ftp	536	1
5.80922	ftp	536	1
5.81394	ftp	536	1
5.81866	ftp	536	1
5.82338	ftp	536	1
5.82413	voip	40	1
5.82492	video	45	1
5.82568	video	40	1
5.8272	video	136	1
5.82816	video	67	1
5.83288	ftp	536	1
5.8376	ftp	536	1
5.83852	video	60	1
5.84043	gaming	185	2
5.84515	ftp	536	1
5.84987	ftp	536	1
5.8507	video	50	1
5.85145	voip	40	1
5.8524	video	64	1
5.85329	video	58	1
5.85801	ftp	536	1
5.86273	ftp	536	1
5.86353	video	46	1
5.86825	ftp	536	1
5.87297	ftp	536	1
5.8754	video	250	1
5.87627	video	54	1
5.87702	voip	40	1
5.87828	video	103	1
5.88013	video	178	1
5.88485	ftp	536	1
5.88957	ftp	536	1
5.89236	gaming	295	1
5.8948	video	250	1
5.8961	video	109	1
5.89756	gaming	129	2
5.89872	video	91	1
5.89928	voip	15	2
5.904	ftp	536	1
5.90872	ftp	536	1
5.90971	video	70	1
5.91046	voip	40	1
5.91132	video	54	1
5.91244	video	86	1
5.91488	video	250	1
5.9196	ftp	536	1
5.92432	ftp	536	1
5.92507	voip	40	1
5.92979	ftp	536	1
5.93451	ftp	536	1
5.93923	ftp	536	1
5.94395	ftp	536	1
5.94552	gaming	142	2
5.94708	gaming	141	1
5.94763	voip	15	1
5.95235	ftp	536	1
5.95707	ftp	536	1
5.96179	ftp	536	1
5.96651	ftp	536	1
5.97123	ftp	536	1
5.97595	ftp	536	1
5.98067	ftp	536	1
5.98539	ftp	536	1
5.99011	ftp	536	1
5.99483	ftp	536	1
5.99955	ftp	536	1
6.00143	gaming	181	1
6.00265	gaming	99	2
6.00737	ftp	536	1
6.01209	ftp	536	1
6.01296	video	55	1
6.01768	ftp	536	1
6.0224	ftp	536	1
6.02394	video	138	1
6.02483	video	57	1
6.0256	video	43	1
6.03032	ftp	536	1
6.03504	ftp	536	1
6.03976	ftp	536	1
6.04448	ftp	536	1
6.04536	video	56	1
6.04653	video	92	1
6.05125	ftp	536	1
6.05597	ftp	536	1
6.05733	gaming	116	1
6.05812	video	45	1
6.0592	gaming	80	2
6.05975	voip	15	2
6.06128	video	137	1
6.066	ftp	536	1
6.07072	ftp	536	1
6.07151	video	45	1
6.07394	video	250	1
6.07866	ftp	536	1
6.08338	ftp	536	1
6.08426	video	56	1
6.08898	ftp	536	1
6.0937	ftp	536	1
6.09502	video	111	1
6.09974	ftp	536	1
6.10446	ftp	536	1
6.10523	video	42	1
6.10705	video	174	1
6.10847	gaming	123	2
6.10902	voip	15	1
6.11374	ftp	536	1
6.11846	ftp	536	1
6.11957	video	85	1
6.12107	gaming	133	1
6.12235	video	106	1
6.12356	video	98	1
6.12439	video	49	1
6.12911	ftp	536	1
6.13383	ftp	536	1
6.13476	video	62	1
6.13696	video	221	1
6.14168	ftp	536	1
6.1464	ftp	536	1
6.14782	gaming	124	2
6.15254	ftp	536	1
6.15726	ftp	536	1
6.16198	ftp	536	1
6.1667	ftp	536	1
6.16926	gaming	266	1
6.17398	ftp	536	1
6.1787	ftp	536	1
6.18342	ftp	536	1
6.18814	ftp	536	1
6.19286	ftp	536	1
6.19758	ftp	536	1
6.2023	ftp	536	1
6.20702	ftp	536	1
6.21174	ftp	536	1
6.21229	voip	15	2
6.21701	ftp	536	1
6.22173	ftp	536	1
6.22406	gaming	237	2
6.22878	ftp	536	1
6.2335	ftp	536	1
6.23516	gaming	154	1
6.23642	video	103	1
6.24114	ftp	536	1
6.24586	ftp	536	1
6.24829	video	250	1
6.25072	video	250	1
6.25544	ftp	536	1
6.26016	ftp	536	1
6.26092	video	41	1
6.26168	video	40	1
6.2664	ftp	536	1
6.27112	ftp	536	1
6.27244	video	112	1
6.27347	video	74	1
6.27518	gaming	160	2
6.27573	voip	15	1
6.28045	ftp	536	1
6.28517	ftp	536	1
6.28732	video	214	1
6.28813	video	48	1
6.29056	video	250	1
6.29528	ftp	536	1
6.3	ftp	536	1
6.30134	gaming	113	1
6.30346	video	211	1
6.30447	video	72	1
6.30523	video	41	1
6.30995	ftp	536	1
6.31467	ftp	536	1
6.31548	video	47	1
6.31624	video	42	1
6.31868	video	250	1
6.3234	ftp	536	1
6.32812	ftp	536	1
6.32995	gaming	175	2
6.33467	ftp	536	1
6.33939	ftp	536	1
6.34181	video	249	1
6.34268	video	55	1
6.34352	video	50	1
6.34824	ftp	536	1
6.35296	ftp	536	1
6.35415	gaming	95	1
6.3552	video	78	1
6.35992	ftp	536	1
6.36464	ftp	536	1
6.36936	ftp	536	1
6.37408	ftp	536	1
6.3788	ftp	536	1
6.38352	ftp	536	1
6.38536	gaming	176	2
6.38592	voip	15	2
6.39064	ftp	536	1
6.39536	ftp	536	1
6.40008	ftp	536	1
6.4048	ftp	536	1
6.4064	gaming	146	1
6.41112	ftp	536	1
6.41584	ftp	536	1
6.42056	ftp	536	1
6.42528	ftp	536	1
6.43	ftp	536	1
6.43472	ftp	536	1
6.43944	ftp	536	1
6.43999	voip	15	1
6.44471	ftp	536	1
6.44943	ftp	536	1
6.45019	video	41	1
6.45162	gaming	125	2
6.45244	video	48	1
6.45716	ftp	536	1
6.46188	ftp	536	1
6.46264	video	42	1
6.46736	ftp	536	1
6.47208	ftp	536	1
6.47344	video	116	1
6.47448	video	76	1
6.4758	gaming	110	1
6.48052	ftp	536	1
6.48524	ftp	536	1
6.48624	video	71	1
6.49096	ftp	536	1
6.49568	ftp	536	1
6.49644	video	41	1
6.49727	video	50	1
6.49812	video	52	1
6.50284	ftp	536	1
6.50756	ftp	536	1
6.50861	gaming	78	2
6.50956	video	65	1
6.51033	video	42	1
6.51505	ftp	536	1
6.51977	ftp	536	1
6.52152	video	164	1
6.52368	video	216	1
6.52523	video	140	1
6.52995	ftp	536	1
6.53467	ftp	536	1
6.53575	video	81	1
6.53669	video	64	1
6.53882	gaming	212	1
6.53974	video	61	1
6.54029	voip	15	2
6.54501	ftp	536	1
6.54973	ftp	536	1
6.55216	video	250	1
6.55295	video	44	1
6.55432	video	117	1
6.55576	gaming	127	2
6.56048	ftp	536	1
6.5652	ftp	536	1
6.56992	ftp	536	1
6.57464	ftp	536	1
6.57936	ftp	536	1
6.58408	ftp	536	1
6.58558	gaming	133	1
6.5903	ftp	536	1
6.59502	ftp	536	1
6.59557	voip	15	1
6.59724	gaming	155	2
6.60196	ftp	536	1
6.60668	ftp	536	1
6.6114	ftp	536	1
6.61612	ftp	536	1
6.62084	ftp	536	1
6.62556	ftp	536	1
6.63028	ftp	536	1
6.635	ftp	536	1
6.63972	ftp	536	1
6.64444	ftp	536	1
6.646	gaming	141	1
6.647	gaming	70	2
6.64784	video	52	1
6.65256	ftp	536	1
6.65728	ftp	536	1
6.65894	video	153	1
6.66366	ftp	536	1
6.66838	ftp	536	1
6.6692	video	48	1
6.67392	ftp	536	1
6.67864	ftp	536	1
6.68336	ftp	536	1
6.68411	video	40	1
6.68536	video	102	1
6.69008	ftp	536	1
6.6948	ftp	536	1
6.6956	video	47	1
6.69648	video	55	1
6.69772	video	101	1
6.70244	ftp	536	1
6.70716	ftp	536	1
6.70798	video	49	1
6.70893	gaming	65	2
6.70948	voip	15	2
6.71061	video	87	1
6.71533	ftp	536	1
6.72005	ftp	536	1
6.72119	video	88	1
6.72222	video	75	1
6.72434	gaming	211	1
6.72677	video	250	1
6.73149	ftp	536	1
6.73621	ftp	536	1
6.7378	video	144	1
6.73868	video	57	1
6.7434	ftp	536	1
6.74812	ftp	536	1
6.74944	video	111	1
6.75416	ftp	536	1
6.75888	ftp	536	1
6.75994	video	78	1
6.76069	video	40	1
6.76312	video	250	1
6.76399	video	54	1
6.76871	ftp	536	1
6.77343	ftp	536	1
6.77398	voip	15	1
6.7787	ftp	536	1
6.78342	ftp	536	1
6.78509	gaming	155	2
6.78651	gaming	123	1
6.79123	ftp	536	1
6.79595	ftp	536	1
6.80067	ftp	536	1
6.80539	ftp	536	1
6.81011	ftp	536	1
6.81483	ftp	536	1
6.81955	ftp	536	1
6.82427	ftp	536	1
6.82899	ftp	536	1
6.83371	ftp	536	1
6.835	gaming	107	1
6.83685	gaming	178	2
6.84157	ftp	536	1
6.84629	ftp	536	1
6.85101	ftp	536	1
6.85573	ftp	536	1
6.85666	video	62	1
6.85756	video	58	1
6.85875	video	95	1
6.86347	ftp	536	1
6.86819	ftp	536	1
6.86874	voip	15	2
6.87346	ftp	536	1
6.87818	ftp	536	1
6.87896	video	43	1
6.87988	video	62	1
6.8846	ftp	536	1
6.88932	ftp	536	1
6.8918	gaming	256	2
6.89318	video	118	1
6.8979	ftp	536	1
6.90262	ftp	536	1
6.90407	video	127	1
6.90516	gaming	83	1
6.90988	ftp	536	1
6.9146	ftp	536	1
6.91541	video	47	1
6.92013	ftp	536	1
6.92485	ftp	536	1
6.9254	voip	15	1
6.92618	video	43	1
6.9309	ftp	536	1
6.93562	ftp	536	1
6.94034	ftp	536	1
6.94215	video	172	1
6.94452	video	242	1
6.94924	ftp	536	1
6.95396	ftp	536	1
6.95482	video	54	1
6.95954	ftp	536	1
6.96426	ftp	536	1
6.96669	video	250	1
6.9686	gaming	184	2
6.97103	video	250	1
6.97224	gaming	97	1
6.97332	video	82	1
6.97804	ftp	536	1
6.98276	ftp	536	1
6.98384	video	80	1
6.98627	video	250	1
6.98705	video	44	1
6.99177	ftp	536	1
6.99649	ftp	536	1
6.9974	video	59	1
6.99828	video	57	1
7.003	ftp	536	1
7.00772	ftp	536	1
7.01244	ftp	536	1
7.01716	ftp	536	1
7.0184	gaming	100	1
7.02312	ftp	536	1
7.02784	ftp	536	1
7.0295	gaming	154	2
7.03005	voip	15	2
7.03477	ftp	536	1
7.03949	ftp	536	1
7.04421	ftp	536	1
7.04893	ftp	536	1
7.05365	ftp	536	1
7.05837	ftp	536	1
7.06309	ftp	536	1
7.06781	ftp	536	1
7.07253	ftp	536	1
7.07725	ftp	536	1
7.0789	gaming	152	1
7.08025	gaming	115	2
7.08497	ftp	536	1
7.08969	ftp	536	1
7.09024	voip	15	1
7.09496	ftp	536	1
7.09968	ftp	536	1
7.1005	video	48	1
7.10175	video	102	1
7.10268	video	63	1
7.1074	ftp	536	1
7.11212	ftp	536	1
7.11684	ftp	536	1
7.12156	ftp	536	1
7.12264	video	80	1
7.12359	video	65	1
7.12602	video	250	1
7.13074	ftp	536	1
7.13546	ftp	536	1
7.13724	gaming	169	2
7.13843	video	94	1
7.13932	video	58	1
7.14163	gaming	234	1
7.14635	ftp	536	1
7.15107	ftp	536	1
7.15218	video	85	1
7.15295	video	42	1
7.15767	ftp	536	1
7.16239	ftp	536	1
7.16362	video	100	1
7.16605	video	250	1
7.17077	ftp	536	1
7.17549	ftp	536	1
7.17629	video	46	1
7.18101	ftp	536	1
7.18573	ftp	536	1
7.19045	ftp	536	1
7.19517	ftp	536	1
7.19989	ftp	536	1
7.20064	video	40	1
7.20151	video	54	1
7.20246	gaming	65	1
7.20343	video	67	1
7.20398	voip	15	2
7.20572	gaming	164	2
7.21044	ftp	536	1
7.21516	ftp	536	1
7.21648	video	111	1
7.2212	ftp	536	1
7.22592	ftp	536	1
7.22744	video	136	1
7.22825	video	47	1
7.23297	ftp	536	1
7.23769	ftp	536	1
7.23848	video	45	1
7.2432	ftp	536	1
7.24792	ftp	536	1
7.24848	voip	15	1
7.2532	ftp	536	1
7.25792	ftp	536	1
7.26038	gaming	254	1
7.2615	gaming	86	2
7.26622	ftp	536	1
7.27094	ftp	536	1
7.27566	ftp	536	1
7.28038	ftp	536	1
7.2851	ftp	536	1
7.28982	ftp	536	1
7.29454	ftp	536	1
7.29926	ftp	536	1
7.30398	ftp	536	1
7.3087	ftp	536	1
7.31003	gaming	112	2
7.31475	ftp	536	1
7.31947	ftp	536	1
7.32049	gaming	74	1
7.32521	ftp	536	1
7.32993	ftp	536	1
7.33465	ftp	536	1
7.33937	ftp	536	1
7.34039	video	73	1
7.34159	video	96	1
7.34631	ftp	536	1
7.35103	ftp	536	1
7.35188	video	52	1
7.35337	video	133	1
7.35392	voip	15	2
7.35864	ftp	536	1
7.36336	ftp	536	1
7.3642	video	51	1
7.365	video	45	1
7.36972	ftp	536	1
7.37444	ftp	536	1
7.37536	video	61	1
7.37702	gaming	154	1
7.37886	gaming	176	2
7.37961	video	40	1
7.38433	ftp	536	1
7.38905	ftp	536	1
7.38988	video	49	1
7.39073	video	53	1
7.39545	ftp	536	1
7.40017	ftp	536	1
7.40094	video	42	1
7.40566	ftp	536	1
7.41038	ftp	536	1
7.41093	voip	15	1
7.41173	video	46	1
7.41277	video	76	1
7.41416	gaming	120	1
7.41888	ftp	536	1
7.4236	ftp	536	1
7.42491	video	109	1
7.42963	ftp	536	1
7.43435	ftp	536	1
7.43596	gaming	148	2
7.43691	video	64	1
7.44163	ftp	536	1
7.44635	ftp	536	1
7.44733	video	69	1
7.44814	video	47	1
7.45286	ftp	536	1
7.45758	ftp	536	1
7.45855	video	67	1
7.46098	video	250	1
7.46293	video	190	1
7.46765	ftp	536	1
7.47237	ftp	536	1
7.47709	ftp	536	1
7.48181	ftp	536	1
7.48313	gaming	111	2
7.48785	ftp	536	1
7.49257	ftp	536	1
7.49729	ftp	536	1
7.50201	ftp	536	1
7.50358	gaming	142	1
7.5083	ftp	536	1
7.51302	ftp	536	1
7.51357	voip	15	2
7.51829	ftp	536	1
7.52301	ftp	536	1
7.52773	ftp	536	1
7.53245	ftp	536	1
7.53717	ftp	536	1
7.54189	ftp	536	1
7.54348	gaming	144	2
7.5482	ftp	536	1
7.55292	ftp	536	1
7.55764	ftp	536	1
7.56236	ftp	536	1
7.56362	gaming	104	1
7.56447	video	52	1
7.56502	voip	15	1
7.56974	ftp	536	1
7.57446	ftp	536	1
7.57521	video	40	1
7.57602	video	47	1
7.57726	video	101	1
7.58198	ftp	536	1
7.5867	ftp	536	1
7.58876	video	204	1
7.58992	video	90	1
7.59464	ftp	536	1
7.59936	ftp	536	1
7.6006	video	102	1
7.60304	video	250	1
7.60396	video	61	1
7.60507	gaming	85	2
7.60603	video	66	1
7.61075	ftp	536	1
7.61547	ftp	536	1
7.61644	video	67	1
7.61733	video	58	1
7.62205	ftp	536	1
7.62677	ftp	536	1
7.6278	video	74	1
7.6296	gaming	171	1
7.63064	video	77	1
7.63176	video	85	1
7.63255	video	45	1
7.63727	ftp	536	1
7.64199	ftp	536	1
7.64387	video	181	1
7.64859	ftp	536	1
7.65331	ftp	536	1
7.6541	video	45	1
7.65559	video	132	1
7.66031	ftp	536	1
7.66503	ftp	536	1
7.66579	video	41	1
7.67051	ftp	536	1
7.67523	ftp	536	1
7.67598	voip	40	2
7.6807	ftp	536	1
7.68542	ftp	536	1
7.68688	gaming	129	2
7.6916	ftp	536	1
7.69632	ftp	536	1
7.69808	gaming	166	1
7.7028	ftp	536	1
7.70752	ftp	536	1
7.70828	voip	40	2
7.713	ftp	536	1
7.71772	ftp	536	1
7.72244	ftp	536	1
7.72716	ftp	536	1
7.72791	voip	40	2
7.72926	gaming	115	2
7.72981	voip	15	1
7.73453	ftp	536	1
7.73925	ftp	536	1
7.74397	ftp	536	1
7.74869	ftp	536	1
7.75006	gaming	117	1
7.75081	voip	40	2
7.75553	ftp	536	1
7.76025	ftp	536	1
7.76153	video	106	1
7.76625	ftp	536	1
7.77097	ftp	536	1
7.77172	video	40	1
7.77268	video	65	1
7.7774	ftp	536	1
7.78212	ftp	536	1
7.78287	voip	40	2
7.78759	ftp	536	1
7.79231	ftp	536	1
7.79333	gaming	74	2
7.7942	video	55	1
7.79508	video	56	1
7.7998	ftp	536	1
7.80452	ftp	536	1
7.80533	video	47	1
7.80625	video	61	1
7.81097	ftp	536	1
7.81569	ftp	536	1
7.81736	gaming	155	1
7.81812	voip	40	2
7.8203	video	219	1
7.8213	video	71	1
7.82205	video	40	1
7.82677	ftp	536	1
7.83149	ftp	536	1
7.83322	video	162	1
7.83407	video	52	1
7.83521	video	89	1
7.83993	ftp	536	1
7.84465	ftp	536	1
7.8454	video	40	1
7.84616	voip	40	2
7.8471	video	64	1
7.84953	video	250	1
7.85032	video	44	1
7.85504	ftp	536	1
7.85976	ftp	536	1
7.86101	gaming	103	2
7.8618	video	44	1
7.86256	video	41	1
7.86427	video	160	1
7.86899	ftp	536	1
7.87371	ftp	536	1
7.87567	gaming	191	1
7.87642	voip	40	2
7.88114	ftp	536	1
7.88586	ftp	536	1
7.89058	ftp	536	1
7.8953	ftp	536	1
7.89605	voip	40	2
7.8966	voip	15	1
7.89892	gaming	235	2
7.90364	ftp	536	1
7.90836	ftp	536	1
7.91308	ftp	536	1
7.9178	ftp	536	1
7.91855	voip	40	2
7.92327	ftp	536	1
7.92799	ftp	536	1
7.92941	gaming	124	1
7.93413	ftp	536	1
7.93885	ftp	536	1
7.94357	ftp	536	1
7.94829	ftp	536	1
7.94904	voip	40	2
7.95376	ftp	536	1
7.95848	ftp	536	1
7.96018	gaming	158	2
7.96138	video	96	1
7.9661	ftp	536	1
7.97082	ftp	536	1
7.97176	video	63	1
7.97251	voip	40	2
7.97488	video	242	1
7.9796	ftp	536	1
7.98432	ftp	536	1
7.98529	video	68	1
7.98772	video	250	1
7.98848	video	40	1
7.9932	ftp	536	1
7.99792	ftp	536	1
7.99872	video	46	1
8.00044	gaming	162	1
8.0018	video	116	1
8.00276	video	66	1
8.00748	ftp	536	1
8.0122	ftp	536	1
8.01296	voip	40	2
8.01416	video	97	1
8.01499	video	49	1
8.01971	ftp	536	1
8.02443	ftp	536	1
8.02532	video	57	1
8.03004	ftp	536	1
8.03476	ftp	536	1
8.03598	gaming	99	2
8.03694	video	66	1
8.03769	voip	40	2
8.03892	video	100	1
8.04136	video	250	1
8.04608	ftp	536	1
8.0508	ftp	536	1
8.05156	video	41	1
8.05232	video	42	1
8.05476	video	250	1
8.05948	ftp	536	1
8.0642	ftp	536	1
8.06551	gaming	110	1
8.06626	voip	40	2
8.06723	video	67	1
8.07195	ftp	536	1
8.07667	ftp	536	1
8.07722	voip	15	1
8.07965	video	250	1
8.08437	ftp	536	1
8.08909	ftp	536	1
8.09101	gaming	186	2
8.09176	voip	40	2
8.09648	ftp	536	1
8.1012	ftp	536	1
8.10592	ftp	536	1
8.11064	ftp	536	1
8.11169	gaming	77	1
8.11244	voip	40	2
8.11716	ftp	536	1
8.12188	ftp	536	1
8.1266	ftp	536	1
8.13132	ftp	536	1
8.13292	gaming	146	2
8.13368	voip	40	2
8.1384	ftp	536	1
8.14312	ftp	536	1
8.14784	ftp	536	1
8.15256	ftp	536	1
8.15427	gaming	160	1
8.15502	voip	40	2
8.15974	ftp	536	1
8.16446	ftp	536	1
8.16524	video	44	1
8.16604	video	45	1
8.17076	ftp	536	1
8.17548	ftp	536	1
8.17628	video	46	1
8.17794	video	154	1
8.18266	ftp	536	1
8.18738	ftp	536	1
8.18905	gaming	155	2
8.18991	video	53	1
8.19066	voip	40	2
8.19153	video	55	1
8.19625	ftp	536	1
8.20097	ftp	536	1
8.20316	video	219	1
8.20788	ftp	536	1
8.2126	ftp	536	1
8.21503	video	250	1
8.21596	video	62	1
8.22068	ftp	536	1
8.2254	ftp	536	1
8.22615	voip	40	2
8.22745	gaming	109	1
8.22836	video	59	1
8.22891	voip	15	1
8.23363	ftp	536	1
8.23835	ftp	536	1
8.23947	video	86	1
8.24083	gaming	116	2
8.24326	video	250	1
8.24798	ftp	536	1
8.2527	ftp	536	1
8.25345	voip	40	2
8.25466	video	97	1
8.25709	video	250	1
8.26181	ftp	536	1
8.26653	ftp	536	1
8.26749	video	66	1
8.26836	video	55	1
8.26934	video	68	1
8.27009	voip	40	2
8.27153	video	126	1
8.27625	ftp	536	1
8.28097	ftp	536	1
8.28182	video	52	1
8.28259	video	42	1
8.28435	gaming	166	1
8.28907	ftp	536	1
8.29379	ftp	536	1
8.2954	gaming	148	2
8.30012	ftp	536	1
8.30484	ftp	536	1
8.3056	voip	40	2
8.31032	ftp	536	1
8.31504	ftp	536	1
8.31579	voip	40	2
8.32051	ftp	536	1
8.32523	ftp	536	1
8.32995	ftp	536	1
8.33467	ftp	536	1
8.33576	gaming	82	1
8.34048	ftp	536	1
8.3452	ftp	536	1
8.34595	voip	40	2
8.34732	gaming	118	2
8.35204	ftp	536	1
8.35676	ftp	536	1
8.36148	ftp	536	1
8.3662	ftp	536	1
8.36696	voip	40	2
8.36771	video	40	1
8.37243	ftp	536	1
8.37715	ftp	536	1
8.37958	video	250	1
8.38013	voip	15	1
8.38115	video	73	1
8.38587	ftp	536	1
8.39059	ftp	536	1
8.39176	video	93	1
8.39252	voip	40	2
8.39724	ftp	536	1
8.40196	ftp	536	1
8.40278	video	49	1
8.40384	gaming	79	1
8.40856	ftp	536	1
8.41328	ftp	536	1
8.41488	video	145	1
8.41664	gaming	166	2
8.41789	video	103	1
8.42261	ftp	536	1
8.42733	ftp	536	1
8.42808	voip	40	2
8.42916	video	81	1
8.43388	ftp	536	1
8.4386	ftp	536	1
8.43966	video	78	1
8.44142	video	166	1
8.44614	ftp	536	1
8.45086	ftp	536	1
8.45198	video	86	1
8.45273	voip	40	2
8.45745	ftp	536	1
8.46217	ftp	536	1
8.46296	video	44	1
8.46384	video	57	1
8.46552	video	155	1
8.46659	video	80	1
8.47131	ftp	536	1
8.47603	ftp	536	1
8.47764	gaming	147	1
8.47902	gaming	119	2
8.47977	voip	40	2
8.48144	video	154	1
8.48616	ftp	536	1
8.49088	ftp	536	1
8.49172	video	51	1
8.49644	ftp	536	1
8.50116	ftp	536	1
8.50191	voip	40	2
8.50273	video	49	1
8.50745	ftp	536	1
8.51217	ftp	536	1
8.51314	video	67	1
8.51392	video	43	1
8.51864	ftp	536	1
8.52336	ftp	536	1
8.52459	gaming	100	2
8.5265	gaming	185	1
8.52725	voip	40	2
8.53197	ftp	536	1
8.53669	ftp	536	1
8.53724	voip	15	1
8.54196	ftp	536	1
8.54668	ftp	536	1
8.54724	voip	15	2
8.55196	ftp	536	1
8.55668	ftp	536	1
8.5614	ftp	536	1
8.56612	ftp	536	1
8.56736	gaming	101	2
8.57208	ftp	536	1
8.5768	ftp	536	1
8.57834	gaming	139	1
8.58306	ftp	536	1
8.58778	ftp	536	1
8.5925	ftp	536	1
8.59722	ftp	536	1
8.60194	ftp	536	1
8.60666	ftp	536	1
8.60767	video	72	1
8.60936	gaming	158	2
8.61408	ftp	536	1
8.6188	ftp	536	1
8.61984	video	75	1
8.6206	video	42	1
8.62532	ftp	536	1
8.63004	ftp	536	1
8.63083	video	44	1
8.63198	video	90	1
8.6367	ftp	536	1
8.64142	ftp	536	1
8.64307	video	152	1
8.64779	ftp	536	1
8.65251	ftp	536	1
8.65414	video	150	1
8.65657	video	250	1
8.65788	gaming	109	1
8.6626	ftp	536	1
8.66732	ftp	536	1
8.6684	gaming	81	2
8.66939	video	70	1
8.67016	video	42	1
8.67107	video	60	1
8.67579	ftp	536	1
8.68051	ftp	536	1
8.68138	video	55	1
8.6822	video	48	1
8.68314	video	64	1
8.68786	ftp	536	1
8.69258	ftp	536	1
8.69356	video	69	1
8.69436	video	46	1
8.69513	video	42	1
8.69568	voip	15	1
8.69712	video	126	1
8.70184	ftp	536	1
8.70656	ftp	536	1
8.70732	video	40	1
8.7083	video	69	1
8.70885	voip	15	2
8.71357	ftp	536	1
8.71829	ftp	536	1
8.71976	gaming	129	1
8.72208	gaming	237	2
8.7268	ftp	536	1
8.73152	ftp	536	1
8.73624	ftp	536	1
8.74096	ftp	536	1
8.74568	ftp	536	1
8.7504	ftp	536	1
8.75165	gaming	102	1
8.75637	ftp	536	1
8.76109	ftp	536	1
8.76296	gaming	179	2
8.76768	ftp	536	1
8.7724	ftp	536	1
8.77712	ftp	536	1
8.78184	ftp	536	1
8.78656	ftp	536	1
8.79128	ftp	536	1
8.79273	video	128	1
8.79745	ftp	536	1
8.80217	ftp	536	1
8.8046	video	250	1
8.80613	gaming	137	1
8.80719	video	78	1
8.81191	ftp	536	1
8.81663	ftp	536	1
8.81784	video	98	1
8.81897	video	87	1
8.8198	video	49	1
8.82452	ftp	536	1
8.82924	ftp	536	1
8.83099	gaming	165	2
8.832	video	73	1
8.83296	video	65	1
8.83768	ftp	536	1
8.8424	ftp	536	1
8.84353	video	88	1
8.84539	video	178	1
8.85011	ftp	536	1
8.85483	ftp	536	1
8.85558	video	40	1
8.8603	ftp	536	1
8.86502	ftp	536	1
8.86745	video	250	1
8.868	voip	15	1
8.86909	gaming	82	1
8.87381	ftp	536	1
8.87853	ftp	536	1
8.87908	voip	15	2
8.88067	video	144	1
8.88234	video	155	1
8.88336	video	74	1
8.88808	ftp	536	1
8.8928	ftp	536	1
8.89524	video	250	1
8.89749	gaming	228	2
8.90221	ftp	536	1
8.90693	ftp	536	1
8.90797	video	76	1
8.91269	ftp	536	1
8.91741	ftp	536	1
8.91859	video	93	1
8.92331	ftp	536	1
8.92803	ftp	536	1
8.93037	gaming	239	1
8.93143	video	78	1
8.93275	video	111	1
8.93747	ftp	536	1
8.94219	ftp	536	1
8.94691	ftp	536	1
8.95163	ftp	536	1
8.95333	gaming	159	2
8.95805	ftp	536	1
8.96277	ftp	536	1
8.96749	ftp	536	1
8.97221	ftp	536	1
8.97381	gaming	146	1
8.97853	ftp	536	1
8.98325	ftp	536	1
8.98797	ftp	536	1
8.99269	ftp	536	1
8.99741	ftp	536	1
9.00213	ftp	536	1
9.00428	gaming	214	2
9.009	ftp	536	1
9.01372	ftp	536	1
9.01427	voip	15	1
9.01504	video	43	1
9.01976	ftp	536	1
9.02448	ftp	536	1
9.02532	video	50	1
9.02587	voip	15	2
9.02677	video	59	1
9.03149	ftp	536	1
9.03621	ftp	536	1
9.03774	video	137	1
9.03908	gaming	114	1
9.0438	ftp	536	1
9.04852	ftp	536	1
9.0494	video	55	1
9.05061	video	98	1
9.0517	video	82	1
9.05642	ftp	536	1
9.06114	ftp	536	1
9.06357	video	250	1
9.06433	video	41	1
9.0656	gaming	104	2
9.06636	video	42	1
9.07108	ftp	536	1
9.0758	ftp	536	1
9.07656	video	40	1
9.07731	video	40	1
9.07927	video	191	1
9.08399	ftp	536	1
9.08871	ftp	536	1
9.08966	video	65	1
9.09438	ftp	536	1
9.0991	ftp	536	1
9.1008	gaming	159	1
9.1016	video	46	1
9.10632	ftp	536	1
9.11104	ftp	536	1
9.1122	video	90	1
9.11692	ftp	536	1
9.12164	ftp	536	1
9.12305	video	123	1
9.12409	video	76	1
9.12568	gaming	145	2
9.12647	video	44	1
9.13119	ftp	536	1
9.13591	ftp	536	1
9.13703	video	86	1
9.14175	ftp	536	1
9.14647	ftp	536	1
9.15119	ftp	536	1
9.15591	ftp	536	1
9.15694	gaming	75	1
9.16166	ftp	536	1
9.16638	ftp	536	1
9.1711	ftp	536	1
9.17582	ftp	536	1
9.17637	voip	15	1
9.17692	voip	15	2
9.18164	ftp	536	1
9.18636	ftp	536	1
9.18784	gaming	131	2
9.19256	ftp	536	1
9.19728	ftp	536	1
9.19901	gaming	162	1
9.20373	ftp	536	1
9.20845	ftp	536	1
9.21317	ftp	536	1
9.21789	ftp	536	1
9.22261	ftp	536	1
9.22733	ftp	536	1
9.22952	video	219	1
9.23036	video	52	1
9.23225	gaming	182	2
9.23697	ftp	536	1
9.24169	ftp	536	1
9.24252	video	50	1
9.24336	video	50	1
9.24808	ftp	536	1
9.2528	ftp	536	1
9.25418	gaming	119	1
9.25494	video	41	1
9.25966	ftp	536	1
9.26438	ftp	536	1
9.26513	video	40	1
9.26588	video	40	1
9.2706	ftp	536	1
9.27532	ftp	536	1
9.27623	video	59	1
9.28095	ftp	536	1
9.28567	ftp	536	1
9.28688	video	97	1
9.28861	gaming	163	2
9.29333	ftp	536	1
9.29805	ftp	536	1
9.29934	video	107	1
9.30048	video	88	1
9.30164	video	91	1
9.30636	ftp	536	1
9.31108	ftp	536	1
9.31206	video	69	1
9.31449	video	250	1
9.316	gaming	135	1
9.31685	video	52	1
9.31775	video	58	1
9.32247	ftp	536	1
9.32719	ftp	536	1
9.32883	video	151	1
9.32987	video	76	1
9.33459	ftp	536	1
9.33931	ftp	536	1
9.33986	voip	15	1
9.34067	video	47	1
9.34149	video	49	1
9.34355	gaming	203	2
9.34827	ftp	536	1
9.35299	ftp	536	1
9.35354	voip	15	2
9.35826	ftp	536	1
9.36298	ftp	536	1
9.3646	gaming	149	1
9.36932	ftp	536	1
9.37404	ftp	536	1
9.37876	ftp	536	1
9.38348	ftp	536	1
9.3882	ftp	536	1
9.39292	ftp	536	1
9.39764	ftp	536	1
9.40236	ftp	536	1
9.40397	gaming	147	2
9.40869	ftp	536	1
9.41341	ftp	536	1
9.41501	gaming	146	1
9.41973	ftp	536	1
9.42445	ftp	536	1
9.42917	ftp	536	1
9.43389	ftp	536	1
9.43468	video	45	1
9.4394	ftp	536	1
9.44412	ftp	536	1
9.44502	video	58	1
9.44974	ftp	536	1
9.45446	ftp	536	1
9.45651	gaming	202	2
9.46123	ftp	536	1
9.46595	ftp	536	1
9.46681	video	54	1
9.46956	gaming	289	1
9.47051	video	65	1
9.47523	ftp	536	1
9.47995	ftp	536	1
9.48076	video	48	1
9.48262	video	178	1
9.48734	ftp	536	1
9.49206	ftp	536	1
9.49261	voip	15	1
9.49733	ftp	536	1
9.50205	ftp	536	1
9.50311	video	78	1
9.50366	voip	15	2
9.5045	video	51	1
9.50922	ftp	536	1
9.51394	ftp	536	1
9.51525	video	110	1
9.51621	gaming	66	2
9.51836	video	214	1
9.51911	video	40	1
9.52383	ftp	536	1
9.52855	ftp	536	1
9.53036	gaming	172	1
9.53149	video	88	1
9.53621	ftp	536	1
9.54093	ftp	536	1
9.5417	video	42	1
9.54248	video	44	1
9.5472	ftp	536	1
9.55192	ftp	536	1
9.55302	video	83	1
9.55409	video	80	1
9.55881	ftp	536	1
9.56353	ftp	536	1
9.56438	video	52	1
9.56516	video	44	1
9.56602	video	53	1
9.57074	ftp	536	1
9.57546	ftp	536	1
9.57689	video	125	1
9.57833	gaming	126	2
9.58305	ftp	536	1
9.58777	ftp	536	1
9.58944	gaming	154	1
9.59416	ftp	536	1
9.59888	ftp	536	1
9.6036	ftp	536	1
9.60832	ftp	536	1
9.61304	ftp	536	1
9.61776	ftp	536	1
9.62248	ftp	536	1
9.6272	ftp	536	1
9.6284	gaming	96	2
9.63312	ftp	536	1
9.63784	ftp	536	1
9.64256	ftp	536	1
9.6443	gaming	164	1
9.64902	ftp	536	1
9.65374	ftp	536	1
9.65429	voip	15	1
9.65901	ftp	536	1
9.66373	ftp	536	1
9.66428	voip	15	2
9.669	ftp	536	1
9.67372	ftp	536	1
9.67616	video	250	1
9.68088	ftp	536	1
9.6856	ftp	536	1
9.68654	video	64	1
9.68737	video	50	1
9.69209	ftp	536	1
9.69681	ftp	536	1
9.69783	video	73	1
9.6996	gaming	167	2
9.70055	video	65	1
9.70527	ftp	536	1
9.70999	ftp	536	1
9.7111	gaming	85	1
9.7119	video	46	1
9.7135	video	146	1
9.71822	ftp	536	1
9.72294	ftp	536	1
9.72371	video	42	1
9.72614	video	250	1
9.72734	video	96	1
9.73206	ftp	536	1
9.73678	ftp	536	1
9.73768	video	58	1
9.7424	ftp	536	1
9.74712	ftp	536	1
9.74955	video	250	1
9.75134	gaming	170	2
9.75606	ftp	536	1
9.76078	ftp	536	1
9.76164	video	53	1
9.76349	gaming	178	1
9.76438	video	57	1
9.7691	ftp	536	1
9.77382	ftp	536	1
9.77512	video	108	1
9.77621	video	83	1
9.78093	ftp	536	1
9.78565	ftp	536	1
9.78652	video	55	1
9.79124	ftp	536	1
9.79596	ftp	536	1
9.7984	video	250	1
9.79916	video	42	1
9.80092	video	166	1
9.80564	ftp	536	1
9.81036	ftp	536	1
9.8115	gaming	88	1
9.81622	ftp	536	1
9.82094	ftp	536	1
9.82324	gaming	233	2
9.82379	voip	15	1
9.82851	ftp	536	1
9.83323	ftp	536	1
9.83378	voip	15	2
9.8385	ftp	536	1
9.84322	ftp	536	1
9.84794	ftp	536	1
9.85266	ftp	536	1
9.85738	ftp	536	1
9.8621	ftp	536	1
9.86682	ftp	536	1
9.87154	ftp	536	1
9.87318	gaming	151	1
9.8779	ftp	536	1
9.88262	ftp	536	1
9.88397	gaming	115	2
9.88869	ftp	536	1
9.89341	ftp	536	1
9.89813	ftp	536	1
9.90285	ftp	536	1
9.90436	video	135	1
9.90908	ftp	536	1
9.9138	ftp	536	1
9.91456	video	40	1
9.91928	ftp	536	1
9.924	ftp	536	1
9.92539	gaming	120	1
9.92641	video	74	1
9.92738	video	67	1
9.9321	ftp	536	1
9.93682	ftp	536	1
9.93762	video	46	1
9.94234	ftp	536	1
9.94706	ftp	536	1
9.94846	gaming	121	2
9.94924	video	44	1
9.95039	video	89	1
9.95176	video	118	1
9.95648	ftp	536	1
9.9612	ftp	536	1
9.96212	video	60	1
9.96684	ftp	536	1
9.97156	ftp	536	1
9.97399	video	250	1
9.97532	video	113	1
9.97629	video	67	1
9.97719	video	58	1
9.98191	ftp	536	1
9.98663	ftp	536	1
9.98797	gaming	114	1
9.98852	voip	15	1
9.99007	video	139	1
9.99121	video	89	1
9.99196	voip	40	2
9.99668	ftp	536	1
10.0014	ftp	536	1
10.0027	video	114	1
10.0044	gaming	148	2
10.0067	video	236	1
10.0079	video	99	1
10.0126	ftp	536	1
10.0173	ftp	536	1
10.0181	video	44	1
10.0191	video	61	1
10.0238	ftp	536	1
10.0285	ftp	536	1
10.029	voip	15	2
10.0303	gaming	107	1
10.0351	ftp	536	1
10.0398	ftp	536	1
10.0445	ftp	536	1
10.0492	ftp	536	1
10.0539	ftp	536	1
10.0587	ftp	536	1
10.0604	gaming	167	2
10.0651	ftp	536	1
10.0699	ftp	536	1
10.0746	ftp	536	1
10.0793	ftp	536	1
10.084	ftp	536	1
10.0887	ftp	536	1
10.0901	gaming	120	1
10.0949	ftp	536	1
10.0996	ftp	536	1
10.1043	ftp	536	1
10.109	ftp	536	1
10.1113	video	236	1
10.1125	video	90	1
10.1134	video	65	1
10.1182	ftp	536	1
10.1229	ftp	536	1
10.1238	video	61	1
10.1246	video	46	1
10.126	gaming	124	2
10.1307	ftp	536	1
10.1355	ftp	536	1
10.1402	ftp	536	1
10.1412	video	68	1
10.1424	video	103	1
10.1471	ftp	536	1
10.1519	ftp	536	1
10.1524	voip	15	1
10.1532	video	42	1
10.1558	gaming	270	1
10.1605	ftp	536	1
10.1652	ftp	536	1
10.1669	video	154	1
10.1693	video	250	1
10.1701	video	52	1
10.1749	ftp	536	1
10.1796	ftp	536	1
10.1807	video	79	1
10.1854	ftp	536	1
10.1901	ftp	536	1
10.1912	video	80	1
10.1917	voip	15	2
10.1964	ftp	536	1
10.2012	ftp	536	1
10.2019	video	41	1
10.2039	gaming	195	2
10.2086	ftp	536	1
10.2133	ftp	536	1
10.2143	video	61	1
10.219	ftp	536	1
10.2237	ftp	536	1
10.2247	video	66	1
10.2261	gaming	119	1
10.2268	video	41	1
10.2315	ftp	536	1
10.2363	ftp	536	1
10.2375	video	96	1
10.2391	video	155	1
10.2438	ftp	536	1
10.2486	ftp	536	1
10.2503	gaming	157	2
10.2511	video	57	1
10.2559	ftp	536	1
10.2606	ftp	536	1
10.2653	ftp	536	1
10.27	ftp	536	1
10.2713	gaming	111	1
10.2761	ftp	536	1
10.2808	ftp	536	1
10.2855	ftp	536	1
10.2902	ftp	536	1
10.2917	gaming	135	2
10.2965	ftp	536	1
10.3012	ftp	536	1
10.3017	voip	15	1
10.3064	ftp	536	1
10.3112	ftp	536	1
10.3159	ftp	536	1
10.3206	ftp	536	1
10.3218	gaming	93	1
10.3265	ftp	536	1
10.3312	ftp	536	1
10.3359	ftp	536	1
10.3407	ftp	536	1
10.3412	voip	15	2
10.3436	video	250	1
10.3444	video	42	1
10.3491	ftp	536	1
10.3539	ftp	536	1
10.3559	video	206	1
10.3576	video	153	1
10.3589	gaming	105	2
10.3608	video	188	1
10.3655	ftp	536	1
10.3702	ftp	536	1
10.3711	video	49	1
10.372	video	62	1
10.3767	ftp	536	1
10.3814	ftp	536	1
10.383	video	143	1
10.3854	video	250	1
10.3866	video	86	1
10.3913	ftp	536	1
10.396	ftp	536	1
10.3968	video	46	1
10.3979	gaming	90	1
10.3999	video	186	1
10.4023	video	250	1
10.407	ftp	536	1
10.4117	ftp	536	1
10.4134	video	159	1
10.4145	video	80	1
10.4153	video	43	1
10.42	ftp	536	1
10.4247	ftp	536	1
10.4295	ftp	536	1
10.4304	video	70	1
10.4316	video	96	1
10.433	gaming	116	2
10.434	video	70	1
10.435	video	69	1
10.4397	ftp	536	1
10.4444	ftp	536	1
10.4491	ftp	536	1
10.4539	ftp	536	1
10.4586	ftp	536	1
10.4633	ftp	536	1
10.468	ftp	536	1
10.4727	ftp	536	1
10.4741	gaming	120	1
10.4747	voip	15	1
10.4758	gaming	90	2
10.4806	ftp	536	1
10.4853	ftp	536	1
10.49	ftp	536	1
10.4947	ftp	536	1
10.4994	ftp	536	1
10.5042	ftp	536	1
10.5047	voip	15	2
10.5094	ftp	536	1
10.5141	ftp	536	1
10.515	gaming	50	1
10.5197	ftp	536	1
10.5244	ftp	536	1
10.5269	video	250	1
10.5293	video	250	1
10.534	ftp	536	1
10.5387	ftp	536	1
10.5408	gaming	200	2
10.5455	ftp	536	1
10.5502	ftp	536	1
10.5521	video	182	1
10.553	video	65	1
10.5541	video	80	1
10.5588	ftp	536	1
10.5635	ftp	536	1
10.5644	video	57	1
10.5692	ftp	536	1
10.5739	ftp	536	1
10.575	video	84	1
10.5763	gaming	110	1
10.5779	video	153	1
10.5827	ftp	536	1
10.5874	ftp	536	1
10.5898	video	250	1
10.5908	video	69	1
10.5921	video	109	1
10.5968	ftp	536	1
10.6015	ftp	536	1
10.6023	video	42	1
10.6037	gaming	120	2
10.6084	ftp	536	1
10.6131	ftp	536	1
10.6139	video	41	1
10.6148	video	55	1
10.6195	ftp	536	1
10.6242	ftp	536	1
10.6267	video	250	1
10.6274	video	44	1
10.6285	video	83	1
10.6333	ftp	536	1
10.638	ftp	536	1
10.6427	ftp	536	1
10.6438	video	87	1
10.6448	video	69	1
10.6454	voip	15	1
10.6501	ftp	536	1
10.6548	ftp	536	1
10.6555	video	40	1
10.6567	gaming	88	1
10.6614	ftp	536	1
10.6661	ftp	536	1
10.6708	ftp	536	1
10.6756	ftp	536	1
10.6766	gaming	76	2
10.6772	voip	15	2
10.6819	ftp	536	1
10.6866	ftp	536	1
10.6913	ftp	536	1
10.696	ftp	536	1
10.7008	ftp	536	1
10.7055	ftp	536	1
10.7071	gaming	144	1
10.7118	ftp	536	1
10.7165	ftp	536	1
10.7212	ftp	536	1
10.7259	ftp	536	1
10.7275	gaming	144	2
10.7322	ftp	536	1
10.737	ftp	536	1
10.7382	video	100	1
10.7429	ftp	536	1
10.7476	ftp	536	1
10.7493	video	150	1
10.7504	video	89	1
10.7551	ftp	536	1
10.7599	ftp	536	1
10.761	video	91	1
10.7657	ftp	536	1
10.7705	ftp	536	1
10.7719	gaming	122	1
10.773	video	91	1
10.7777	ftp	536	1
10.7825	ftp	536	1
10.7872	ftp	536	1
10.7882	video	68	1
10.7893	gaming	83	2
10.794	ftp	536	1
10.7987	ftp	536	1
10.8003	video	142	1
10.8008	voip	15	1
10.8055	ftp	536	1
10.8103	ftp	536	1
10.8116	video	113	1
10.8126	video	75	1
10.8173	ftp	536	1
10.8221	ftp	536	1
10.8243	video	223	1
10.8261	video	178	1
10.8272	video	76	1
10.8288	gaming	149	1
10.8335	ftp	536	1
10.8382	ftp	536	1
10.8407	video	250	1
10.8415	video	48	1
10.8423	video	44	1
10.8428	voip	15	2
10.8475	ftp	536	1
10.8523	ftp	536	1
10.8532	video	68	1
10.8541	video	58	1
10.8589	ftp	536	1
10.8636	ftp	536	1
10.8647	video	82	1
10.8694	ftp	536	1
10.8741	ftp	536	1
10.8765	video	250	1
10.8781	gaming	147	1
10.8829	ftp	536	1
10.8876	ftp	536	1
10.8889	gaming	111	2
10.8899	video	73	1
10.8946	ftp	536	1
10.8994	ftp	536	1
10.9041	ftp	536	1
10.9088	ftp	536	1
10.9135	ftp	536	1
10.9182	ftp	536	1
10.923	ftp	536	1
10.9277	ftp	536	1
10.9324	ftp	536	1
10.9346	gaming	218	1
10.9363	gaming	163	2
10.941	ftp	536	1
10.9457	ftp	536	1
10.9505	ftp	536	1
10.9552	ftp	536	1
10.9599	ftp	536	1
10.9646	ftp	536	1
10.9652	voip	15	1
10.9699	ftp	536	1
10.9746	ftp	536	1
10.9771	gaming	251	1
10.9818	ftp	536	1
10.9865	ftp	536	1
10.9873	video	42	1
10.9893	gaming	199	2
10.9917	video	250	1
10.9964	ftp	536	1
11.0012	ftp	536	1
11.0019	video	43	1
11.0067	ftp	536	1
11.0114	ftp	536	1
11.0119	voip	15	2
11.0134	video	130	1
11.0145	video	81	1
11.0168	video	236	1
11.0215	ftp	536	1
11.0262	ftp	536	1
11.0282	video	185	1
11.029	video	53	1
11.0337	ftp	536	1
11.0385	ftp	536	1
11.0395	video	78	1
11.0406	video	80	1
11.0422	gaming	149	1
11.0469	ftp	536	1
11.0516	ftp	536	1
11.0525	video	55	1
11.0535	video	63	1
11.0582	ftp	536	1
11.0629	ftp	536	1
11.0639	video	75	1
11.0686	ftp	536	1
11.0734	ftp	536	1
11.0745	video	83	1
11.0757	gaming	98	2
11.0804	ftp	536	1
11.0851	ftp	536	1
11.0898	ftp	536	1
11.0908	video	67	1
11.0932	video	250	1
11.094	video	44	1
11.0987	ftp	536	1
11.1035	ftp	536	1
11.1047	video	105	1
11.1059	gaming	92	1
11.1068	video	53	1
11.1115	ftp	536	1
11.1162	ftp	536	1
11.1174	video	98	1
11.1221	ftp	536	1
11.1269	ftp	536	1
11.1289	gaming	202	2
11.1336	ftp	536	1
11.1383	ftp	536	1
11.1389	voip	15	1
11.1399	gaming	68	1
11.1446	ftp	536	1
11.1493	ftp	536	1
11.154	ftp	536	1
11.1587	ftp	536	1
11.1635	ftp	536	1
11.1682	ftp	536	1
11.1687	voip	15	2
11.1735	ftp	536	1
11.1782	ftp	536	1
11.1829	ftp	536	1
11.1876	ftp	536	1
11.1923	ftp	536	1
11.1941	gaming	172	1
11.1953	gaming	92	2
11.2	ftp	536	1
11.2048	ftp	536	1
11.2056	video	57	1
11.2104	ftp	536	1
11.2151	ftp	536	1
11.2168	video	165	1
11.2178	video	68	1
11.2187	video	57	1
11.2234	ftp	536	1
11.2281	ftp	536	1
11.2289	video	41	1
11.2336	ftp	536	1
11.2383	ftp	536	1
11.2391	video	47	1
11.2439	ftp	536	1
11.2486	ftp	536	1
11.2503	video	165	1
11.2514	gaming	81	1
11.2561	ftp	536	1
11.2609	ftp	536	1
11.2616	video	40	1
11.2663	ftp	536	1
11.2711	ftp	536	1
11.2721	gaming	82	2
11.2738	video	149	1
11.2749	video	86	1
11.2796	ftp	536	1
11.2843	ftp	536	1
11.2851	video	44	1
11.2866	video	133	1
11.2876	video	74	1
11.2886	video	62	1
11.2933	ftp	536	1
11.298	ftp	536	1
11.2989	video	63	1
11.2995	voip	15	1
11.3042	ftp	536	1
11.3089	ftp	536	1
11.3136	ftp	536	1
11.3149	gaming	100	1
11.3159	video	68	1
11.3168	video	63	1
11.3215	ftp	536	1
11.3262	ftp	536	1
11.328	video	167	1
11.329	video	66	1
11.3306	gaming	147	2
11.3353	ftp	536	1
11.34	ftp	536	1
11.3406	voip	15	2
11.343	video	250	1
11.3477	ftp	536	1
11.3524	ftp	536	1
11.3571	ftp	536	1
11.3619	ftp	536	1
11.3666	ftp	536	1
11.3713	ftp	536	1
11.3732	gaming	182	1
11.3779	ftp	536	1
11.3826	ftp	536	1
11.3841	gaming	132	2
11.3888	ftp	536	1
11.3936	ftp	536	1
11.3983	ftp	536	1
11.403	ftp	536	1
11.4077	ftp	536	1
11.4124	ftp	536	1
11.4172	ftp	536	1
11.4219	ftp	536	1
11.4266	ftp	536	1
11.4313	ftp	536	1
11.436	ftp	536	1
11.437	video	62	1
11.4385	gaming	136	1
11.4393	video	47	1
11.444	ftp	536	1
11.4487	ftp	536	1
11.4501	video	113	1
11.4512	gaming	83	2
11.4524	video	99	1
11.4532	video	44	1
11.4579	ftp	536	1
11.4626	ftp	536	1
11.4635	video	51	1
11.4642	voip	40	1
11.4651	video	51	1
11.4698	ftp	536	1
11.4745	ftp	536	1
11.4767	video	221	1
11.4814	ftp	536	1
11.4861	ftp	536	1
11.4872	video	85	1
11.4884	video	85	1
11.4892	video	48	1
11.4939	ftp	536	1
11.4986	ftp	536	1
11.4994	voip	40	1
11.5009	video	135	1
11.5022	video	115	1
11.5069	ftp	536	1
11.5117	ftp	536	1
11.5124	voip	40	2
11.5132	video	45	1
11.5155	gaming	228	1
11.5167	gaming	96	2
11.5214	ftp	536	1
11.5261	ftp	536	1
11.5308	ftp	536	1
11.5317	video	58	1
11.5325	video	40	1
11.5334	video	63	1
11.5342	voip	40	1
11.5349	voip	40	2
11.5396	ftp	536	1
11.5444	ftp	536	1
11.5491	ftp	536	1
11.55	video	64	1
11.5514	video	116	1
11.5519	voip	15	1
11.5527	video	44	1
11.5535	voip	40	2
11.5582	ftp	536	1
11.5597	gaming	136	1
11.561	gaming	105	2
11.5657	ftp	536	1
11.5704	ftp	536	1
11.5751	ftp	536	1
11.5799	ftp	536	1
11.5806	voip	40	2
11.5853	ftp	536	1
11.5901	ftp	536	1
11.5948	ftp	536	1
11.5995	ftp	536	1
11.6042	ftp	536	1
11.6089	ftp	536	1
11.6137	ftp	536	1
11.6184	ftp	536	1
11.6231	ftp	536	1
11.6238	voip	40	2
11.6252	gaming	111	1
11.6299	ftp	536	1
11.6346	ftp	536	1
11.6362	gaming	151	2
11.641	ftp	536	1
11.6457	ftp	536	1
11.6464	voip	40	2
11.6512	ftp	536	1
11.6559	ftp	536	1
11.6567	video	48	1
11.6614	ftp	536	1
11.6661	ftp	536	1
11.6671	video	63	1
11.6678	voip	40	2
11.6692	video	117	1
11.6739	ftp	536	1
11.6786	ftp	536	1
11.6833	ftp	536	1
11.6881	ftp	536	1
11.6897	video	148	1
11.6911	gaming	120	1
11.6938	gaming	282	2
11.6985	ftp	536	1
11.7032	ftp	536	1
11.7079	ftp	536	1
11.7087	voip	40	2
11.7097	video	71	1
11.7102	voip	15	1
11.7114	video	94	1
11.7123	video	55	1
11.7133	video	77	1
11.7144	video	80	1
11.7154	video	72	1
11.7178	video	250	1
11.7187	video	48	1
11.7201	video	127	1
11.7218	gaming	162	1
11.7266	ftp	536	1
11.7286	gaming	199	2
11.7333	ftp	536	1
11.738	ftp	536	1
11.7388	voip	40	2
11.7395	voip	40	2
11.7419	video	242	1
11.7431	video	95	1
11.7455	video	250	1
11.7479	video	250	1
11.7488	video	54	1
11.7496	voip	40	2
11.7506	video	81	1
11.7515	video	49	1
11.7562	ftp	536	1
11.7609	ftp	536	1
11.7656	ftp	536	1
11.7703	ftp	536	1
11.7751	ftp	536	1
11.7765	gaming	124	1
11.7772	voip	40	2
11.782	ftp	536	1
11.7867	ftp	536	1
11.7914	ftp	536	1
11.7961	ftp	536	1
11.7983	gaming	215	2
11.803	ftp	536	1
11.8077	ftp	536	1
11.8124	ftp	536	1
11.8172	ftp	536	1
11.8179	voip	40	2
11.8226	ftp	536	1
11.8273	ftp	536	1
11.8321	ftp	536	1
11.8368	ftp	536	1
11.8415	ftp	536	1
11.8462	ftp	536	1
11.8509	ftp	536	1
11.8557	ftp	536	1
11.8564	voip	40	2
11.8584	gaming	195	1
11.892	voip	15	1
11.8928	video	42	1
11.8943	gaming	139	2
11.8951	voip	40	2
11.9117	video	250	1
11.9133	video	152	1
11.9157	video	250	1
11.9165	video	40	1
11.9174	video	56	1
11.9191	gaming	162	1
11.92	video	53	1
11.9214	video	131	1
11.9226	video	90	1
11.9233	voip	40	2
11.9241	voip	40	2
11.926	gaming	188	2
11.9411	video	55	1
11.9418	voip	40	2
11.9442	video	250	1
11.9455	video	109	1
11.9466	video	80	1
11.9491	video	250	1
11.9499	video	52	1
11.9511	video	95	1
11.9521	video	70	1
11.953	video	63	1
11.9635	gaming	79	1
11.9654	gaming	183	2
11.9662	voip	40	2
11.9676	video	119	1
11.9686	video	74	1
11.9693	voip	40	2
12.0312	voip	15	1
12.032	voip	40	2
12.0433	gaming	184	1
12.0447	gaming	116	2
12.0785	voip	40	2
12.1123	voip	40	2
12.1135	video	99	1
12.1158	video	234	1
12.1171	gaming	107	2
12.1184	gaming	106	1
12.1333	voip	40	2
12.1344	video	87	1
12.1353	video	53	1
12.1361	video	45	1
12.1375	video	127	1
12.1383	voip	40	2
12.1441	video	90	1
12.147	gaming	305	1
12.1529	video	96	1
12.1537	video	46	1
12.1545	voip	40	2
12.1566	gaming	207	2
12.1575	video	57	1
12.1693	video	250	1
12.1704	video	82	1
12.1712	voip	40	1
12.1766	voip	40	2
12.1885	video	250	1
12.1896	video	86	1
12.1913	gaming	159	1
12.1921	voip	40	1
12.1928	voip	40	2
12.1942	gaming	112	2
12.1954	video	95	1
12.1962	video	47	1
12.1975	video	116	1
12.2233	video	217	1
12.2254	video	204	1
12.2263	video	58	1
12.2268	voip	15	1
12.2276	voip	40	2
12.2417	ftp	16080	1
12.2672	gaming	178	1
12.2727	voip	40	2
12.279	gaming	150	2
12.2939	voip	40	2
12.3094	gaming	107	1
12.3101	voip	40	2
12.321	gaming	129	2
12.3266	video	49	1
12.3322	video	58	1
12.3333	video	83	1
12.334	voip	40	2
12.3348	video	44	1
12.3403	video	46	1
12.3451	ftp	13936	1
12.347	gaming	189	1
12.3528	video	82	1
12.3536	voip	40	2
12.3594	video	86	1
12.3649	video	41	1
12.3705	video	63	1
12.3718	gaming	109	2
12.3726	voip	40	2
12.3731	voip	15	1
12.3837	video	80	1
12.3844	video	42	1
12.3856	video	88	1
12.388	video	250	1
12.389	video	72	1
12.3898	video	43	1
12.3908	video	73	1
12.3927	gaming	186	1
12.3951	video	250	1
12.3976	video	250	1
12.3983	voip	40	2
12.4136	gaming	90	2
12.4146	video	62	1
12.4154	video	50	1
12.4161	voip	40	2
12.4309	voip	15	2
12.4372	gaming	148	1
12.448	gaming	114	2
12.4621	ftp	23048	1
12.4669	ftp	536	1
12.4716	ftp	536	1
12.4763	ftp	536	1
12.4776	video	108	1
12.4785	video	54	1
12.4832	ftp	536	1
12.4841	gaming	67	1
12.4849	video	45	1
12.4897	ftp	536	1
12.4944	ftp	536	1
12.4964	video	197	1
12.4974	gaming	77	2
12.5022	ftp	536	1
12.5029	video	45	1
12.5077	ftp	536	1
12.5085	video	46	1
12.509	voip	15	1
12.5137	ftp	536	1
12.5185	ftp	536	1
12.5232	ftp	536	1
12.5246	video	120	1
12.5293	ftp	536	1
12.531	video	163	1
12.5357	ftp	536	1
12.5367	video	67	1
12.5375	video	46	1
12.5422	ftp	536	1
12.547	ftp	536	1
12.5485	gaming	140	1
12.5532	ftp	536	1
12.5541	video	50	1
12.5588	ftp	536	1
12.5597	video	64	1
12.5644	ftp	536	1
12.5692	ftp	536	1
12.5707	gaming	136	2
12.5716	video	58	1
12.5763	ftp	536	1
12.5777	video	122	1
12.5824	ftp	536	1
12.5833	video	51	1
12.588	ftp	536	1
12.5892	video	95	1
12.5939	ftp	536	1
12.5945	voip	15	2
12.5992	ftp	536	1
12.6002	video	75	1
12.6049	ftp	536	1
12.606	video	77	1
12.6075	gaming	138	1
12.6084	video	56	1
12.6131	ftp	536	1
12.6139	video	44	1
12.6186	ftp	536	1
12.6233	ftp	536	1
12.6281	ftp	536	1
12.6328	ftp	536	1
12.6339	gaming	87	2
12.6386	ftp	536	1
12.6402	gaming	148	1
12.645	ftp	536	1
12.6497	ftp	536	1
12.6544	ftp	536	1
12.6549	voip	15	1
12.6597	ftp	536	1
12.6644	ftp	536	1
12.6691	ftp	536	1
12.6738	ftp	536	1
12.6785	ftp	536	1
12.6833	ftp	536	1
12.6843	gaming	80	2
12.6852	video	58	1
12.69	ftp	536	1
12.6924	video	250	1
12.6971	ftp	536	1
12.698	video	62	1
12.7028	ftp	536	1
12.7075	ftp	536	1
12.7083	video	45	1
12.7096	gaming	107	1
12.7143	ftp	536	1
12.719	ftp	536	1
12.72	video	75	1
12.7247	ftp	536	1
12.7295	ftp	536	1
12.7302	video	42	1
12.731	video	40	1
12.7334	video	250	1
12.734	voip	15	2
12.7387	ftp	536	1
12.7434	ftp	536	1
12.7447	video	103	1
12.7455	gaming	52	2
12.7502	ftp	536	1
12.755	ftp	536	1
12.7559	video	62	1
12.7572	video	111	1
12.7596	video	250	1
12.7644	ftp	536	1
12.7691	ftp	536	1
12.7703	video	96	1
12.7713	video	80	1
12.7727	gaming	121	1
12.7775	ftp	536	1
12.7822	ftp	536	1
12.7836	video	118	1
12.7847	video	91	1
12.7855	video	46	1
12.7902	ftp	536	1
12.795	ftp	536	1
12.7958	video	48	1
12.7975	video	167	1
12.8023	ftp	536	1
12.807	ftp	536	1
12.8083	gaming	110	2
12.8091	video	41	1
12.8138	ftp	536	1
12.8185	ftp	536	1
12.8191	voip	15	1
12.8238	ftp	536	1
12.8285	ftp	536	1
12.8296	gaming	80	1
12.8343	ftp	536	1
12.839	ftp	536	1
12.8437	ftp	536	1
12.8484	ftp	536	1
12.8532	ftp	536	1
12.8553	gaming	212	2
12.86	ftp	536	1
12.8647	ftp	536	1
12.8695	ftp	536	1
12.8742	ftp	536	1
12.8753	gaming	83	1
12.88	ftp	536	1
12.8847	ftp	536	1
12.8894	ftp	536	1
12.8941	ftp	536	1
12.8947	voip	15	2
12.8994	ftp	536	1
12.9041	ftp	536	1
12.9051	video	64	1
12.9062	video	80	1
12.9077	video	138	1
12.9124	ftp	536	1
12.9171	ftp	536	1
12.9219	ftp	536	1
12.9229	video	80	1
12.9239	video	63	1
12.9254	gaming	134	1
12.9266	gaming	99	2
12.9313	ftp	536	1
12.936	ftp	536	1
12.9369	video	57	1
12.938	video	77	1
12.9427	ftp	536	1
12.9474	ftp	536	1
12.9487	video	103	1
12.9501	video	122	1
12.9548	ftp	536	1
12.9595	ftp	536	1
12.9612	video	161	1
12.9622	video	63	1
12.963	video	47	1
12.9677	ftp	536	1
12.9724	ftp	536	1
12.9738	video	124	1
12.9751	video	104	1
12.9798	ftp	536	1
12.9845	ftp	536	1
12.9857	video	96	1
12.9865	video	47	1
12.988	video	123	1
12.9927	ftp	536	1
12.9974	ftp	536	1
12.9991	gaming	157	1
13	video	56	1
13.0016	gaming	149	2
13.003	video	124	1
13.0036	voip	15	1
13.0083	ftp	536	1
13.013	ftp	536	1
13.0177	ftp	536	1
13.0194	video	154	1
13.0241	ftp	536	1
13.0288	ftp	536	1
13.0336	ftp	536	1
13.0383	ftp	536	1
13.0398	gaming	138	1
13.0445	ftp	536	1
13.0493	ftp	536	1
13.0506	gaming	114	2
13.0553	ftp	536	1
13.06	ftp	536	1
13.0648	ftp	536	1
13.0695	ftp	536	1
13.0702	voip	40	2
13.0749	ftp	536	1
13.0797	ftp	536	1
13.0809	gaming	95	1
13.0856	ftp	536	1
13.0903	ftp	536	1
13.0911	voip	40	2
13.0958	ftp	536	1
13.1005	ftp	536	1
13.1014	video	64	1
13.1062	ftp	536	1
13.1109	ftp	536	1
13.1122	gaming	111	2
13.1132	video	66	1
13.1179	ftp	536	1
13.1226	ftp	536	1
13.1233	voip	40	2
13.1258	video	250	1
13.1277	video	187	1
13.1324	ftp	536	1
13.1371	ftp	536	1
13.1388	video	158	1
13.1399	video	83	1
13.1447	ftp	536	1
13.1494	ftp	536	1
13.1541	ftp	536	1
13.1556	gaming	135	1
13.1564	video	47	1
13.1611	ftp	536	1
13.1659	ftp	536	1
13.1666	voip	40	2
13.169	video	250	1
13.1698	video	42	1
13.1704	voip	15	1
13.1723	video	183	1
13.177	ftp	536	1
13.1817	ftp	536	1
13.1833	video	151	1
13.185	gaming	157	2
13.1863	video	111	1
13.1911	ftp	536	1
13.1958	ftp	536	1
13.1971	video	112	1
13.1995	video	239	1
13.2002	voip	40	2
13.201	video	48	1
13.2057	ftp	536	1
13.2105	ftp	536	1
13.2116	video	85	1
13.2133	gaming	159	1
13.218	ftp	536	1
13.2227	ftp	536	1
13.2235	video	42	1
13.2259	video	250	1
13.2267	voip	40	2
13.2291	video	250	1
13.2301	video	74	1
13.2349	ftp	536	1
13.2396	ftp	536	1
13.2443	ftp	536	1
13.249	ftp	536	1
13.2515	gaming	256	2
13.2522	voip	40	2
13.257	ftp	536	1
13.2617	ftp	536	1
13.2664	ftp	536	1
13.2711	ftp	536	1
13.2758	ftp	536	1
13.2766	voip	40	2
13.2813	ftp	536	1
13.286	ftp	536	1
13.2885	gaming	257	1
13.2932	ftp	536	1
13.298	ftp	536	1
13.2992	gaming	99	2
13.2999	voip	40	2
13.3047	ftp	536	1
13.3094	ftp	536	1
13.3141	ftp	536	1
13.3188	ftp	536	1
13.3235	ftp	536	1
13.3283	ftp	536	1
13.3295	video	98	1
13.3302	voip	40	2
13.3314	video	92	1
13.3361	ftp	536	1
13.3408	ftp	536	1
13.3414	voip	15	1
13.3427	gaming	110	1
13.3447	video	191	1
13.3459	video	101	1
13.3506	ftp	536	1
13.3553	ftp	536	1
13.3601	ftp	536	1
13.3609	video	57	1
13.3619	video	59	1
13.3626	voip	40	2
13.365	video	250	1
13.3698	ftp	536	1
13.3745	ftp	536	1
13.3766	gaming	216	2
13.3776	video	64	1
13.3823	ftp	536	1
13.387	ftp	536	1
13.3889	video	182	1
13.39	video	79	1
13.3947	ftp	536	1
13.3994	ftp	536	1
13.4002	voip	40	2
13.4009	video	42	1
13.4057	ftp	536	1
13.4104	ftp	536	1
13.4111	video	40	1
13.4158	ftp	536	1
13.4206	ftp	536	1
13.4223	gaming	159	1
13.4233	video	79	1
13.4241	voip	40	2
13.4265	video	250	1
13.4312	ftp	536	1
13.436	ftp	536	1
13.4371	video	95	1
13.4379	video	45	1
13.4392	video	103	1
13.4399	video	40	1
13.4447	ftp	536	1
13.4494	ftp	536	1
13.4541	ftp	536	1
13.4549	voip	40	2
13.4565	gaming	157	2
13.4573	video	43	1
13.4581	video	43	1
13.4594	gaming	104	1
13.4641	ftp	536	1
13.4688	ftp	536	1
13.4735	ftp	536	1
13.4782	ftp	536	1
13.479	voip	40	2
13.4837	ftp	536	1
13.4884	ftp	536	1
13.4932	ftp	536	1
13.4979	ftp	536	1
13.4986	voip	40	2
13.5033	ftp	536	1
13.5081	ftp	536	1
13.5091	gaming	80	1
13.5097	voip	15	1
13.5116	gaming	188	2
13.5163	ftp	536	1
13.5211	ftp	536	1
13.5218	voip	40	2
13.5265	ftp	536	1
13.5313	ftp	536	1
13.536	ftp	536	1
13.5407	ftp	536	1
13.5415	voip	40	2
13.5423	video	46	1
13.547	ftp	536	1
13.5517	ftp	536	1
13.5564	ftp	536	1
13.5572	video	41	1
13.5588	gaming	151	1
13.5635	ftp	536	1
13.5683	ftp	536	1
13.5691	video	48	1
13.5707	gaming	151	2
13.5715	video	47	1
13.5762	ftp	536	1
13.581	ftp	536	1
13.582	video	76	1
13.5827	voip	40	2
13.5841	video	117	1
13.5856	video	132	1
13.5903	ftp	536	1
13.595	ftp	536	1
13.597	video	187	1
13.6017	ftp	536	1
13.6064	ftp	536	1
13.6077	video	108	1
13.6085	voip	40	2
13.6102	video	165	1
13.6125	gaming	229	2
13.6139	video	125	1
13.6152	video	102	1
13.6161	video	65	1
13.6208	ftp	536	1
13.622	gaming	88	1
13.6229	video	63	1
13.6237	voip	40	2
13.6284	ftp	536	1
13.6331	ftp	536	1
13.6342	video	80	1
13.6389	ftp	536	1
13.6436	ftp	536	1
13.6444	video	44	1
13.6452	video	46	1
13.6499	ftp	536	1
13.6546	ftp	536	1
13.6558	video	94	1
13.6566	voip	40	2
13.6613	ftp	536	1
13.666	ftp	536	1
13.6668	voip	40	1
13.6682	gaming	124	2
13.6706	video	250	1
13.6714	video	44	1
13.6761	ftp	536	1
13.6769	voip	40	2
13.6782	gaming	110	1
13.6829	ftp	536	1
13.6876	ftp	536	1
13.6884	voip	40	1
13.6931	ftp	536	1
13.6978	ftp	536	1
13.7025	ftp	536	1
13.7033	voip	40	2
13.708	ftp	536	1
13.7127	ftp	536	1
13.7174	ftp	536	1
13.7222	ftp	536	1
13.7229	voip	40	1
13.7276	ftp	536	1
13.7324	ftp	536	1
13.7371	ftp	536	1
13.7418	ftp	536	1
13.7425	voip	40	2
13.7437	gaming	95	2
13.7485	ftp	536	1
13.7532	ftp	536	1
13.7539	voip	40	1
13.7553	gaming	120	1
13.76	ftp	536	1
13.7648	ftp	536	1
13.7655	voip	40	2
13.7664	video	61	1
13.7712	ftp	536	1
13.7759	ftp	536	1
13.7769	video	74	1
13.7793	video	250	1
13.7801	video	43	1
13.7809	voip	40	1
13.7856	ftp	536	1
13.7903	ftp	536	1
13.795	ftp	536	1
13.7958	voip	40	2
13.7974	gaming	146	2
13.7982	video	52	1
13.7993	video	81	1
13.8001	video	44	1
13.8016	video	133	1
13.803	gaming	124	1
13.8054	video	250	1
13.807	video	145	1
13.8079	video	56	1
13.8087	voip	40	1
13.8094	voip	40	1
13.8141	ftp	536	1
13.8189	ftp	536	1
13.8236	ftp	536	1
13.8243	voip	40	2
13.8251	voip	40	2
13.8259	video	46	1
13.8271	video	97	1
13.829	gaming	185	2
13.8297	voip	40	1
13.8311	gaming	113	1
13.8319	video	43	1
13.8327	video	52	1
13.8335	voip	40	2
13.8345	video	82	1
13.8355	video	65	1
13.8363	video	44	1
13.8373	video	75	1
13.8382	video	54	1
13.8429	ftp	536	1
13.8476	ftp	536	1
13.8484	voip	40	1
13.8491	voip	40	2
13.8538	ftp	536	1
13.8586	ftp	536	1
13.8633	ftp	536	1
13.868	ftp	536	1
13.8727	ftp	536	1
13.8735	voip	40	1
13.8782	ftp	536	1
13.8829	ftp	536	1
13.8841	gaming	98	2
13.8889	ftp	536	1
13.8936	ftp	536	1
13.8983	ftp	536	1
13.899	voip	40	2
13.9038	ftp	536	1
13.9085	ftp	536	1
13.9132	ftp	536	1
13.914	voip	40	1
13.9249	gaming	137	1
13.9257	voip	40	2
13.9406	voip	40	1
13.9744	voip	40	2
13.976	gaming	148	2
13.9771	video	84	1
13.9783	video	98	1
13.9791	video	40	1
13.98	video	65	1
13.9808	voip	40	1
13.9817	gaming	68	1
13.9872	voip	40	2
13.9883	video	87	1
13.9899	video	143	1
13.9915	video	148	1
13.9923	voip	40	2
13.9931	video	49	1
13.9939	video	45	1
13.9947	voip	40	1
14.0001	voip	40	1
14.0014	video	99	1
14.0024	video	80	1
14.0036	gaming	95	1
14.0052	gaming	148	2
14.0107	voip	40	2
14.0118	video	82	1
14.0125	voip	40	1
14.0135	video	60	1
14.0143	video	55	1
14.0153	video	70	1
14.017	video	157	1
14.0183	video	111	1
14.0191	voip	40	2
14.0201	video	75	1
14.035	voip	40	1
14.0502	video	73	1
14.051	video	47	1
14.0706	voip	40	2
14.0723	gaming	155	1
14.0738	gaming	127	2
14.0745	voip	40	1
14.1272	voip	40	2
14.1468	voip	40	1
14.157	voip	40	2
14.1682	gaming	167	1
14.1784	voip	40	1
14.18	gaming	147	2
14.1808	voip	40	2
14.1957	voip	40	1
14.1965	video	53	1
14.1973	video	46	1
14.1998	video	250	1
14.201	video	100	1
14.2018	voip	40	2
14.2119	voip	40	1
14.2136	gaming	157	1
14.2147	video	74	1
14.2154	video	40	1
14.2165	video	77	1
14.2172	video	40	1
14.2181	video	58	1
14.2189	video	40	1
14.2213	video	250	1
14.2231	video	174	1
14.2239	video	46	1
14.2247	video	42	1
14.226	gaming	114	2
14.2268	voip	40	2
14.2275	voip	40	2
14.233	voip	40	1
14.2338	voip	40	1
14.2354	gaming	150	1
14.2367	video	110	1
14.2379	gaming	98	2
14.253	video	56	1
14.2584	voip	40	2
14.2679	ftp	13936	1
14.2781	video	42	1
14.2883	video	42	1
14.2898	video	140	1
14.2906	voip	40	1
14.3055	voip	40	2
14.3063	video	48	1
14.3118	voip	40	1
14.3179	gaming	122	2
14.3234	voip	40	2
14.3248	gaming	121	1
14.335	voip	40	1
14.3452	voip	40	2
14.3459	voip	40	1
14.3554	ftp	25728	1
14.3566	gaming	97	2
14.3573	voip	40	2
14.362	ftp	536	1
14.3633	gaming	99	1
14.368	ftp	536	1
14.3687	voip	40	1
14.3735	ftp	536	1
14.3782	ftp	536	1
14.3794	video	99	1
14.3802	voip	40	2
14.3849	ftp	536	1
14.3858	video	58	1
14.3869	video	81	1
14.3916	ftp	536	1
14.3923	voip	40	1
14.3941	video	164	1
14.3948	video	42	1
14.3996	ftp	536	1
14.4011	gaming	136	2
14.4058	ftp	536	1
14.4082	video	250	1
14.409	voip	40	2
14.4102	video	94	1
14.4149	ftp	536	1
14.4166	gaming	162	1
14.418	video	123	1
14.4191	video	80	1
14.4208	video	160	1
14.4217	video	52	1
14.4224	voip	40	1
14.4232	voip	40	2
14.4279	ftp	536	1
14.4326	ftp	536	1
14.4334	video	44	1
14.4342	video	49	1
14.4356	video	115	1
14.4363	voip	40	1
14.441	ftp	536	1
14.4458	ftp	536	1
14.4468	video	72	1
14.4515	ftp	536	1
14.4522	voip	40	2
14.4544	gaming	217	2
14.4552	video	50	1
14.4577	video	250	1
14.4624	ftp	536	1
14.4671	ftp	536	1
14.4679	voip	40	1
14.4699	video	202	1
14.4708	gaming	58	1
14.4716	voip	40	2
14.4727	video	93	1
14.4775	ftp	536	1
14.4785	video	76	1
14.4792	voip	40	1
14.484	ftp	536	1
14.4887	ftp	536	1
14.4934	ftp	536	1
14.4942	voip	40	2
14.4989	ftp	536	1
14.5036	ftp	536	1
14.5051	gaming	131	2
14.5058	voip	40	1
14.5105	ftp	536	1
14.5153	ftp	536	1
14.52	ftp	536	1
14.5207	voip	40	2
14.5255	ftp	536	1
14.5269	gaming	121	1
14.5316	ftp	536	1
14.5323	voip	40	1
14.5371	ftp	536	1
14.5418	ftp	536	1
14.5465	ftp	536	1
14.5472	voip	40	2
14.552	ftp	536	1
14.5567	ftp	536	1
14.558	gaming	105	2
14.5587	voip	40	1
14.5634	ftp	536	1
14.5681	ftp	536	1
14.5689	voip	40	2
14.5729	gaming	442	1
14.5776	ftp	536	1
14.58	video	250	1
14.5847	ftp	536	1
14.5895	ftp	536	1
14.5902	voip	40	1
14.5916	video	123	1
14.5963	ftp	536	1
14.6011	ftp	536	1
14.6058	ftp	536	1
14.6067	video	66	1
14.6075	voip	40	2
14.6087	video	100	1
14.6135	ftp	536	1
14.6182	ftp	536	1
14.6189	voip	40	1
14.6197	video	43	1
14.6208	video	89	1
14.6222	gaming	119	2
14.6269	ftp	536	1
14.6317	ftp	536	1
14.6335	video	179	1
14.6343	voip	40	2
14.639	ftp	536	1
14.6437	ftp	536	1
14.6445	video	40	1
14.6452	voip	40	1
14.646	video	44	1
14.6507	ftp	536	1
14.6555	ftp	536	1
14.6563	video	48	1
14.6576	video	112	1
14.6588	gaming	99	1
14.6596	voip	40	2
14.6607	video	86	1
14.6614	voip	40	1
14.6639	gaming	255	2
14.6652	video	108	1
14.6699	ftp	536	1
14.6747	ftp	536	1
14.6755	video	48	1
14.6762	video	42	1
14.677	voip	40	2
14.6778	video	44	1
14.6825	ftp	536	1
14.6872	ftp	536	1
14.6883	video	85	1
14.6891	video	49	1
14.6899	voip	40	1
14.6946	ftp	536	1
14.6993	ftp	536	1
14.7012	video	181	1
14.7027	gaming	130	1
14.7035	video	44	1
14.7042	voip	40	2
14.7089	ftp	536	1
14.7137	ftp	536	1
14.7144	voip	40	1
14.7163	gaming	187	2
14.7211	ftp	536	1
14.7258	ftp	536	1
14.7265	voip	40	2
14.7313	ftp	536	1
14.736	ftp	536	1
14.7367	voip	40	1
14.7415	ftp	536	1
14.7462	ftp	536	1
14.7472	gaming	76	1
14.7519	ftp	536	1
14.7567	ftp	536	1
14.7574	voip	40	2
14.7621	ftp	536	1
14.7668	ftp	536	1
14.7676	voip	40	1
14.7723	ftp	536	1
14.777	ftp	536	1
14.7818	ftp	536	1
14.7825	voip	40	2
14.7872	ftp	536	1
14.7919	ftp	536	1
14.7937	gaming	167	2
14.7945	voip	40	1
14.7992	ftp	536	1
14.8039	ftp	536	1
14.8049	video	66	1
14.8061	gaming	94	1
14.8085	video	250	1
14.8132	ftp	536	1
14.8179	ftp	536	1
14.8187	voip	40	2
14.8195	video	54	1
14.8204	video	57	1
14.821	voip	15	1
14.8217	video	41	1
14.8265	ftp	536	1
14.8312	ftp	536	1
14.8319	video	42	1
14.8335	video	146	1
14.8343	voip	40	2
14.8365	video	224	1
14.8412	ftp	536	1
14.846	ftp	536	1
14.8474	gaming	124	2
14.8482	video	53	1
14.853	ftp	536	1
14.8577	ftp	536	1
14.8585	video	44	1
14.8609	video	250	1
14.8617	video	41	1
14.8664	ftp	536	1
14.8711	ftp	536	1
14.8719	video	40	1
14.8726	voip	40	2
14.8736	video	70	1
14.8747	gaming	80	1
14.8754	video	42	1
14.8764	video	64	1
14.8811	ftp	536	1
14.8858	ftp	536	1
14.8866	video	41	1
14.8875	video	65	1
14.8923	ftp	536	1
14.897	ftp	536	1
14.8977	voip	40	2
14.8986	video	50	1
14.8994	video	55	1
14.9041	ftp	536	1
14.9089	ftp	536	1
14.9107	gaming	178	2
14.9115	voip	40	2
14.9162	ftp	536	1
14.9209	ftp	536	1
14.9256	ftp	536	1
14.9304	ftp	536	1
14.9351	ftp	536	1
14.9398	ftp	536	1
14.9405	voip	40	2
14.9417	gaming	93	1
14.9464	ftp	536	1
14.9512	ftp	536	1
14.9559	ftp	536	1
14.9577	gaming	169	2
14.9624	ftp	536	1
14.9671	ftp	536	1
14.9679	voip	40	2
14.9726	ftp	536	1
14.9773	ftp	536	1
14.9779	voip	15	1
14.9826	ftp	536	1
14.9873	ftp	536	1
14.9888	video	138	1
14.9896	voip	40	2
14.9908	video	99	1
14.9955	ftp	536	1
15.0002	ftp	536	1
15.0013	video	77	1
15.0027	gaming	123	1
15.0074	ftp	536	1
15.0121	ftp	536	1
15.0139	gaming	170	2
15.0147	video	47	1
15.0195	ftp	536	1
15.0242	ftp	536	1
15.0249	voip	40	2
15.0257	video	43	1
15.0265	video	48	1
15.0313	ftp	536	1
15.036	ftp	536	1
15.037	video	78	1
15.0379	video	52	1
15.0426	ftp	536	1
15.0473	ftp	536	1
15.0489	video	146	1
15.0497	voip	40	2
15.0509	video	94	1
15.0517	video	46	1
15.0564	ftp	536	1
15.0611	ftp	536	1
15.0619	video	41	1
15.0632	gaming	119	2
15.0642	video	64	1
15.0689	ftp	536	1
15.0736	ftp	536	1
15.0744	voip	40	2
15.0768	video	250	1
15.0779	video	81	1
15.0793	video	125	1
15.0809	gaming	145	1
15.0856	ftp	536	1
15.0903	ftp	536	1
15.0914	video	75	1
15.0961	ftp	536	1
15.1008	ftp	536	1
15.1019	video	80	1
15.1026	voip	40	2
15.1051	video	250	1
15.1098	ftp	536	1
15.1145	ftp	536	1
15.1192	ftp	536	1
15.1201	video	54	1
15.1248	ftp	536	1
15.1295	ftp	536	1
15.1303	voip	40	2
15.1321	gaming	171	2
15.1368	ftp	536	1
15.1415	ftp	536	1
15.1433	gaming	161	1
15.1438	voip	15	1
15.1485	ftp	536	1
15.1532	ftp	536	1
15.154	voip	40	2
15.1587	ftp	536	1
15.1634	ftp	536	1
15.1682	ftp	536	1
15.1729	ftp	536	1
15.1776	ftp	536	1
15.1823	ftp	536	1
15.1831	voip	40	2
15.1846	gaming	140	2
15.1893	ftp	536	1
15.1941	ftp	536	1
15.1957	gaming	149	1
15.2004	ftp	536	1
15.2051	ftp	536	1
15.2059	voip	40	2
15.2106	ftp	536	1
15.2153	ftp	536	1
15.2162	video	52	1
15.2183	video	219	1
15.2231	ftp	536	1
15.2278	ftp	536	1
15.2302	video	250	1
15.231	video	49	1
15.2358	ftp	536	1
15.2405	ftp	536	1
15.2412	voip	40	2
15.2421	video	57	1
15.2468	ftp	536	1
15.2516	ftp	536	1
15.254	video	250	1
15.2556	gaming	146	2
15.2569	video	106	1
15.2581	gaming	97	1
15.2628	ftp	536	1
15.2675	ftp	536	1
15.2684	video	52	1
15.2691	voip	40	2
15.2699	video	45	1
15.2723	video	243	1
15.277	ftp	536	1
15.2817	ftp	536	1
15.2865	ftp	536	1
15.2872	video	42	1
15.2886	video	117	1
15.2933	ftp	536	1
15.298	ftp	536	1
15.2988	voip	40	2
15.2997	video	57	1
15.3044	ftp	536	1
15.3091	ftp	536	1
15.3109	video	176	1
15.3126	video	157	1
15.3174	ftp	536	1
15.3221	ftp	536	1
15.3226	voip	15	1
15.3239	gaming	101	1
15.3246	voip	40	2
15.3264	video	168	1
15.328	gaming	149	2
15.3291	video	76	1
15.3338	ftp	536	1
15.3385	ftp	536	1
15.3394	video	56	1
15.3404	video	78	1
15.3413	video	48	1
15.346	ftp	536	1
15.3507	ftp	536	1
15.3514	voip	40	2
15.3562	ftp	536	1
15.3609	ftp	536	1
15.3656	ftp	536	1
15.3703	ftp	536	1
15.3715	gaming	92	2
15.3722	voip	40	2
15.3737	gaming	129	1
15.3784	ftp	536	1
15.3831	ftp	536	1
15.3879	ftp	536	1
15.3926	ftp	536	1
15.3933	voip	40	2
15.3981	ftp	536	1
15.4028	ftp	536	1
15.4075	ftp	536	1
15.4122	ftp	536	1
15.4169	ftp	536	1
15.4217	ftp	536	1
15.4264	ftp	536	1
15.4271	voip	40	2
15.4287	gaming	144	2
15.4334	ftp	536	1
15.4382	ftp	536	1
15.4394	gaming	104	1
15.4441	ftp	536	1
15.4489	ftp	536	1
15.4499	video	71	1
15.4507	video	52	1
15.4517	video	68	1
15.4524	voip	40	2
15.4572	ftp	536	1
15.4619	ftp	536	1
15.4627	video	43	1
15.4637	video	80	1
15.4653	video	145	1
15.47	ftp	536	1
15.4748	ftp	536	1
15.4755	video	45	1
15.4763	video	44	1
15.4769	voip	15	1
15.4816	ftp	536	1
15.4863	ftp	536	1
15.4871	voip	40	2
15.4878	video	42	1
15.4888	video	60	1
15.4897	video	64	1
15.491	gaming	104	2
15.4957	ftp	536	1
15.5004	ftp	536	1
15.5013	video	64	1
15.5038	video	250	1
15.505	gaming	96	1
15.5097	ftp	536	1
15.5144	ftp	536	1
15.5152	video	47	1
15.516	voip	40	2
15.5184	video	250	1
15.5193	video	61	1
15.5241	ftp	536	1
15.5288	ftp	536	1
15.5297	video	64	1
15.5344	ftp	536	1
15.5392	ftp	536	1
15.5399	voip	40	2
15.5423	video	250	1
15.5471	ftp	536	1
15.5518	ftp	536	1
15.5529	video	91	1
15.554	gaming	78	2
15.5548	video	46	1
15.5565	gaming	153	1
15.5612	ftp	536	1
15.5659	ftp	536	1
15.5666	voip	40	2
15.5714	ftp	536	1
15.5761	ftp	536	1
15.5808	ftp	536	1
15.5855	ftp	536	1
15.5863	voip	40	2
15.591	ftp	536	1
15.5957	ftp	536	1
15.6004	ftp	536	1
15.6052	ftp	536	1
15.6066	gaming	127	2
15.6074	voip	40	2
15.609	gaming	149	1
15.6137	ftp	536	1
15.6184	ftp	536	1
15.6231	ftp	536	1
15.6279	ftp	536	1
15.6284	voip	15	1
15.6292	voip	40	2
15.6339	ftp	536	1
15.6386	ftp	536	1
15.6433	ftp	536	1
15.648	ftp	536	1
15.6492	video	94	1
15.6501	video	54	1
15.6514	gaming	109	2
15.6523	video	57	1
15.657	ftp	536	1
15.6617	ftp	536	1
15.6625	voip	40	2
15.6672	ftp	536	1
15.6719	ftp	536	1
15.6734	gaming	131	1
15.6746	video	100	1
15.6793	ftp	536	1
15.6841	ftp	536	1
15.685	video	63	1
15.6874	video	250	1
15.6922	ftp	536	1
15.6969	ftp	536	1
15.7016	ftp	536	1
15.7023	voip	40	2
15.7071	ftp	536	1
15.7118	ftp	536	1
15.7136	video	172	1
15.7159	video	240	1
15.7177	gaming	159	2
15.7184	video	44	1
15.7232	ftp	536	1
15.7279	ftp	536	1
15.7286	voip	40	2
15.7295	video	60	1
15.7304	video	53	1
15.7351	ftp	536	1
15.7398	ftp	536	1
15.7407	video	53	1
15.7416	gaming	65	1
15.7427	video	77	1
15.7435	video	43	1
15.7482	ftp	536	1
15.7529	ftp	536	1
15.7538	video	54	1
15.7545	voip	40	2
15.7554	video	54	1
15.7601	ftp	536	1
15.7648	ftp	536	1
15.7656	video	44	1
15.7667	video	80	1
15.7685	gaming	170	2
15.7732	ftp	536	1
15.7779	ftp	536	1
15.7787	voip	40	2
15.7797	video	77	1
15.7808	video	78	1
15.7855	ftp	536	1
15.7902	ftp	536	1
15.7916	gaming	125	1
15.7964	ftp	536	1
15.8011	ftp	536	1
15.8018	voip	40	2
15.8026	voip	40	1
15.8073	ftp	536	1
15.812	ftp	536	1
15.8167	ftp	536	1
15.8215	ftp	536	1
15.8222	voip	40	2
15.8248	gaming	263	2
15.8255	voip	40	1
15.8302	ftp	536	1
15.8349	ftp	536	1
15.8397	ftp	536	1
15.8444	ftp	536	1
15.8491	ftp	536	1
15.8538	ftp	536	1
15.8546	voip	40	2
15.8553	voip	40	1
15.8601	ftp	536	1
15.8648	ftp	536	1
15.8662	gaming	130	1
15.871	ftp	536	1
15.8757	ftp	536	1
15.8764	voip	40	2
15.8772	voip	40	1
15.8819	ftp	536	1
15.8866	ftp	536	1
15.8875	video	51	1
15.8922	ftp	536	1
15.8969	ftp	536	1
15.8985	gaming	144	2
15.9009	video	250	1
15.9056	ftp	536	1
15.9104	ftp	536	1
15.9111	voip	40	2
15.9119	voip	40	1
15.9128	video	65	1
15.9137	video	50	1
15.9146	video	64	1
15.9193	ftp	536	1
15.924	ftp	536	1
15.925	video	68	1
15.9264	gaming	123	1
15.9275	video	77	1
15.9283	video	43	1
15.933	ftp	536	1
15.9377	ftp	536	1
15.9382	voip	15	2
15.9393	video	76	1
15.94	voip	40	1
15.9409	video	54	1
15.9456	ftp	536	1
15.9503	ftp	536	1
15.9521	video	161	1
15.953	video	67	1
15.9577	ftp	536	1
15.9625	ftp	536	1
15.9639	gaming	125	2
15.9663	video	250	1
15.9671	video	46	1
15.9679	voip	40	1
15.9688	video	60	1
15.9735	ftp	536	1
15.9782	ftp	536	1
15.983	ftp	536	1
15.9877	ftp	536	1
15.9924	ftp	536	1
15.9933	video	57	1
15.9943	video	76	1
15.9958	gaming	136	1
15.9967	video	54	1
15.9975	voip	40	1
15.9989	video	124	1
16.0036	ftp	536	1
16.0083	ftp	536	1
16.0094	video	85	1
16.0142	ftp	536	1
16.0189	ftp	536	1
16.0196	voip	40	1
16.0243	ftp	536	1
16.0291	ftp	536	1
16.0305	gaming	131	2
16.0353	ftp	536	1
16.04	ftp	536	1
16.0413	gaming	105	1
16.046	ftp	536	1
16.0507	ftp	536	1
16.0515	voip	40	1
16.0562	ftp	536	1
16.0609	ftp	536	1
16.0656	ftp	536	1
16.0703	ftp	536	1
16.0711	voip	40	1
16.0729	gaming	179	2
16.0777	ftp	536	1
16.0824	ftp	536	1
16.0871	ftp	536	1
16.0918	ftp	536	1
16.0926	video	40	1
16.0933	voip	40	1
16.0945	gaming	91	1
16.095	voip	15	2
16.0998	ftp	536	1
16.1045	ftp	536	1
16.1057	video	96	1
16.1104	ftp	536	1
16.1151	ftp	536	1
16.1159	video	49	1
16.1183	video	238	1
16.1199	video	147	1
16.1246	ftp	536	1
16.1293	ftp	536	1
16.1303	video	62	1
16.131	voip	40	1
16.1323	gaming	105	2
16.1337	video	118	1
16.1384	ftp	536	1
16.1431	ftp	536	1
16.144	video	63	1
16.145	video	72	1
16.1458	video	42	1
16.1505	ftp	536	1
16.1553	ftp	536	1
16.1577	video	250	1
16.1593	gaming	149	1
16.1603	video	75	1
16.1611	voip	40	1
16.1627	video	152	1
16.1675	ftp	536	1
16.1722	ftp	536	1
16.1731	video	59	1
16.1739	video	51	1
16.1747	video	44	1
16.1756	video	54	1
16.1764	video	52	1
16.1772	voip	40	1
16.1819	ftp	536	1
16.1866	ftp	536	1
16.1877	video	81	1
16.1924	ftp	536	1
16.1938	gaming	118	2
16.1985	ftp	536	1
16.1994	video	54	1
16.2041	ftp	536	1
16.2088	ftp	536	1
16.2096	voip	40	1
16.2143	ftp	536	1
16.219	ftp	536	1
16.2202	gaming	93	1
16.2249	ftp	536	1
16.2296	ftp	536	1
16.2304	voip	40	1
16.2351	ftp	536	1
16.2398	ftp	536	1
16.2416	gaming	168	2
16.2463	ftp	536	1
16.251	ftp	536	1
16.2557	ftp	536	1
16.2605	ftp	536	1
16.2652	ftp	536	1
16.2659	voip	40	1
16.2665	voip	15	2
16.2681	gaming	143	1
16.2728	ftp	536	1
16.2775	ftp	536	1
16.2783	voip	40	1
16.283	ftp	536	1
16.2877	ftp	536	1
16.2886	video	61	1
16.2895	video	57	1
16.2908	gaming	106	2
16.2916	video	42	1
16.2963	ftp	536	1
16.301	ftp	536	1
16.3025	video	131	1
16.3049	video	250	1
16.3096	ftp	536	1
16.3143	ftp	536	1
16.316	video	156	1
16.3168	voip	40	1
16.3176	video	47	1
16.3223	ftp	536	1
16.327	ftp	536	1
16.3295	video	250	1
16.3305	video	73	1
16.3352	ftp	536	1
16.3399	ftp	536	1
16.3407	video	50	1
16.342	video	102	1
16.3467	ftp	536	1
16.3514	ftp	536	1
16.3522	voip	40	1
16.3531	video	56	1
16.3545	gaming	130	1
16.3555	video	69	1
16.3602	ftp	536	1
16.365	ftp	536	1
16.3666	video	145	1
16.3682	gaming	146	2
16.3729	ftp	536	1
16.3776	ftp	536	1
16.3786	video	67	1
16.3793	voip	40	1
16.3801	video	43	1
16.3848	ftp	536	1
16.3895	ftp	536	1
16.3907	video	87	1
16.3918	video	90	1
16.3965	ftp	536	1
16.4013	ftp	536	1
16.402	voip	40	1
16.4067	ftp	536	1
16.4114	ftp	536	1
16.4132	video	163	1
16.414	video	43	1
16.4154	gaming	124	1
16.4201	ftp	536	1
16.4248	ftp	536	1
16.4256	voip	40	1
16.4303	ftp	536	1
16.435	ftp	536	1
16.4356	voip	15	2
16.4403	ftp	536	1
16.445	ftp	536	1
16.4458	voip	40	1
16.4469	gaming	91	2
16.4516	ftp	536	1
16.4564	ftp	536	1
16.4578	gaming	124	1
16.4625	ftp	536	1
16.4672	ftp	536	1
16.468	voip	40	1
16.4727	ftp	536	1
16.4774	ftp	536	1
16.4821	ftp	536	1
16.4869	ftp	536	1
16.4876	voip	40	1
16.4923	ftp	536	1
16.497	ftp	536	1
16.4979	video	56	1
16.4992	gaming	106	2
16.5001	video	55	1
16.5048	ftp	536	1
16.5095	ftp	536	1
16.5104	video	58	1
16.5119	gaming	126	1
16.5127	video	58	1
16.5152	video	250	1
16.5199	ftp	536	1
16.5246	ftp	536	1
16.5254	voip	40	1
16.5264	video	74	1
16.5273	video	54	1
16.532	ftp	536	1
16.5367	ftp	536	1
16.5391	video	250	1
16.5439	ftp	536	1
16.5486	ftp	536	1
16.5493	video	40	1
16.5518	video	250	1
16.5525	voip	40	1
16.5572	ftp	536	1
16.5619	ftp	536	1
16.5628	video	56	1
16.5643	gaming	129	2
16.569	ftp	536	1
16.5737	ftp	536	1
16.5747	video	69	1
16.5794	ftp	536	1
16.5842	ftp	536	1
16.5851	video	60	1
16.5858	voip	40	1
16.5883	video	250	1
16.5896	gaming	111	1
16.5901	voip	15	2
16.5922	video	211	1
16.597	ftp	536	1
16.6017	ftp	536	1
16.6041	video	250	1
16.6088	ftp	536	1
16.6136	ftp	536	1
16.6157	video	208	1
16.6164	voip	40	1
16.6172	video	41	1
16.618	video	54	1
16.6189	video	56	1
16.6236	ftp	536	1
16.6283	ftp	536	1
16.6299	gaming	134	2
16.6346	ftp	536	1
16.6393	ftp	536	1
16.64	voip	40	1
16.6416	gaming	136	1
16.6463	ftp	536	1
16.651	ftp	536	1
16.6557	ftp	536	1
16.6604	ftp	536	1
16.6612	voip	40	1
16.6659	ftp	536	1
16.6706	ftp	536	1
16.6721	gaming	124	2
16.6768	ftp	536	1
16.6815	ftp	536	1
16.6823	voip	40	1
16.687	ftp	536	1
16.6917	ftp	536	1
16.6928	gaming	89	1
16.6976	ftp	536	1
16.7023	ftp	536	1
16.703	voip	40	1
16.7077	ftp	536	1
16.7125	ftp	536	1
16.7149	video	250	1
16.7159	video	75	1
16.7175	gaming	146	2
16.7184	video	50	1
16.7231	ftp	536	1
16.7278	ftp	536	1
16.7286	video	40	1
16.7333	ftp	536	1
16.738	ftp	536	1
16.7387	voip	40	1
16.7399	video	85	1
16.7407	video	55	1
16.7455	ftp	536	1
16.7502	ftp	536	1
16.7507	voip	15	2
16.7523	video	143	1
16.757	ftp	536	1
16.7617	ftp	536	1
16.7636	gaming	183	1
16.7651	video	123	1
16.7658	voip	40	1
16.7705	ftp	536	1
16.7752	ftp	536	1
16.7768	video	146	1
16.7776	video	45	1
16.7824	ftp	536	1
16.7871	ftp	536	1
16.7885	gaming	118	2
16.7892	video	40	1
16.7939	ftp	536	1
16.7986	ftp	536	1
16.7998	video	89	1
16.8005	voip	40	1
16.8027	video	221	1
16.8046	video	184	1
16.8094	ftp	536	1
16.8141	ftp	536	1
16.8149	video	45	1
16.8166	gaming	158	1
16.8213	ftp	536	1
16.826	ftp	536	1
16.827	video	68	1
16.8277	voip	40	1
16.8287	video	63	1
16.8299	video	104	1
16.8347	ftp	536	1
16.8394	ftp	536	1
16.8404	video	78	1
16.842	gaming	142	2
16.8467	ftp	536	1
16.8514	ftp	536	1
16.8523	video	53	1
16.8531	voip	40	1
16.8578	ftp	536	1
16.8625	ftp	536	1
16.8672	ftp	536	1
16.8719	ftp	536	1
16.8735	gaming	147	1
16.8743	voip	40	1
16.879	ftp	536	1
16.8837	ftp	536	1
16.8856	gaming	180	2
16.8903	ftp	536	1
16.895	ftp	536	1
16.8958	voip	40	1
16.9005	ftp	536	1
16.9052	ftp	536	1
16.9058	voip	15	2
16.9105	ftp	536	1
16.9152	ftp	536	1
16.9168	gaming	140	1
16.9175	voip	40	1
16.9223	ftp	536	1
16.927	ftp	536	1
16.9317	ftp	536	1
16.9364	ftp	536	1
16.9372	video	42	1
16.9379	voip	40	1
16.9395	video	140	1
16.9442	ftp	536	1
16.9489	ftp	536	1
16.95	video	75	1
16.9516	gaming	150	2
16.9525	video	66	1
16.9573	ftp	536	1
16.962	ftp	536	1
16.9632	video	98	1
16.9679	ftp	536	1
16.9726	ftp	536	1
16.974	gaming	116	1
16.9748	voip	40	1
16.9759	video	90	1
16.9806	ftp	536	1
16.9853	ftp	536	1
16.9862	video	47	1
16.987	video	51	1
16.9882	video	91	1
16.9929	ftp	536	1
16.9976	ftp	536	1
16.9988	video	95	1
16.9995	voip	40	1
17.0004	video	51	1
17.0011	video	42	1
17.0059	ftp	536	1
17.0106	ftp	536	1
17.0122	video	146	1
17.0169	ftp	536	1
17.0216	ftp	536	1
17.0225	video	56	1
17.0238	gaming	107	2
17.0257	video	180	1
17.0264	voip	40	1
17.0311	ftp	536	1
17.0359	ftp	536	1
17.0374	video	133	1
17.0386	video	107	1
17.0434	ftp	536	1
17.0481	ftp	536	1
17.0489	video	46	1
17.0502	gaming	115	1
17.051	voip	40	1
17.0557	ftp	536	1
17.0604	ftp	536	1
17.0614	video	72	1
17.0639	video	250	1
17.0686	ftp	536	1
17.0733	ftp	536	1
17.0741	voip	40	2
17.0762	gaming	213	2
17.0809	ftp	536	1
17.0856	ftp	536	1
17.0864	voip	40	1
17.0911	ftp	536	1
17.0958	ftp	536	1
17.0966	voip	40	2
17.0979	gaming	116	1
17.1027	ftp	536	1
17.1074	ftp	536	1
17.1081	voip	40	1
17.1129	ftp	536	1
17.1176	ftp	536	1
17.1183	voip	40	2
17.1199	gaming	140	2
17.1246	ftp	536	1
17.1293	ftp	536	1
17.1301	voip	40	1
17.1348	ftp	536	1
17.1395	ftp	536	1
17.1403	voip	40	2
17.145	ftp	536	1
17.1497	ftp	536	1
17.1511	gaming	115	1
17.1518	video	42	1
17.1526	voip	40	1
17.1533	video	42	1
17.1581	ftp	536	1
17.1628	ftp	536	1
17.1639	video	80	1
17.1686	ftp	536	1
17.1733	ftp	536	1
17.174	voip	40	2
17.175	video	61	1
17.1758	video	54	1
17.1776	video	172	1
17.1824	ftp	536	1
17.1871	ftp	536	1
17.1878	voip	40	1
17.1887	video	55	1
17.1903	gaming	143	2
17.195	ftp	536	1
17.1997	ftp	536	1
17.201	video	103	1
17.2017	video	41	1
17.2025	voip	40	2
17.2072	ftp	536	1
17.2119	ftp	536	1
17.2138	gaming	183	1
17.2153	video	128	1
17.216	video	40	1
17.2168	voip	40	1
17.2215	ftp	536	1
17.223	video	131	1
17.2237	voip	40	2
17.2285	ftp	536	1
17.2332	ftp	536	1
17.2344	video	103	1
17.2359	video	132	1
17.2376	video	154	1
17.2383	voip	40	1
17.24	gaming	156	2
17.2447	ftp	536	1
17.2455	video	42	1
17.2502	ftp	536	1
17.251	voip	40	2
17.2518	video	54	1
17.2543	video	250	1
17.255	voip	40	1
17.257	gaming	197	1
17.2617	ftp	536	1
17.2642	video	250	1
17.2689	ftp	536	1
17.2736	ftp	536	1
17.2783	ftp	536	1
17.2808	video	250	1
17.2815	voip	40	2
17.2862	ftp	536	1
17.291	ftp	536	1
17.2917	voip	40	1
17.2964	ftp	536	1
17.3012	ftp	536	1
17.3059	ftp	536	1
17.3106	ftp	536	1
17.3153	ftp	536	1
17.3161	voip	40	2
17.3174	gaming	107	2
17.3191	gaming	158	1
17.3198	voip	40	1
17.3245	ftp	536	1
17.3292	ftp	536	1
17.334	ftp	536	1
17.3387	ftp	536	1
17.3394	voip	40	2
17.3442	ftp	536	1
17.3489	ftp	536	1
17.3496	voip	40	1
17.3543	ftp	536	1
17.3591	ftp	536	1
17.3598	voip	40	2
17.3618	gaming	194	2
17.3665	ftp	536	1
17.3712	ftp	536	1
17.372	voip	40	1
17.3767	ftp	536	1
17.3814	ftp	536	1
17.3823	video	52	1
17.383	voip	40	2
17.3878	ftp	536	1
17.3925	ftp	536	1
17.3939	gaming	120	1
17.3946	video	42	1
17.3955	video	55	1
17.3963	voip	40	1
17.401	ftp	536	1
17.4057	ftp	536	1
17.4066	video	56	1
17.4074	video	47	1
17.4121	ftp	536	1
17.4168	ftp	536	1
17.4176	voip	40	2
17.42	video	250	1
17.4224	video	250	1
17.4233	video	48	1
17.4246	video	119	1
17.4259	gaming	97	2
17.4266	voip	40	1
17.4313	ftp	536	1
17.4327	video	122	1
17.4335	voip	40	2
17.4347	gaming	98	1
17.4357	video	67	1
17.4366	video	61	1
17.4375	video	56	1
17.4383	video	55	1
17.4391	video	47	1
17.4399	voip	40	1
17.4446	ftp	536	1
17.4493	ftp	536	1
17.4541	ftp	536	1
17.4548	voip	40	2
17.4557	video	54	1
17.4572	gaming	137	2
17.458	voip	40	1
17.4592	video	96	1
17.4639	ftp	536	1
17.4686	ftp	536	1
17.4696	video	74	1
17.4743	ftp	536	1
17.4751	voip	40	2
17.4775	video	250	1
17.4822	ftp	536	1
17.487	ftp	536	1
17.4917	ftp	536	1
17.4924	voip	40	1
17.4972	ftp	536	1
17.4996	video	248	1
17.5008	gaming	100	1
17.5055	ftp	536	1
17.5102	ftp	536	1
17.515	ftp	536	1
17.5157	voip	40	2
17.5204	ftp	536	1
17.5252	ftp	536	1
17.5299	ftp	536	1
17.5346	ftp	536	1
17.5353	voip	40	1
17.5372	gaming	183	2
17.542	ftp	536	1
17.5467	ftp	536	1
17.5474	voip	40	2
17.5482	voip	40	1
17.5529	ftp	536	1
17.5576	ftp	536	1
17.5623	ftp	536	1
17.5671	ftp	536	1
17.5678	voip	40	2
17.5696	gaming	163	1
17.5743	ftp	536	1
17.579	ftp	536	1
17.5797	voip	40	1
17.5845	ftp	536	1
17.5892	ftp	536	1
17.5909	gaming	160	2
17.5956	ftp	536	1
17.6003	ftp	536	1
17.6011	voip	40	2
17.6019	video	44	1
17.6026	voip	40	1
17.6043	video	158	1
17.609	ftp	536	1
17.6138	ftp	536	1
17.6145	video	43	1
17.6165	video	188	1
17.6212	ftp	536	1
17.6259	ftp	536	1
17.6267	voip	40	2
17.6291	video	250	1
17.6299	video	45	1
17.6346	ftp	536	1
17.6393	ftp	536	1
17.6441	ftp	536	1
17.6448	voip	40	1
17.6461	gaming	114	1
17.6477	gaming	146	2
17.6485	voip	40	2
17.6499	video	127	1
17.6516	video	147	1
17.6523	video	43	1
17.6531	video	40	1
17.654	video	57	1
17.6559	video	185	1
17.6606	ftp	536	1
17.6653	ftp	536	1
17.67	ftp	536	1
17.671	video	60	1
17.6719	video	65	1
17.6727	voip	40	1
17.6734	voip	40	1
17.675	gaming	147	1
17.6769	gaming	178	2
17.6776	voip	40	2
17.6787	video	78	1
17.6794	voip	40	2
17.6803	video	55	1
17.6812	video	63	1
17.686	ftp	536	1
17.6907	ftp	536	1
17.6954	ftp	536	1
17.6962	voip	40	1
17.7009	ftp	536	1
17.7017	video	54	1
17.7065	ftp	536	1
17.7081	video	149	1
17.7128	ftp	536	1
17.7175	ftp	536	1
17.7186	video	78	1
17.7233	ftp	536	1
17.728	ftp	536	1
17.7327	ftp	536	1
17.7335	voip	40	2
17.7382	ftp	536	1
17.7429	ftp	536	1
17.7437	voip	40	1
17.746	gaming	239	1
17.7507	ftp	536	1
17.7555	ftp	536	1
17.7562	voip	40	2
17.7609	ftp	536	1
17.7657	ftp	536	1
17.7664	voip	40	1
17.7678	gaming	115	2
17.7725	ftp	536	1
17.7772	ftp	536	1
17.778	voip	40	2
17.7827	ftp	536	1
17.7874	ftp	536	1
17.7881	voip	40	1
17.7929	ftp	536	1
17.7976	ftp	536	1
17.799	gaming	119	1
17.8037	ftp	536	1
17.8084	ftp	536	1
17.8092	voip	40	2
17.8139	ftp	536	1
17.8186	ftp	536	1
17.8194	voip	40	1
17.821	video	153	1
17.8226	gaming	140	2
17.8273	ftp	536	1
17.832	ftp	536	1
17.8328	video	43	1
17.8335	voip	40	2
17.8349	video	119	1
17.8396	ftp	536	1
17.8444	ftp	536	1
17.8468	video	250	1
17.8475	video	40	1
17.85	video	250	1
17.8509	video	67	1
17.852	video	79	1
17.8528	voip	40	1
17.8545	gaming	169	1
17.8553	voip	40	2
17.86	ftp	536	1
17.8619	video	176	1
17.8633	gaming	128	2
17.8643	video	69	1
17.8651	video	44	1
17.8658	voip	40	1
17.8705	ftp	536	1
17.8714	video	55	1
17.8724	video	67	1
17.8744	video	193	1
17.8755	video	89	1
17.8763	voip	40	2
17.877	voip	40	1
17.8817	ftp	536	1
17.8865	ftp	536	1
17.8873	video	56	1
17.8888	gaming	131	1
17.8896	video	49	1
17.8905	video	58	1
17.8925	gaming	189	2
17.8933	video	46	1
17.8942	video	59	1
17.8949	voip	40	2
17.8957	voip	40	1
17.9004	ftp	536	1
17.9051	ftp	536	1
17.9098	ftp	536	1
17.9146	ftp	536	1
17.9193	ftp	536	1
17.92	voip	40	2
17.9248	ftp	536	1
17.9255	voip	40	1
17.9302	ftp	536	1
17.9349	ftp	536	1
17.9397	ftp	536	1
17.9444	ftp	536	1
17.9491	ftp	536	1
17.9538	ftp	536	1
17.9585	ftp	536	1
17.9633	ftp	536	1
17.964	voip	40	2
17.9651	gaming	87	1
17.9699	ftp	536	1
17.9746	ftp	536	1
17.9753	voip	40	1
17.9801	ftp	536	1
17.9848	ftp	536	1
17.9861	gaming	110	2
17.9868	voip	40	2
17.9916	ftp	536	1
17.9958	ftp	480	1
17.9966	voip	40	1
17.9973	voip	40	2
17.9986	video	103	1
17.9995	video	62	1
18.0008	video	100	1
18.0015	voip	40	1
18.0027	video	97	1
18.0041	gaming	113	1
18.0054	video	109	1
18.0061	voip	40	2
18.0077	video	145	1
18.0114	gaming	403	2
18.0138	video	250	1
18.0145	voip	40	1
18.0157	video	93	1
18.0172	video	126	1
18.0179	voip	40	2
18.0188	video	52	1
18.0195	voip	40	1
18.0203	video	44	1
18.0227	video	250	1
18.0235	video	45	1
18.0244	video	58	1
18.0252	video	42	1
18.0259	voip	40	2
18.0271	gaming	94	1
18.0284	gaming	102	2
18.0291	voip	40	1
18.0305	video	114	1
18.0313	video	49	1
18.0322	video	56	1
18.0329	video	40	1
18.0339	video	66	1
18.0346	voip	40	2
18.0354	voip	40	1
18.0361	voip	40	2
18.0379	gaming	170	1
18.0396	gaming	150	2
18.0403	voip	40	1
18.0411	voip	40	2
18.0418	voip	40	1
18.0426	voip	40	2
18.0442	gaming	147	2
18.0449	voip	40	1
18.0468	gaming	181	1
18.0479	video	86	1
18.0493	video	120	1
18.0501	voip	40	2
18.0512	video	92	1
18.0522	video	63	1
18.0529	voip	40	1
18.0538	video	56	1
18.0551	video	104	1
18.0563	video	94	1
18.057	voip	40	2
18.0587	video	157	1
18.0595	video	53	1
18.0603	voip	40	1
18.0621	video	175	1
18.0633	gaming	88	1
18.0644	gaming	85	2
18.0658	video	124	1
18.0667	video	52	1
18.0674	voip	40	2
18.0682	video	44	1
18.069	video	48	1
18.0698	voip	40	1
18.0714	video	151	1
18.0735	video	207	1
18.0759	video	250	1
18.0767	voip	40	2
18.0774	video	40	1
18.0782	voip	40	1
18.0794	video	96	1
18.0808	gaming	125	1
18.0816	video	43	1
18.0831	gaming	130	2
18.0838	voip	40	2
18.0846	voip	40	1
18.0853	voip	40	2
18.0884	voip	40	1
18.0977	gaming	126	1
18.1046	voip	40	2
18.111	gaming	155	2
18.1146	voip	40	1
18.1308	voip	40	2
18.1408	voip	40	1
18.142	video	52	1
18.148	video	64	1
18.154	video	250	1
18.1553	gaming	105	1
18.1565	video	101	1
18.1573	voip	40	2
18.1671	voip	40	1
18.1686	gaming	140	2
18.1694	video	46	1
18.1723	video	46	1
18.1833	voip	40	2
18.1848	video	43	1
18.1933	voip	40	1
18.194	video	40	1
18.2063	video	41	1
18.2094	video	54	1
18.2101	voip	40	2
18.2127	gaming	128	1
18.2143	video	60	1
18.2188	video	53	1
18.2196	voip	40	1
18.2215	gaming	84	2
18.2264	video	42	1
18.2291	video	42	1
18.2351	video	117	1
18.2358	voip	40	2
18.2383	video	155	1
18.2457	voip	40	1
18.2505	video	112	1
18.2575	video	142	1
18.262	video	83	1
18.2628	voip	40	2
18.2646	video	79	1
18.2694	gaming	205	1
18.272	voip	40	1
18.2882	voip	40	2
18.2961	gaming	166	2
18.2982	voip	40	1
18.3144	voip	40	2
18.3244	voip	40	1
18.3287	gaming	121	1
18.3406	voip	40	2
18.3495	gaming	92	2
18.3507	voip	40	1
18.366	video	250	1
18.3669	voip	40	2
18.3699	video	42	1
18.3769	voip	40	1
18.3809	video	121	1
18.3825	gaming	145	1
18.3847	video	123	1
18.3931	voip	40	2
18.3958	video	91	1
18.3988	video	51	1
18.4029	gaming	143	2
18.4037	voip	40	1
18.4115	video	75	1
18.4193	voip	40	2
18.423	video	45	1
18.4294	voip	40	1
18.4364	video	188	1
18.4406	video	250	1
18.4421	gaming	140	1
18.4432	video	84	1
18.4456	voip	40	2
18.4503	gaming	183	2
18.4541	video	62	1
18.4556	voip	40	1
18.457	video	51	1
18.4683	video	54	1
18.4711	video	47	1
18.4718	voip	40	2
18.475	video	78	1
18.4776	video	56	1
18.4813	video	71	1
18.482	voip	40	1
18.4861	video	190	1
18.4904	video	40	1
18.498	voip	40	2
18.4993	gaming	112	2
18.5023	gaming	200	1
18.508	voip	40	1
18.5242	voip	40	2
18.5343	voip	40	1
18.5505	voip	40	2
18.552	gaming	139	2
18.5587	gaming	125	1
18.5605	voip	40	1
18.5767	voip	40	2
18.5867	voip	40	1
18.5904	video	43	1
18.603	video	53	1
18.6037	voip	40	2
18.6051	gaming	123	2
18.6075	video	80	1
18.6127	video	52	1
18.6134	voip	40	1
18.6167	gaming	128	1
18.6198	video	123	1
18.6224	video	76	1
18.6297	video	250	1
18.6305	voip	40	2
18.6392	voip	40	1
18.6408	video	66	1
18.6463	video	43	1
18.6489	video	48	1
18.6554	voip	40	2
18.6563	video	55	1
18.6575	gaming	105	2
18.661	video	52	1
18.6654	voip	40	1
18.669	gaming	159	1
18.6735	video	52	1
18.6803	video	57	1
18.6816	voip	40	2
18.6853	video	66	1
18.689	video	52	1
18.6916	voip	40	1
18.6924	video	42	1
18.7011	video	250	1
18.7033	video	93	1
18.7079	voip	40	2
18.7106	video	171	1
18.7163	gaming	65	2
18.7179	voip	40	1
18.7216	gaming	105	1
18.7341	voip	40	2
18.7441	voip	40	1
18.7603	voip	40	2
18.7708	gaming	139	1
18.7716	voip	40	1
18.778	gaming	146	2
18.7865	voip	40	2
18.7966	voip	40	1
18.8099	video	80	1
18.8128	voip	40	2
18.8226	gaming	105	1
18.8233	video	42	1
18.8241	voip	40	1
18.8265	video	250	1
18.8301	video	250	1
18.8363	video	250	1
18.839	voip	40	2
18.8405	gaming	134	2
18.8468	video	152	1
18.849	voip	40	1
18.85	video	65	1
18.852	video	47	1
18.8638	video	132	1
18.8652	voip	40	2
18.8753	voip	40	1
18.8764	video	88	1
18.8793	video	49	1
18.8807	gaming	123	1
18.8855	video	250	1
18.8915	voip	40	2
18.8933	video	129	1
18.8958	video	70	1
18.9005	video	77	1
18.9015	voip	40	1
18.9088	gaming	127	2
18.9131	video	93	1
18.9165	video	91	1
18.9177	voip	40	2
18.9189	video	52	1
18.9235	video	40	1
18.9279	video	62	1
18.9286	voip	40	1
18.9346	gaming	238	1
18.9439	voip	40	2
18.9539	voip	40	1
18.9701	voip	40	2
18.9717	gaming	110	2
18.9802	voip	40	1
18.9822	gaming	189	1
18.9964	voip	40	2
19.0064	voip	40	1
19.0226	voip	40	2
19.0276	gaming	97	2
19.0285	video	64	1
19.0318	video	44	1
19.0326	voip	40	1
19.0345	gaming	99	1
19.036	video	137	1
19.041	video	100	1
19.0447	video	184	1
19.0488	voip	40	2
19.0497	video	55	1
19.0554	video	106	1
19.0581	video	48	1
19.0589	voip	40	1
19.0631	video	50	1
19.0673	video	250	1
19.0684	video	73	1
19.0731	video	42	1
19.0751	voip	40	2
19.0761	video	48	1
19.0851	voip	40	1
19.0866	gaming	95	2
19.0881	gaming	143	1
19.0906	video	250	1
19.0917	video	57	1
19.0953	video	97	1
19.1013	voip	40	2
19.1088	video	218	1
19.1113	voip	40	1
19.1149	video	166	1
19.118	video	94	1
19.1239	video	71	1
19.1275	voip	40	2
19.1376	voip	40	1
19.1409	gaming	135	2
19.1474	gaming	90	1
19.1538	voip	40	2
19.1638	voip	40	1
19.18	voip	40	2
19.19	voip	40	1
19.1978	gaming	128	2
19.1992	gaming	114	1
19.2062	voip	40	2
19.2162	voip	40	1
19.2239	video	73	1
19.2276	video	91	1
19.2317	video	45	1
19.2324	voip	40	2
19.2431	video	250	1
19.2438	voip	40	1
19.2447	video	53	1
19.2472	video	63	1
19.2486	gaming	122	2
19.2587	voip	40	2
19.2595	video	43	1
19.2639	gaming	143	1
19.2687	voip	40	1
19.2705	video	177	1
19.2722	video	84	1
19.2777	video	250	1
19.2834	video	250	1
19.2844	video	51	1
19.2852	voip	40	2
19.2888	video	250	1
19.2912	video	88	1
19.2944	video	106	1
19.2951	voip	40	1
19.3018	video	250	1
19.3033	gaming	126	2
19.3084	video	76	1
19.3111	voip	40	2
19.3206	video	40	1
19.3214	voip	40	1
19.3263	gaming	204	1
19.3273	video	49	1
19.3337	video	228	1
19.3374	voip	40	2
19.3474	voip	40	1
19.3611	gaming	160	2
19.3636	voip	40	2
19.3736	voip	40	1
19.3875	gaming	104	1
19.3898	voip	40	2
19.3998	voip	40	1
19.4098	gaming	131	2
19.416	voip	40	2
19.4261	voip	40	1
19.4323	video	55	1
19.4361	video	40	1
19.4413	video	250	1
19.4423	voip	40	2
19.4438	video	51	1
19.447	video	122	1
19.4523	gaming	194	1
19.453	voip	40	1
19.454	video	70	1
19.4553	video	44	1
19.4586	video	50	1
19.4625	gaming	86	2
19.466	video	47	1
19.4685	voip	40	2
19.4752	video	127	1
19.4776	video	41	1
19.4785	voip	40	1
19.4815	video	148	1
19.4835	video	52	1
19.4889	video	250	1
19.4935	video	147	1
19.4947	voip	40	2
19.4959	video	70	1
19.4983	video	56	1
19.5031	video	44	1
19.5048	voip	40	1
19.5084	video	106	1
19.5105	video	46	1
19.5143	gaming	184	2
19.521	voip	40	2
19.5231	gaming	218	1
19.531	voip	40	1
19.5472	voip	40	2
19.5572	voip	40	1
19.5734	voip	40	2
19.5756	gaming	106	1
19.581	gaming	154	2
19.5835	voip	40	1
19.5997	voip	40	2
19.6097	voip	40	1
19.6105	video	53	1
19.6234	video	96	1
19.6259	voip	40	2
19.6324	gaming	214	1
19.6358	video	79	1
19.6365	voip	40	1
19.6399	gaming	138	2
19.6496	video	250	1
19.6533	video	199	1
19.6541	voip	40	2
19.6619	voip	15	1
19.6648	video	70	1
19.6676	video	62	1
19.6704	video	49	1
19.6783	voip	40	2
19.681	video	172	1
19.6829	video	78	1
19.6873	video	212	1
19.6894	gaming	199	1
19.6907	video	111	1
19.6965	video	90	1
19.6977	gaming	93	2
19.7004	video	94	1
19.7046	voip	40	2
19.7061	video	40	1
19.712	video	250	1
19.7169	video	190	1
19.7234	video	250	1
19.7266	video	143	1
19.7308	voip	40	2
19.7389	video	119	1
19.7564	gaming	83	1
19.7571	voip	40	2
19.7584	gaming	104	2
19.7833	voip	40	2
19.8095	voip	40	2
19.8113	gaming	71	1
19.8158	gaming	122	2
19.8219	voip	15	1
19.8357	voip	40	2
19.8385	video	76	1
19.8422	video	55	1
19.8456	video	75	1
19.8488	video	63	1
19.8514	video	66	1
19.8546	video	43	1
19.8617	gaming	121	1
19.8624	voip	40	2
19.8674	video	76	1
19.8688	gaming	120	2
19.8705	video	68	1
19.8792	video	95	1
19.8882	voip	40	2
19.8906	video	250	1
19.9009	video	63	1
19.9137	video	106	1
19.9145	voip	40	2
19.9163	gaming	179	1
19.9238	gaming	123	2
19.9259	video	207	1
19.9273	video	66	1
19.9308	video	97	1
19.9406	voip	40	2
19.9445	video	250	1
19.9559	video	111	1
19.9596	video	65	1
19.9633	video	116	1
19.9657	gaming	120	1
19.9681	video	236	1
19.9689	voip	40	2
19.9822	gaming	171	2
19.9827	voip	15	1
19.9931	voip	40	2
20.0202	gaming	181	1
20.0209	voip	40	2
20.0367	gaming	117	2
20.0456	voip	40	2
20.0671	video	99	1
20.0718	voip	40	2
20.0792	video	67	1
20.0817	video	67	1
20.0846	gaming	241	1
20.0919	gaming	141	2
20.0942	video	62	1
20.098	voip	40	2
20.1039	video	151	1
20.1067	video	54	1
20.1099	video	41	1
20.1186	video	40	1
20.1242	voip	40	2
20.1288	video	57	1
20.1331	video	49	1
20.1419	voip	15	1
20.1474	gaming	341	1
20.1482	video	44	1
20.1505	voip	40	2
20.1528	gaming	127	2
20.1536	video	49	1
20.1661	video	153	1
20.1767	voip	40	2
20.1779	video	69	1
20.1805	video	45	1
20.1934	video	89	1
20.1991	video	250	1
20.2029	voip	40	2
20.2045	gaming	147	1
20.206	gaming	123	2
20.2078	video	178	1
20.21	video	177	1
20.213	video	66	1
20.2292	voip	40	2
20.2513	gaming	77	1
20.2554	voip	40	2
20.2677	gaming	114	2
20.2816	voip	40	2
20.3019	voip	15	1
20.3079	voip	40	2
20.3099	gaming	142	1
20.3128	video	43	1
20.3254	video	53	1
20.3268	gaming	119	2
20.3298	video	187	1
20.3328	video	88	1
20.3341	voip	40	2
20.3363	video	72	1
20.3389	video	72	1
20.3418	video	90	1
20.3547	video	138	1
20.3584	gaming	80	1
20.3603	voip	40	2
20.3667	video	67	1
20.3699	video	43	1
20.3824	video	41	1
20.3852	video	62	1
20.3865	gaming	88	2
20.3873	voip	40	2
20.3976	video	50	1
20.4016	video	125	1
20.4041	video	114	1
20.4066	video	69	1
20.4128	voip	40	2
20.4139	video	88	1
20.416	video	66	1
20.4188	video	60	1
20.4236	video	250	1
20.426	gaming	156	1
20.439	voip	40	2
20.4464	gaming	195	2
20.4619	voip	15	1
20.4652	voip	40	2
20.486	gaming	159	1
20.4893	gaming	61	2
20.4915	voip	40	2
20.5177	voip	40	2
20.5223	video	84	1
20.5283	video	192	1
20.5396	gaming	105	2
20.5412	video	141	1
20.5428	video	47	1
20.5439	voip	40	2
20.5466	video	88	1
20.55	video	52	1
20.5532	video	41	1
20.5574	video	104	1
20.5588	gaming	119	1
20.5597	video	53	1
20.5701	voip	40	2
20.5727	video	250	1
20.5743	video	56	1
20.5782	video	139	1
20.5816	video	250	1
20.5875	video	203	1
20.5897	video	40	1
20.596	video	192	1
20.5972	gaming	105	2
20.598	voip	40	2
20.6004	video	43	1
20.607	gaming	157	1
20.6078	video	53	1
20.6103	video	142	1
20.6146	video	250	1
20.6219	voip	15	1
20.6227	voip	40	2
20.6488	voip	40	2
20.6508	gaming	126	2
20.6675	gaming	220	1
20.6751	voip	40	2
20.7013	voip	40	2
20.7057	gaming	113	2
20.713	video	50	1
20.7171	video	54	1
20.7199	video	46	1
20.7275	voip	40	2
20.7331	video	132	1
20.7344	gaming	106	1
20.7386	video	250	1
20.7465	video	44	1
20.7536	video	78	1
20.7543	voip	40	2
20.756	video	43	1
20.7588	video	42	1
20.7606	gaming	102	2
20.7638	video	95	1
20.7673	video	66	1
20.7713	video	53	1
20.7749	video	106	1
20.7786	video	69	1
20.78	voip	40	2
20.7822	video	84	1
20.7828	voip	15	1
20.7893	video	206	1
20.7904	gaming	84	1
20.7919	video	130	1
20.7951	video	250	1
20.7991	video	82	1
20.8062	voip	40	2
20.813	video	250	1
20.8148	gaming	131	2
20.8324	voip	40	2
20.8409	gaming	150	1
20.8587	voip	40	2
20.8654	gaming	74	2
20.8849	voip	40	2
20.8947	gaming	122	1
20.9111	voip	40	2
20.9121	video	71	1
20.916	video	150	1
20.9198	gaming	128	2
20.9222	video	41	1
20.9249	video	61	1
20.9349	video	70	1
20.9374	voip	40	2
20.9393	video	72	1
20.9419	voip	15	1
20.9532	video	250	1
20.9563	video	87	1
20.9606	video	250	1
20.9619	video	51	1
20.9636	voip	40	2
20.966	video	62	1
20.9682	gaming	180	1
20.9698	video	41	1
20.9725	video	46	1
20.9852	video	67	1
20.9874	gaming	220	2
20.9883	video	58	1
20.9898	voip	40	2
20.9913	video	101	1
20.9973	video	87	1
21.0007	video	187	1
21.0055	video	132	1
21.0078	video	45	1
21.0158	voip	15	2
21.0408	gaming	126	2
21.0556	gaming	105	1
21.0931	gaming	158	2
21.1019	voip	15	1
21.1078	video	43	1
21.1147	gaming	128	1
21.1189	video	65	1
21.1243	video	68	1
21.1366	video	49	1
21.1397	video	70	1
21.1441	video	84	1
21.1476	gaming	100	2
21.1553	video	78	1
21.1602	video	250	1
21.1656	video	57	1
21.1692	video	100	1
21.1714	gaming	214	1
21.1729	video	144	1
21.1763	video	108	1
21.1768	voip	15	2
21.1882	video	43	1
21.1953	gaming	192	2
21.1962	video	52	1
21.2023	video	89	1
21.2155	video	179	1
21.22	video	87	1
21.2224	video	47	1
21.2248	gaming	133	1
21.2356	video	140	1
21.2396	video	119	1
21.2545	gaming	89	2
21.2619	voip	15	1
21.2734	gaming	80	1
21.3275	gaming	92	2
21.3358	voip	15	2
21.3385	gaming	220	1
21.3393	video	48	1
21.3448	video	43	1
21.3479	video	108	1
21.3536	video	250	1
21.3575	video	81	1
21.3611	video	49	1
21.3644	video	118	1
21.3735	video	60	1
21.3783	video	250	1
21.3799	video	59	1
21.3823	video	40	1
21.3875	gaming	94	2
21.3965	video	250	1
21.4056	gaming	116	1
21.408	video	132	1
21.4113	video	52	1
21.4145	video	45	1
21.4195	video	51	1
21.4223	video	60	1
21.4229	voip	15	1
21.4274	video	58	1
21.4307	video	40	1
21.4426	gaming	101	2
21.4436	video	67	1
21.461	gaming	163	1
21.4958	voip	15	2
21.4972	gaming	121	2
21.5363	gaming	75	1
21.5433	video	60	1
21.5484	video	44	1
21.5514	video	87	1
21.558	gaming	153	2
21.5602	video	165	1
21.5718	video	52	1
21.5747	video	70	1
21.58	video	60	1
21.5819	voip	15	1
21.5843	video	68	1
21.5874	video	46	1
21.5942	video	250	1
21.5954	gaming	90	1
21.5963	video	61	1
21.5995	video	163	1
21.602	video	48	1
21.6098	video	49	1
21.6123	video	42	1
21.616	video	59	1
21.6195	video	47	1
21.6209	gaming	122	2
21.6222	video	48	1
21.6251	video	57	1
21.6275	video	43	1
21.6558	voip	15	2
21.6617	gaming	126	1
21.6897	gaming	108	2
21.7268	gaming	264	1
21.7276	video	41	1
21.7348	video	60	1
21.7402	video	250	1
21.7416	gaming	103	2
21.7422	voip	15	1
21.7511	video	53	1
21.7566	video	87	1
21.7673	video	56	1
21.7802	video	250	1
21.7812	gaming	70	1
21.7825	video	66	1
21.787	video	51	1
21.7913	video	250	1
21.8012	video	44	1
21.8047	gaming	116	2
21.8096	video	250	1
21.8132	video	40	1
21.8158	voip	15	2
21.8179	video	73	1
21.8296	video	250	1
21.8334	video	150	1
21.8378	video	52	1
21.8419	gaming	277	1
21.8435	video	137	1
21.8459	video	250	1
21.8566	video	64	1
21.8595	gaming	85	2
21.9026	gaming	107	1
21.9031	voip	15	1
21.9168	gaming	123	2
21.9555	gaming	102	1
21.9581	video	250	1
21.9602	video	99	1
21.9628	video	41	1
21.9691	video	246	1
21.976	voip	40	2
21.9771	gaming	82	2
21.9782	video	80	1
21.9833	video	71	1
21.996	video	162	1
21.9983	video	56	1
22.0019	video	69	1
22.0027	voip	40	2
22.0132	gaming	188	1
22.0144	video	69	1
22.0193	video	53	1
22.0239	video	250	1
22.027	video	207	1
22.0285	voip	40	2
22.0293	video	47	1
22.0308	gaming	135	2
22.0413	video	46	1
22.044	video	46	1
22.0476	video	170	1
22.0505	video	65	1
22.0547	voip	40	2
22.0591	video	63	1
22.0619	voip	15	1
22.0655	video	85	1
22.0679	gaming	147	1
22.081	voip	40	2
22.0831	gaming	169	2
22.1072	voip	40	2
22.1255	gaming	98	1
22.1329	gaming	142	2
22.1337	voip	40	2
22.1597	voip	40	2
22.1653	video	60	1
22.171	video	80	1
22.174	video	68	1
22.1769	video	62	1
22.1823	video	58	1
22.1852	gaming	174	2
22.1881	gaming	310	1
22.1889	voip	40	2
22.1899	video	79	1
22.1935	video	250	1
22.2002	video	60	1
22.2074	video	45	1
22.2121	voip	40	2
22.2134	video	54	1
22.2219	voip	15	1
22.2261	video	80	1
22.2395	gaming	216	2
22.2403	video	49	1
22.2411	voip	40	2
22.2428	video	163	1
22.2446	gaming	166	1
22.2462	video	152	1
22.251	video	54	1
22.2558	video	205	1
22.2623	video	99	1
22.2644	voip	15	2
22.2744	video	45	1
22.2824	video	181	1
22.2851	video	57	1
22.3026	gaming	112	1
22.3081	gaming	161	2
22.3537	gaming	117	1
22.3696	gaming	96	2
22.3821	voip	40	1
22.3851	video	54	1
22.3908	video	95	1
22.3958	video	42	1
22.4018	video	123	1
22.4058	video	250	1
22.4071	video	90	1
22.4084	voip	40	1
22.4097	video	41	1
22.4138	gaming	134	1
22.423	video	146	1
22.4244	voip	15	2
22.4256	video	78	1
22.4346	voip	40	1
22.4373	video	44	1
22.4385	gaming	91	2
22.4402	video	56	1
22.4479	video	53	1
22.4505	video	45	1
22.4545	video	60	1
22.4588	video	250	1
22.4607	video	55	1
22.4614	voip	40	1
22.4624	gaming	73	1
22.4646	video	131	1
22.4674	video	58	1
22.4728	video	250	1
22.4759	video	89	1
22.4871	voip	40	1
22.4966	gaming	102	2
22.5133	voip	40	1
22.5152	gaming	183	1
22.5395	voip	40	1
22.5572	gaming	172	2
22.5651	gaming	50	1
22.5659	voip	40	1
22.5763	video	136	1
22.5806	video	250	1
22.5844	voip	15	2
22.5931	video	250	1
22.5938	voip	40	1
22.5961	video	227	1
22.6067	video	54	1
22.6182	voip	40	1
22.6205	video	219	1
22.6229	video	155	1
22.6347	video	64	1
22.6369	gaming	144	2
22.639	video	197	1
22.6405	gaming	101	1
22.642	video	130	1
22.6444	voip	40	1
22.6466	video	219	1
22.6486	video	69	1
22.6523	video	138	1
22.6546	video	97	1
22.6612	video	250	1
22.6707	voip	40	1
22.6717	video	78	1
22.6769	video	163	1
22.682	video	95	1
22.6895	gaming	222	1
22.6915	gaming	85	2
22.6941	video	45	1
22.6969	voip	40	1
22.7	video	67	1
22.7231	voip	40	1
22.7444	voip	15	2
22.7467	gaming	114	2
22.7479	gaming	95	1
22.7494	voip	40	1
22.7756	voip	40	1
22.7957	gaming	110	2
22.8015	video	250	1
22.8022	voip	40	1
22.8037	video	124	1
22.8056	gaming	111	1
22.8065	video	56	1
22.8181	video	73	1
22.828	voip	40	1
22.8299	video	64	1
22.8362	video	44	1
22.8406	video	84	1
22.8436	video	62	1
22.85	video	250	1
22.8518	gaming	120	2
22.8543	voip	40	1
22.8574	video	141	1
22.8633	gaming	79	1
22.8654	video	62	1
22.8794	video	250	1
22.8805	voip	40	1
22.8829	video	250	1
22.8873	video	149	1
22.8902	video	104	1
22.9033	video	183	1
22.9044	voip	15	2
22.9067	gaming	236	2
22.9074	voip	40	1
22.9114	gaming	91	1
22.9147	video	42	1
22.9183	video	109	1
22.929	video	155	1
22.933	voip	40	1
22.9369	video	44	1
22.9592	voip	40	1
22.9645	gaming	90	2
22.9665	gaming	98	1
22.9854	voip	40	1
23.0116	voip	40	1
23.0334	gaming	202	2
23.0349	gaming	132	1
23.037	video	57	1
23.0379	voip	40	1
23.0431	video	40	1
23.0561	video	104	1
23.0594	video	47	1
23.0628	video	149	1
23.0641	voip	40	1
23.0647	voip	15	2
23.0666	video	81	1
23.0754	video	162	1
23.0826	gaming	101	2
23.0873	video	80	1
23.0903	voip	40	1
23.0928	video	250	1
23.0972	gaming	185	1
23.0989	video	47	1
23.104	video	80	1
23.1138	video	160	1
23.1177	video	250	1
23.1185	voip	40	1
23.1193	video	44	1
23.1318	video	60	1
23.1411	gaming	161	2
23.1428	voip	40	1
23.1442	video	47	1
23.1471	gaming	176	1
23.1568	video	68	1
23.1633	video	250	1
23.1653	video	53	1
23.1686	video	85	1
23.1694	voip	40	1
23.1878	gaming	124	2
23.1953	voip	40	1
23.2028	gaming	133	1
23.2215	voip	40	1
23.2244	voip	15	2
23.2471	gaming	158	2
23.2478	voip	40	1
23.263	gaming	165	1
23.2684	video	55	1
23.2739	voip	40	1
23.2809	video	58	1
23.2859	video	112	1
23.2958	gaming	128	2
23.298	video	69	1
23.3002	voip	40	1
23.3082	video	188	1
23.3139	video	40	1
23.3176	video	44	1
23.3205	video	44	1
23.3234	gaming	211	1
23.3248	video	51	1
23.3264	voip	40	1
23.3344	video	70	1
23.3371	video	70	1
23.3416	video	250	1
23.3426	video	66	1
23.3487	video	250	1
23.3497	video	50	1
23.3526	voip	40	1
23.3535	video	57	1
23.3562	gaming	170	2
23.3575	video	91	1
23.3613	video	123	1
23.3667	video	250	1
23.3678	video	51	1
23.3789	voip	40	1
23.3844	voip	15	2
23.3957	gaming	120	1
23.4051	voip	40	1
23.4226	gaming	227	2
23.4313	voip	40	1
23.458	gaming	165	1
23.4588	voip	40	1
23.4677	video	43	1
23.4709	video	54	1
23.4757	video	104	1
23.484	gaming	147	2
23.4847	voip	40	1
23.4877	video	42	1
23.4911	video	82	1
23.4981	video	100	1
23.5023	video	61	1
23.5069	video	51	1
23.5085	gaming	142	1
23.51	voip	40	1
23.516	video	82	1
23.524	video	57	1
23.5266	video	73	1
23.5305	video	115	1
23.5329	gaming	137	2
23.5337	video	44	1
23.5362	voip	40	1
23.5402	video	60	1
23.543	video	73	1
23.5444	voip	15	2
23.546	video	110	1
23.5494	video	46	1
23.554	video	250	1
23.5565	gaming	98	1
23.5585	video	55	1
23.5623	voip	15	1
23.5658	video	244	1
23.5887	gaming	110	2
23.6228	gaming	140	1
23.6606	gaming	105	2
23.6643	video	53	1
23.674	gaming	155	1
23.6769	video	66	1
23.6903	video	185	1
23.6954	video	58	1
23.6992	video	42	1
23.7044	voip	15	2
23.7067	video	45	1
23.7156	gaming	106	2
23.7197	video	106	1
23.7223	voip	15	1
23.7233	video	81	1
23.7263	video	53	1
23.7312	video	76	1
23.7339	gaming	148	1
23.7435	video	48	1
23.7545	video	119	1
23.7573	video	110	1
23.7693	video	48	1
23.772	video	66	1
23.7779	video	45	1
23.7826	video	117	1
23.7947	video	67	1
23.7974	gaming	206	2
23.7991	gaming	150	1
23.8004	video	106	1
23.8039	video	42	1
23.8467	gaming	129	1
23.851	gaming	279	2
23.8644	voip	15	2
23.8823	voip	15	1
23.904	video	53	1
23.9097	gaming	117	1
23.9139	gaming	141	2
23.9176	video	199	1
23.9221	video	43	1
23.9301	video	241	1
23.9415	video	102	1
23.9447	video	52	1
23.9512	video	172	1
23.9553	video	250	1
23.9598	gaming	141	1
23.9629	video	64	1
23.9656	video	86	1
23.9689	video	73	1
23.9716	video	72	1
23.9734	gaming	166	2
23.9744	video	77	1
23.9788	video	250	1
23.9816	video	152	1
23.9844	video	57	1
23.9917	video	250	1
23.9998	video	70	1
24.0027	video	47	1
24.0127	gaming	119	1
24.0168	video	250	1
24.0209	gaming	137	2
24.0244	voip	15	2
24.0423	voip	15	1
24.0709	gaming	136	2
24.0741	gaming	173	1
24.1153	video	59	1
24.1253	gaming	187	2
24.1269	gaming	142	1
24.1291	video	231	1
24.1303	video	88	1
24.1327	video	87	1
24.145	video	70	1
24.1574	video	48	1
24.1651	video	84	1
24.1694	video	250	1
24.1708	video	78	1
24.1743	video	45	1
24.1772	video	47	1
24.181	gaming	157	1
24.1818	video	53	1
24.1842	video	50	1
24.1847	voip	15	2
24.1949	gaming	135	2
24.1966	video	41	1
24.1999	video	132	1
24.2023	voip	15	1
24.2071	video	55	1
24.2192	video	40	1
24.2235	video	56	1
24.2333	video	250	1
24.2346	gaming	107	1
24.2359	video	104	1
24.247	gaming	146	2
24.2913	gaming	201	1
24.298	gaming	148	2
24.3348	video	61	1
24.338	video	40	1
24.3444	voip	15	2
24.3511	video	120	1
24.3527	gaming	146	1
24.3564	video	140	1
24.3619	gaming	259	2
24.3624	voip	15	1
24.3636	video	98	1
24.3673	video	250	1
24.3714	video	112	1
24.3751	video	127	1
24.3787	video	82	1
24.3828	video	84	1
24.3878	video	250	1
24.3987	video	47	1
24.4032	video	53	1
24.4067	video	104	1
24.4116	gaming	114	1
24.4132	video	146	1
24.4158	video	42	1
24.4179	gaming	139	2
24.419	video	51	1
24.4262	video	222	1
24.4281	video	95	1
24.4327	video	42	1
24.4665	gaming	100	1
24.471	gaming	147	2
24.5044	voip	15	2
24.5223	voip	15	1
24.5256	gaming	110	1
24.5279	gaming	233	2
24.5329	video	59	1
24.5353	video	40	1
24.5407	video	250	1
24.5422	video	67	1
24.5562	video	250	1
24.558	video	69	1
24.572	video	250	1
24.5757	gaming	111	2
24.5831	video	78	1
24.5854	gaming	81	1
24.5876	video	133	1
24.5982	video	241	1
24.6078	video	46	1
24.6133	video	122	1
24.6188	video	72	1
24.6306	gaming	98	2
24.6321	video	140	1
24.637	video	40	1
24.6422	video	102	1
24.6437	gaming	119	1
24.6478	video	53	1
24.6517	video	43	1
24.6644	video	56	1
24.6649	voip	15	2
24.6677	video	160	1
24.6823	voip	15	1
24.6847	gaming	111	2
24.7038	gaming	136	1
24.7356	gaming	99	2
24.7667	video	40	1
24.7703	video	47	1
24.7732	video	48	1
24.7771	gaming	179	1
24.7781	video	62	1
24.7792	video	50	1
24.7824	video	54	1
24.7869	video	161	1
24.7907	video	209	1
24.7949	gaming	261	2
24.8035	video	250	1
24.8047	video	71	1
24.8079	video	62	1
24.8106	video	72	1
24.8152	video	52	1
24.8244	voip	15	2
24.8276	gaming	110	1
24.83	video	250	1
24.8308	video	44	1
24.8391	video	64	1
24.8431	gaming	157	2
24.8436	voip	15	1
24.8445	video	61	1
24.8506	video	44	1
24.8587	video	227	1
24.8679	video	133	1
24.8855	gaming	226	1
24.8957	gaming	112	2
24.9479	gaming	149	1
24.9526	gaming	105	2
24.9689	video	250	1
24.9749	video	58	1
24.9791	video	105	1
24.9844	voip	15	2
24.9875	video	53	1
24.9987	gaming	119	1
25.0011	video	250	1
25.0023	voip	15	1
25.0045	video	133	1
25.0163	video	44	1
25.023	gaming	151	2
25.0289	video	49	1
25.038	video	250	1
25.0442	video	40	1
25.0464	gaming	89	1
25.0569	video	62	1
25.0611	video	250	1
25.0624	video	66	1
25.0657	video	136	1
25.0675	video	40	1
25.0702	video	66	1
25.0757	gaming	111	2
25.0804	video	43	1
25.0844	video	206	1
25.0875	video	63	1
25.0916	video	126	1
25.1224	gaming	209	1
25.1392	gaming	304	2
25.1444	voip	15	2
25.1625	voip	40	1
25.176	gaming	166	1
25.1887	voip	40	1
25.1915	video	114	1
25.1933	gaming	166	2
25.1968	video	112	1
25.2092	video	109	1
25.2149	voip	40	1
25.2159	video	67	1
25.2241	video	250	1
25.2262	video	92	1
25.2347	gaming	118	1
25.2383	video	43	1
25.2412	voip	40	1
25.2421	video	56	1
25.2451	gaming	158	2
25.2555	video	173	1
25.2579	video	70	1
25.2634	video	49	1
25.2674	voip	40	1
25.2682	video	51	1
25.2771	video	42	1
25.2825	gaming	99	1
25.2837	video	95	1
25.2936	voip	40	1
25.2956	video	46	1
25.2987	video	75	1
25.3034	gaming	195	2
25.3049	video	145	1
25.3055	voip	15	2
25.3077	video	52	1
25.3143	video	60	1
25.3171	video	90	1
25.3198	voip	40	1
25.3428	gaming	131	1
25.3461	voip	40	1
25.3516	gaming	96	2
25.3723	voip	40	1
25.3985	voip	40	1
25.4025	gaming	89	2
25.4077	gaming	119	1
25.4179	video	184	1
25.4205	video	154	1
25.4248	voip	40	1
25.4323	video	60	1
25.4448	video	60	1
25.4476	video	76	1
25.4499	gaming	143	2
25.451	voip	40	1
25.4599	video	54	1
25.4624	video	43	1
25.4644	voip	15	2
25.4655	video	85	1
25.4726	gaming	112	1
25.4774	video	92	1
25.4782	voip	40	1
25.483	video	56	1
25.4856	video	53	1
25.4899	video	63	1
25.4946	video	78	1
25.4989	gaming	135	2
25.5008	video	182	1
25.503	video	42	1
25.5038	voip	40	1
25.5073	video	60	1
25.5109	video	54	1
25.5174	video	126	1
25.5199	video	42	1
25.5297	voip	40	1
25.5341	video	250	1
25.5457	gaming	128	1
25.5535	gaming	94	2
25.5559	voip	40	1
25.5821	voip	40	1
25.6005	gaming	100	1
25.6084	voip	40	1
25.6123	gaming	182	2
25.6244	voip	15	2
25.6336	video	188	1
25.6346	voip	40	1
25.636	video	88	1
25.6393	video	45	1
25.6438	video	60	1
25.6539	video	83	1
25.66	video	65	1
25.6608	voip	40	1
25.6639	video	189	1
25.6655	gaming	152	2
25.6685	video	83	1
25.6716	video	58	1
25.6736	gaming	115	1
25.6764	video	57	1
25.6871	voip	40	1
25.6893	video	103	1
25.6917	video	93	1
25.7016	video	47	1
25.7081	video	42	1
25.713	video	172	1
25.7138	voip	40	1
25.717	gaming	271	2
25.7253	gaming	200	1
25.7277	video	250	1
25.7328	video	110	1
25.7395	voip	40	1
25.7448	video	41	1
25.7488	video	76	1
25.7621	video	177	1
25.7657	voip	40	1
25.7707	gaming	115	2
25.7844	voip	15	2
25.7865	gaming	103	1
25.792	voip	40	1
25.8174	gaming	196	2
25.818	voip	15	1
25.8471	gaming	175	1
25.861	video	40	1
25.8735	gaming	212	2
25.8744	video	57	1
25.8786	video	250	1
25.8824	video	250	1
25.884	video	68	1
25.8966	video	82	1
25.9039	gaming	146	1
25.9103	video	227	1
25.9136	video	45	1
25.9205	video	250	1
25.926	gaming	147	2
25.9314	video	53	1
25.9354	video	87	1
25.9444	voip	15	2
25.9453	video	67	1
25.9534	video	58	1
25.9569	gaming	150	1
25.9584	video	136	1
25.9596	video	86	1
25.9728	video	192	1
25.9764	video	84	1
25.978	gaming	141	2
25.9786	voip	15	1
25.981	video	250	1
25.9848	video	68	1
25.9925	video	250	1
26.0289	gaming	257	2
26.0301	gaming	100	1
26.0819	gaming	153	1
26.0909	video	47	1
26.0931	gaming	213	2
26.0985	video	44	1
26.1039	video	106	1
26.1044	voip	15	2
26.1071	video	95	1
26.112	video	46	1
26.1166	video	106	1
26.1193	video	43	1
26.1241	video	104	1
26.1279	video	127	1
26.1306	video	90	1
26.1376	gaming	115	1
26.1382	voip	15	1
26.1431	video	85	1
26.1451	gaming	162	2
26.1462	video	69	1
26.1593	video	143	1
26.1714	video	93	1
26.1743	video	104	1
26.1781	video	250	1
26.1841	video	63	1
26.1932	video	75	1
26.1962	video	42	1
26.1997	video	141	1
26.2064	gaming	82	1
26.2076	gaming	94	2
26.266	gaming	291	1
26.2666	voip	15	2
26.2701	gaming	157	2
26.298	voip	15	1
26.2991	video	62	1
26.3038	video	105	1
26.3087	video	229	1
26.3111	video	157	1
26.314	video	54	1
26.3226	gaming	111	1
26.3269	video	108	1
26.3299	gaming	269	2
26.3395	video	120	1
26.3448	video	41	1
26.3498	video	250	1
26.3533	video	211	1
26.355	video	71	1
26.3673	video	47	1
26.3737	video	58	1
26.3778	video	60	1
26.3879	gaming	147	1
26.3892	video	109	1
26.3905	gaming	82	2
26.3913	video	49	1
26.3954	video	45	1
26.4043	video	83	1
26.4103	video	97	1
26.4148	video	250	1
26.4244	voip	15	2
26.4505	gaming	210	2
26.4542	gaming	188	1
26.458	voip	15	1
26.5046	gaming	101	2
26.5101	gaming	173	1
26.5132	video	55	1
26.5226	video	44	1
26.5284	video	66	1
26.538	video	71	1
26.5437	video	49	1
26.5502	video	250	1
26.5526	video	47	1
26.5577	video	250	1
26.5591	video	91	1
26.5644	gaming	80	2
26.5662	gaming	161	1
26.5714	video	64	1
26.5781	video	250	1
26.5797	video	94	1
26.5838	video	250	1
26.5844	voip	15	2
26.5854	video	77	1
26.5874	video	58	1
26.5899	video	50	1
26.593	video	108	1
26.6004	video	250	1
26.6063	video	63	1
26.609	video	81	1
26.6188	gaming	264	1
26.6205	gaming	156	2
26.6211	voip	15	1
26.6714	gaming	205	2
26.6786	gaming	106	1
26.7103	video	250	1
26.7123	video	75	1
26.7204	video	52	1
26.7248	video	45	1
26.7301	video	222	1
26.7312	video	40	1
26.734	video	45	1
26.7371	video	41	1
26.7448	gaming	135	1
26.7453	voip	15	2
26.7471	video	46	1
26.754	gaming	149	2
26.7596	video	47	1
26.7623	video	63	1
26.7651	video	47	1
26.7685	video	65	1
26.7717	video	49	1
26.778	voip	15	1
26.7804	video	250	1
26.7883	gaming	77	1
26.7913	video	118	1
26.7971	video	54	1
26.8015	video	250	1
26.8028	gaming	118	2
26.8038	video	63	1
26.8065	video	65	1
26.8499	gaming	147	1
26.8589	gaming	142	2
26.8983	gaming	197	1
26.9044	voip	15	2
26.9067	video	90	1
26.9151	video	250	1
26.9175	gaming	82	2
26.9184	video	59	1
26.9214	video	55	1
26.926	video	87	1
26.9394	video	203	1
26.94	voip	15	1
26.9522	video	233	1
26.9555	gaming	103	1
26.9632	video	46	1
26.9663	video	65	1
26.9751	gaming	168	2
26.976	video	49	1
26.9808	video	73	1
26.9895	video	40	1
26.9938	video	51	1
26.9981	video	41	1
27.0052	video	53	1
27.0089	video	54	1
27.0125	gaming	95	1
27.0142	video	157	1
27.016	video	42	1
27.0286	video	59	1
27.0332	video	53	1
27.0356	gaming	105	2
27.0644	voip	15	2
27.0787	gaming	245	1
27.0939	gaming	142	2
27.098	voip	15	1
27.1267	gaming	118	1
27.1348	video	250	1
27.141	video	95	1
27.1436	gaming	104	2
27.1457	video	200	1
27.1467	video	71	1
27.1536	video	84	1
27.1661	video	84	1
27.1686	video	71	1
27.1752	video	134	1
27.1873	video	79	1
27.1906	gaming	105	1
27.1936	video	228	1
27.2006	gaming	97	2
27.2035	video	73	1
27.2091	video	65	1
27.2216	video	68	1
27.2242	video	68	1
27.2248	voip	15	2
27.2292	video	141	1
27.2309	video	42	1
27.2336	video	53	1
27.2363	video	62	1
27.2392	video	72	1
27.241	gaming	166	1
27.2501	gaming	160	2
27.2515	video	43	1
27.258	voip	15	1
27.2937	gaming	123	1
27.3258	gaming	254	2
27.3516	gaming	110	1
27.3535	video	185	1
27.36	video	156	1
27.3626	video	54	1
27.3679	video	250	1
27.3804	video	250	1
27.3816	gaming	90	2
27.3824	video	50	1
27.3844	voip	15	2
27.3853	video	63	1
27.3945	video	56	1
27.3995	video	51	1
27.4028	video	88	1
27.4075	video	174	1
27.4092	gaming	156	1
27.41	video	54	1
27.4144	video	58	1
27.418	voip	15	1
27.4274	video	119	1
27.4303	gaming	185	2
27.4327	video	250	1
27.4343	video	40	1
27.437	video	46	1
27.4426	video	250	1
27.4445	video	47	1
27.4471	video	42	1
27.4601	gaming	175	1
27.4828	gaming	122	2
27.5181	gaming	178	1
27.545	gaming	272	2
27.5455	voip	15	2
27.5478	video	128	1
27.56	video	91	1
27.5728	video	119	1
27.575	gaming	161	1
27.5764	video	122	1
27.5782	voip	40	1
27.584	video	52	1
27.5887	video	84	1
27.5929	video	45	1
27.5963	video	108	1
27.6007	video	63	1
27.6044	voip	40	1
27.6053	video	60	1
27.6089	gaming	141	2
27.6101	video	54	1
27.6126	video	48	1
27.6166	video	100	1
27.6194	video	50	1
27.623	video	96	1
27.6265	video	64	1
27.6298	video	51	1
27.6307	voip	40	1
27.6339	video	235	1
27.6349	video	43	1
27.6361	gaming	102	1
27.6377	video	65	1
27.6569	voip	40	1
27.6687	gaming	109	2
27.6831	voip	40	1
27.6868	gaming	131	1
27.7044	voip	15	2
27.7094	voip	40	1
27.7342	gaming	174	2
27.7356	voip	40	1
27.7385	gaming	217	1
27.7394	video	61	1
27.7413	video	43	1
27.7439	video	47	1
27.7509	video	164	1
27.7547	video	71	1
27.7573	video	81	1
27.7612	video	47	1
27.7619	voip	40	1
27.7652	video	111	1
27.7788	video	250	1
27.7823	video	71	1
27.7867	video	52	1
27.788	voip	40	1
27.7911	video	51	1
27.7943	video	76	1
27.7959	gaming	153	1
27.7977	gaming	107	2
27.8033	video	43	1
27.8076	video	250	1
27.8103	video	53	1
27.8143	voip	40	1
27.82	video	250	1
27.8226	video	85	1
27.8271	video	116	1
27.8292	video	43	1
27.8405	voip	40	1
27.8505	gaming	222	1
27.8644	voip	15	2
27.8672	gaming	180	2
27.868	voip	40	1
27.893	voip	40	1
27.9163	gaming	199	1
27.9192	voip	40	1
27.9305	gaming	208	2
27.9314	video	68	1
27.9384	video	196	1
27.9421	video	96	1
27.9454	voip	40	1
27.9471	video	63	1
27.9501	video	63	1
27.9624	video	40	1
27.9685	video	181	1
27.9721	video	250	1
27.9728	voip	40	1
27.9759	video	165	1
27.978	video	44	1
27.9821	gaming	176	1
27.9848	video	50	1
27.9906	video	114	1
27.9966	gaming	106	2
27.9979	voip	40	1
27.999	video	45	1
28.0023	video	56	1
28.0063	video	103	1
28.0128	video	82	1
28.0163	video	188	1
28.0206	video	250	1
28.0228	video	198	1
28.0241	voip	40	1
28.025	video	61	1
28.0256	voip	15	2
28.0448	gaming	138	1
28.0503	voip	40	1
28.0565	gaming	82	2
28.0766	voip	40	1
28.0967	gaming	124	1
28.1028	voip	40	1
28.1161	gaming	166	2
28.1246	video	95	1
28.129	voip	40	1
28.1347	video	250	1
28.1372	video	41	1
28.143	video	100	1
28.151	video	55	1
28.1553	voip	40	1
28.1601	video	125	1
28.162	gaming	185	1
28.1667	video	110	1
28.1701	video	51	1
28.1719	gaming	169	2
28.1743	video	66	1
28.1799	video	57	1
28.1815	voip	40	1
28.1828	video	96	1
28.1844	voip	15	2
28.1966	video	250	1
28.2001	video	64	1
28.2077	voip	40	1
28.2125	video	59	1
28.2153	gaming	68	1
28.2161	video	49	1
28.2197	video	43	1
28.2237	gaming	109	2
28.2331	video	156	1
28.2339	voip	40	1
28.2369	video	41	1
28.2456	video	100	1
28.2508	video	250	1
28.2602	voip	40	1
28.2755	gaming	224	1
28.2864	voip	40	1
28.3126	voip	40	1
28.3178	gaming	122	2
28.3266	gaming	110	1
28.3389	voip	40	1
28.3444	voip	15	2
28.3499	video	142	1
28.3523	video	65	1
28.3556	video	47	1
28.3647	video	66	1
28.3655	voip	40	1
28.3689	video	55	1
28.3714	gaming	80	2
28.373	video	138	1
28.3753	video	85	1
28.3818	video	250	1
28.3863	video	47	1
28.3891	video	46	1
28.3921	gaming	178	1
28.3929	voip	40	1
28.4022	video	119	1
28.4067	video	250	1
28.41	video	45	1
28.4176	voip	40	1
28.4228	video	73	1
28.4269	video	102	1
28.4304	gaming	197	2
28.4363	video	250	1
28.4438	voip	40	1
28.4484	video	196	1
28.456	gaming	156	1
28.4569	video	67	1
28.4602	video	82	1
28.4642	video	47	1
28.47	voip	40	1
28.4929	gaming	142	2
28.4962	voip	40	1
28.5044	voip	15	2
28.5178	gaming	139	1
28.5225	voip	40	1
28.5487	voip	40	1
28.5519	gaming	142	2
28.5643	video	59	1
28.569	video	250	1
28.571	gaming	189	1
28.5749	voip	40	1
28.5803	video	104	1
28.5843	video	44	1
28.5985	video	250	1
28.6012	gaming	175	2
28.6019	voip	40	1
28.6075	video	45	1
28.6104	video	92	1
28.6181	gaming	170	1
28.6225	video	48	1
28.6274	voip	40	1
28.6351	video	62	1
28.6391	video	45	1
28.6503	video	56	1
28.6536	voip	40	1
28.6549	gaming	107	2
28.6574	video	52	1
28.6644	voip	15	2
28.6698	gaming	140	1
28.6706	video	41	1
28.6771	video	45	1
28.6798	voip	40	1
28.6811	video	103	1
28.684	video	51	1
28.687	video	80	1
28.6994	video	64	1
28.7026	video	150	1
28.7058	gaming	124	2
28.7082	video	250	1
28.709	voip	40	1
28.7323	voip	40	1
28.7334	gaming	83	1
28.7585	voip	40	1
28.7699	gaming	144	2
28.7848	voip	40	1
28.8059	video	54	1
28.8098	gaming	135	1
28.811	voip	40	1
28.8184	video	53	1
28.8239	video	247	1
28.8245	voip	15	2
28.8258	video	107	1
28.8281	gaming	168	2
28.8293	video	59	1
28.8372	voip	40	1
28.8417	video	45	1
28.8476	video	51	1
28.851	video	152	1
28.8532	video	75	1
28.8628	gaming	136	1
28.8636	voip	40	1
28.8655	video	53	1
28.8682	video	45	1
28.8754	video	70	1
28.8816	gaming	103	2
28.8879	video	75	1
28.8897	voip	40	1
28.8919	video	77	1
28.8955	video	98	1
28.8982	video	78	1
28.902	video	57	1
28.9055	video	162	1
28.9079	video	140	1
28.9101	video	45	1
28.9136	gaming	111	1
28.9159	voip	40	1
28.9421	voip	40	1
28.9472	gaming	175	2
28.9684	voip	40	1
28.9847	gaming	122	1
28.9852	voip	15	2
28.9946	voip	40	1
28.9996	gaming	103	2
29.0117	video	250	1
29.0208	voip	40	1
29.0238	video	205	1
29.0259	video	41	1
29.029	gaming	166	1
29.0304	video	80	1
29.0361	video	119	1
29.0398	video	250	1
29.0431	video	48	1
29.0471	voip	40	1
29.0486	video	89	1
29.0512	video	48	1
29.057	video	50	1
29.0594	gaming	72	2
29.0605	video	66	1
29.0646	video	53	1
29.0673	video	47	1
29.0732	video	74	1
29.0739	voip	40	1
29.0788	video	57	1
29.0825	video	53	1
29.0854	video	47	1
29.0891	video	59	1
29.092	video	40	1
29.096	gaming	163	1
29.0995	voip	40	1
29.1038	video	40	1
29.1112	gaming	171	2
29.1257	voip	40	1
29.1444	voip	15	2
29.152	voip	40	1
29.1562	gaming	185	1
29.1782	voip	40	1
29.1897	gaming	119	2
29.2039	video	52	1
29.2046	voip	40	1
29.2095	video	250	1
29.2129	gaming	154	1
29.2205	video	62	1
29.2252	video	156	1
29.2273	video	43	1
29.2307	voip	40	1
29.2326	video	44	1
29.2421	video	82	1
29.2486	video	90	1
29.2514	video	53	1
29.2569	voip	40	1
29.2624	video	47	1
29.2669	gaming	133	2
29.2694	gaming	216	1
29.2718	video	236	1
29.2804	video	250	1
29.2831	voip	40	1
29.2913	video	51	1
29.296	video	55	1
29.3044	voip	15	2
29.3087	video	83	1
29.3103	gaming	142	2
29.311	voip	40	1
29.3136	video	47	1
29.3189	gaming	145	1
29.3196	video	41	1
29.3241	video	69	1
29.3267	video	75	1
29.3315	video	171	1
29.3356	voip	40	1
29.3621	gaming	163	2
29.3629	voip	40	1
29.3705	gaming	100	1
29.388	voip	40	1
29.4143	voip	40	1
29.4191	gaming	161	2
29.4306	video	69	1
29.4345	gaming	222	1
29.4353	video	50	1
29.4378	video	178	1
29.4408	video	232	1
29.4416	voip	40	1
29.4507	video	250	1
29.4551	video	250	1
29.4588	video	250	1
29.4646	voip	40	2
29.4667	voip	40	1
29.4697	video	51	1
29.4786	video	109	1
29.4842	gaming	170	2
29.4882	video	46	1
29.4908	voip	40	2
29.4922	gaming	124	1
29.493	voip	40	1
29.4954	video	245	1
29.5058	video	61	1
29.517	voip	40	2
29.5182	video	47	1
29.5192	voip	40	1
29.5279	video	250	1
29.5322	video	81	1
29.5377	gaming	110	2
29.5433	voip	40	2
29.5445	video	60	1
29.5455	gaming	74	1
29.5463	voip	40	1
29.5487	video	45	1
29.5612	video	41	1
29.5695	voip	40	2
29.5716	voip	40	1
29.5739	video	62	1
29.5767	video	90	1
29.5916	gaming	99	2
29.5957	voip	40	2
29.5979	voip	40	1
29.601	gaming	161	1
29.6219	voip	40	2
29.6241	voip	40	1
29.6482	voip	40	2
29.6503	voip	40	1
29.6575	gaming	211	2
29.6656	gaming	114	1
29.6744	voip	40	2
29.6763	video	51	1
29.6771	voip	40	1
29.6797	video	45	1
29.6859	video	81	1
29.6901	video	46	1
29.6951	video	102	1
29.6973	video	42	1
29.7009	video	154	1
29.7016	voip	40	2
29.703	video	100	1
29.7038	voip	40	1
29.7053	video	49	1
29.7088	gaming	130	2
29.7113	video	250	1
29.712	video	40	1
29.7165	video	42	1
29.7187	gaming	122	1
29.7217	video	192	1
29.7269	voip	40	2
29.729	voip	40	1
29.7301	video	79	1
29.7349	video	250	1
29.746	video	73	1
29.7502	video	41	1
29.7531	voip	40	2
29.7553	video	75	1
29.756	voip	40	1
29.7596	video	58	1
29.7694	video	105	1
29.7715	gaming	93	2
29.775	gaming	164	1
29.7793	voip	40	2
29.7815	voip	40	1
29.8056	voip	40	2
29.8077	voip	40	1
29.8319	gaming	138	2
29.8327	voip	40	2
29.8339	voip	40	1
29.8355	gaming	135	1
29.858	voip	40	2
29.8602	voip	40	1
29.8691	video	64	1
29.8721	video	44	1
29.8767	video	86	1
29.884	voip	15	2
29.8864	voip	40	1
29.8893	video	103	1
29.8922	gaming	190	1
29.8931	video	49	1
29.8999	gaming	137	2
29.9023	video	250	1
29.9034	video	82	1
29.9086	video	51	1
29.9126	voip	40	1
29.9151	video	219	1
29.9262	video	43	1
29.9299	video	40	1
29.9389	voip	40	1
29.9406	video	112	1
29.9466	video	93	1
29.9537	video	62	1
29.9557	gaming	108	2
29.9576	gaming	183	1
29.9607	video	45	1
29.9648	video	51	1
29.9655	voip	40	1
29.9772	video	46	1
29.9824	video	56	1
29.9868	video	42	1
29.9901	video	94	1
29.9913	voip	40	1
30.0071	gaming	157	2
30.017	gaming	161	1
30.0178	voip	40	1
30.0438	voip	40	1
30.0443	voip	15	2
30.0618	gaming	124	2
30.07	voip	40	1
30.0743	gaming	73	1
30.0897	video	42	1
30.0942	video	59	1
30.0962	voip	40	1
30.1082	video	250	1
30.1095	video	48	1
30.1154	video	74	1
30.1183	video	71	1
30.12	gaming	159	2
30.122	video	197	1
30.1228	voip	40	1
30.1256	gaming	106	1
30.1274	video	99	1
30.1322	video	111	1
30.139	video	42	1
30.1433	video	250	1
30.1462	video	42	1
30.1487	voip	40	1
30.1587	video	51	1
30.1712	gaming	181	2
30.1722	video	69	1
30.1765	video	250	1
30.1773	voip	40	1
30.1806	video	144	1
30.1859	video	57	1
30.1876	gaming	107	1
30.1887	video	41	1
30.1923	video	170	1
30.1966	video	250	1
30.2012	voip	40	1
30.204	voip	15	2
30.2274	voip	40	1
30.2284	gaming	68	2
30.2453	gaming	195	1
30.2536	voip	40	1
30.2797	gaming	119	2
30.2805	voip	40	1
30.2951	video	66	1
30.3061	voip	40	1
30.3078	video	91	1
30.3103	video	67	1
30.3206	gaming	111	1
30.3228	video	65	1
30.3287	video	104	1
30.3313	video	51	1
30.3323	voip	40	1
30.3364	gaming	200	2
30.338	video	87	1
30.3501	video	40	1
30.3535	video	43	1
30.3585	voip	40	1
30.3594	video	46	1
30.3643	video	250	1
30.3648	voip	15	2
30.3699	video	43	1
30.3716	gaming	107	1
30.3797	video	69	1
30.3839	video	250	1
30.3859	video	196	1
30.3867	voip	40	1
30.3937	gaming	110	2
30.3974	video	68	1
30.3998	video	49	1
30.4023	video	43	1
30.406	video	56	1
30.4109	video	250	1
30.4117	voip	40	1
30.4372	voip	40	1
30.4385	gaming	92	1
30.4553	gaming	192	2
30.4635	voip	40	1
30.4897	voip	40	1
30.5048	gaming	140	1
30.5108	video	238	1
30.5134	video	71	1
30.5159	voip	40	1
30.5168	video	59	1
30.5187	gaming	118	2
30.5242	video	94	1
30.525	voip	40	2
30.5282	video	250	1
30.5327	video	250	1
30.5365	video	60	1
30.5421	voip	40	1
30.5492	video	83	1
30.5505	voip	40	2
30.5568	gaming	138	1
30.5602	video	159	1
30.5621	video	54	1
30.5684	voip	40	1
30.5693	video	60	1
30.5767	voip	40	2
30.5792	video	49	1
30.5818	gaming	125	2
30.5882	video	204	1
30.5931	video	48	1
30.5946	voip	40	1
30.596	video	54	1
30.6009	video	141	1
30.6029	voip	40	2
30.6057	video	47	1
30.6085	gaming	104	1
30.6093	video	40	1
30.6117	video	41	1
30.6208	voip	40	1
30.6232	video	151	1
30.6292	voip	40	2
30.6404	gaming	74	2
30.6471	voip	40	1
30.6554	voip	40	2
30.6637	gaming	120	1
30.6733	voip	40	1
30.6816	voip	40	2
30.6995	voip	40	1
30.7007	gaming	95	2
30.7079	voip	40	2
30.7139	gaming	145	1
30.724	video	250	1
30.7257	voip	40	1
30.7273	video	55	1
30.7298	video	53	1
30.7331	video	75	1
30.7341	voip	40	2
30.7376	video	77	1
30.7454	video	83	1
30.7493	video	250	1
30.7512	gaming	190	2
30.7526	video	117	1
30.7533	voip	40	1
30.7558	video	250	1
30.76	video	42	1
30.7608	voip	40	2
30.7742	video	250	1
30.7774	video	130	1
30.7794	gaming	191	1
30.7801	voip	40	1
30.7855	video	45	1
30.7865	voip	40	2
30.7886	video	66	1
30.8009	video	47	1
30.8051	gaming	161	2
30.8058	voip	40	1
30.8083	video	250	1
30.8133	video	250	1
30.814	voip	40	2
30.8152	video	91	1
30.8188	video	215	1
30.8209	video	134	1
30.8307	voip	40	1
30.8369	gaming	143	1
30.839	voip	40	2
30.8569	voip	40	1
30.8636	gaming	101	2
30.8652	voip	40	2
30.8831	voip	40	1
30.8846	gaming	107	1
30.8915	voip	40	2
30.9094	voip	40	1
30.9177	voip	40	2
30.9202	video	48	1
30.9269	gaming	140	2
30.9295	video	42	1
30.9359	video	250	1
30.9367	voip	40	1
30.9382	gaming	140	1
30.9439	voip	40	2
30.9473	video	115	1
30.9503	video	53	1
30.9528	video	47	1
30.9556	video	72	1
30.9588	video	59	1
30.9633	video	250	1
30.964	voip	40	1
30.9652	video	95	1
30.9701	video	98	1
30.9708	voip	40	2
30.9821	gaming	160	2
30.9829	video	43	1
30.9864	gaming	89	1
30.9873	video	49	1
30.988	voip	40	1
30.9902	video	59	1
30.9941	video	72	1
30.9964	voip	40	2
30.9981	video	159	1
31.0095	video	250	1
31.0143	voip	40	1
31.0203	video	46	1
31.0226	voip	40	2
31.0239	video	59	1
31.0289	gaming	135	2
31.0297	video	50	1
31.0405	voip	40	1
31.0488	voip	40	2
31.0517	gaming	119	1
31.0667	voip	40	1
31.0751	voip	40	2
31.0822	gaming	55	2
31.093	voip	40	1
31.1013	voip	40	2
31.1069	gaming	154	1
31.1192	voip	40	1
31.1275	voip	40	2
31.1286	video	82	1
31.1356	video	57	1
31.1381	gaming	164	2
31.1409	video	47	1
31.1454	voip	40	1
31.1462	video	40	1
31.1538	voip	40	2
31.1588	video	115	1
31.1635	video	183	1
31.1661	video	111	1
31.1678	gaming	155	1
31.1716	voip	40	1
31.1791	video	167	1
31.18	voip	40	2
31.1846	video	40	1
31.1872	video	47	1
31.1909	video	68	1
31.1936	video	80	1
31.1959	video	54	1
31.1979	voip	40	1
31.1998	gaming	127	2
31.2014	video	142	1
31.2063	video	250	1
31.207	voip	40	2
31.2079	video	48	1
31.2109	video	59	1
31.2167	video	57	1
31.2195	gaming	217	1
31.2248	video	250	1
31.2256	voip	40	1
31.2274	video	50	1
31.2324	voip	40	2
31.2503	voip	40	1
31.2577	gaming	115	2
31.2587	voip	40	2
31.2721	gaming	176	1
31.2766	voip	40	1
31.2849	voip	40	2
31.3028	voip	40	1
31.312	gaming	151	2
31.3128	voip	40	2
31.329	video	250	1
31.3295	voip	15	1
31.3332	video	73	1
31.3344	gaming	90	1
31.3374	voip	40	2
31.34	video	250	1
31.3423	video	40	1
31.3465	video	193	1
31.3504	video	59	1
31.3536	video	52	1
31.359	video	45	1
31.3618	video	50	1
31.3636	voip	40	2
31.3669	gaming	136	2
31.3686	video	163	1
31.3803	video	66	1
31.3841	gaming	172	1
31.3876	video	189	1
31.3898	voip	40	2
31.3986	video	64	1
31.4037	video	250	1
31.4063	video	188	1
31.4087	video	44	1
31.4124	video	84	1
31.4142	gaming	165	2
31.416	voip	40	2
31.4257	video	189	1
31.4287	video	81	1
31.4347	gaming	119	1
31.4378	video	67	1
31.4423	voip	40	2
31.4685	voip	40	2
31.4728	gaming	131	2
31.4888	voip	15	1
31.4908	gaming	134	1
31.4947	voip	40	2
31.521	voip	40	2
31.5242	gaming	177	2
31.5376	video	43	1
31.5472	voip	40	2
31.5507	video	118	1
31.5563	video	118	1
31.5577	gaming	121	1
31.5593	video	40	1
31.5656	video	127	1
31.5681	video	84	1
31.5738	gaming	124	2
31.5745	voip	40	2
31.5757	video	96	1
31.5835	video	100	1
31.5957	video	71	1
31.5986	video	75	1
31.5997	voip	40	2
31.6109	video	54	1
31.6165	video	76	1
31.622	video	127	1
31.626	gaming	155	2
31.6268	voip	40	2
31.6282	gaming	127	1
31.6338	video	40	1
31.6364	video	41	1
31.6391	video	41	1
31.6457	video	42	1
31.6488	voip	15	1
31.6514	video	60	1
31.6521	voip	40	2
31.6545	video	45	1
31.6581	video	48	1
31.6786	gaming	99	2
31.6793	voip	40	2
31.6855	gaming	96	1
31.7046	voip	40	2
31.7308	voip	40	2
31.7358	gaming	125	2
31.7387	gaming	124	1
31.757	voip	40	2
31.7584	video	78	1
31.7656	video	57	1
31.7762	video	44	1
31.7833	voip	40	2
31.7903	video	250	1
31.7936	video	51	1
31.7962	video	55	1
31.8011	gaming	167	1
31.8019	video	48	1
31.8042	video	78	1
31.8088	voip	15	1
31.8094	voip	15	2
31.8141	gaming	166	2
31.8166	video	67	1
31.8207	video	250	1
31.8226	video	41	1
31.8269	video	51	1
31.8343	video	107	1
31.8436	video	63	1
31.8462	video	64	1
31.8492	video	84	1
31.8519	video	85	1
31.8547	video	49	1
31.8574	video	48	1
31.8647	gaming	123	1
31.867	video	50	1
31.8702	gaming	174	2
31.9228	gaming	125	2
31.9244	gaming	87	1
31.9669	video	40	1
31.9688	voip	15	1
31.9694	voip	15	2
31.9731	video	41	1
31.9767	video	67	1
31.9801	gaming	167	2
31.9823	gaming	194	1
31.9886	video	62	1
31.9918	video	84	1
32.0041	video	56	1
32.0149	video	68	1
32.0186	video	42	1
32.0263	video	50	1
32.0369	gaming	153	1
32.0382	video	76	1
32.0417	video	90	1
32.0442	gaming	177	2
32.0459	video	153	1
32.0468	video	56	1
32.0495	video	44	1
32.0539	video	111	1
32.0649	video	52	1
32.0719	video	166	1
32.0752	video	181	1
32.0848	gaming	137	1
32.0861	video	111	1
32.0968	video	42	1
32.1089	gaming	136	2
32.1288	voip	15	1
32.1294	voip	15	2
32.138	gaming	156	1
32.1636	gaming	99	2
32.1907	gaming	122	1
32.1973	video	102	1
32.2014	video	250	1
32.2056	video	83	1
32.2136	video	56	1
32.2175	video	90	1
32.2229	gaming	140	2
32.2239	video	64	1
32.2355	video	49	1
32.2384	video	79	1
32.2453	video	88	1
32.2513	gaming	195	1
32.2522	video	62	1
32.2561	video	47	1
32.2625	video	51	1
32.2715	video	250	1
32.2817	gaming	117	2
32.2825	video	44	1
32.2852	video	79	1
32.2888	video	161	1
32.2893	voip	15	1
32.2899	voip	15	2
32.2935	video	167	1
32.2974	video	250	1
32.2994	video	98	1
32.3117	video	71	1
32.3229	gaming	147	1
32.3425	gaming	93	2
32.3727	gaming	125	1
32.3895	gaming	94	2
32.4117	video	67	1
32.4143	video	80	1
32.4185	video	215	1
32.4207	video	125	1
32.4279	video	45	1
32.4325	video	107	1
32.4462	video	250	1
32.4471	gaming	69	1
32.4489	gaming	133	2
32.4494	voip	15	1
32.45	voip	15	2
32.4557	video	151	1
32.4624	video	250	1
32.4737	video	101	1
32.4769	video	92	1
32.48	video	72	1
32.4829	video	102	1
32.495	gaming	155	1
32.4974	video	250	1
32.4984	video	61	1
32.5054	video	80	1
32.5145	gaming	88	2
32.5157	video	92	1
32.5204	video	250	1
32.5224	video	40	1
32.5251	video	44	1
32.5565	gaming	104	1
32.5697	gaming	108	2
32.6088	voip	15	1
32.6094	voip	15	2
32.6235	gaming	89	2
32.6254	video	80	1
32.6273	gaming	185	1
32.6346	video	64	1
32.6471	video	66	1
32.6596	video	63	1
32.6645	video	250	1
32.6693	video	45	1
32.6786	gaming	230	2
32.6822	video	101	1
32.6878	video	55	1
32.696	gaming	156	1
32.6971	video	85	1
32.7024	video	201	1
32.7067	video	250	1
32.7101	video	250	1
32.7222	video	193	1
32.7315	gaming	207	2
32.7325	video	82	1
32.7372	video	43	1
32.7439	video	113	1
32.748	video	50	1
32.7522	video	51	1
32.758	gaming	156	1
32.7663	video	250	1
32.7688	voip	15	1
32.7694	voip	15	2
32.7788	video	250	1
32.7907	gaming	114	2
32.8104	gaming	88	1
32.849	gaming	151	2
32.8673	gaming	77	1
32.8775	video	81	1
32.8873	video	42	1
32.8919	video	250	1
32.8979	video	62	1
32.9008	gaming	127	2
32.9119	video	250	1
32.9218	video	250	1
32.9256	video	48	1
32.9288	voip	15	1
32.9298	video	65	1
32.9303	voip	15	2
32.9344	video	88	1
32.9388	video	113	1
32.9416	gaming	113	1
32.943	video	44	1
32.9475	video	250	1
32.9487	video	45	1
32.9545	video	159	1
32.9586	gaming	96	2
32.9662	video	61	1
32.9691	video	90	1
32.9718	video	97	1
32.9747	video	88	1
32.9809	video	186	1
32.9851	video	52	1
32.9926	gaming	230	1
33.0127	gaming	116	2
33.0552	gaming	181	1
33.0644	gaming	74	2
33.0851	video	53	1
33.0882	video	70	1
33.089	voip	40	1
33.0896	voip	15	2
33.0926	video	41	1
33.096	video	56	1
33.0993	video	121	1
33.1016	gaming	110	1
33.1025	video	60	1
33.106	video	47	1
33.1153	voip	40	1
33.1201	video	250	1
33.1228	video	44	1
33.13	video	169	1
33.1337	video	250	1
33.1348	gaming	81	2
33.1356	video	48	1
33.1385	video	81	1
33.1415	voip	40	1
33.1425	video	46	1
33.1468	video	250	1
33.1581	gaming	304	1
33.1589	video	46	1
33.1648	video	76	1
33.1677	voip	40	1
33.1771	video	54	1
33.1846	gaming	100	2
33.1871	video	77	1
33.1939	voip	40	1
33.2006	video	203	1
33.2202	voip	40	1
33.226	gaming	165	1
33.2464	voip	40	1
33.2493	voip	15	2
33.2517	gaming	107	2
33.2726	voip	40	1
33.284	gaming	166	1
33.2989	voip	40	1
33.2999	video	75	1
33.3058	video	80	1
33.3109	gaming	134	2
33.3121	video	102	1
33.3201	video	46	1
33.3234	video	47	1
33.3251	voip	40	1
33.326	video	55	1
33.3284	video	41	1
33.3334	video	49	1
33.3423	video	250	1
33.3445	gaming	97	1
33.3477	video	58	1
33.3509	video	57	1
33.3517	voip	40	1
33.355	video	220	1
33.367	video	159	1
33.3689	video	54	1
33.3704	gaming	129	2
33.3717	video	60	1
33.3776	voip	40	1
33.3842	video	71	1
33.3886	video	250	1
33.39	video	87	1
33.3926	video	51	1
33.3998	gaming	136	1
33.4038	voip	40	1
33.406	video	164	1
33.4093	voip	15	2
33.4255	gaming	83	2
33.43	voip	40	1
33.4558	gaming	131	1
33.4565	voip	40	1
33.4815	gaming	82	2
33.4825	voip	40	1
33.5061	video	171	1
33.5087	voip	40	1
33.5106	video	53	1
33.5139	video	98	1
33.5155	gaming	102	1
33.5191	video	44	1
33.5229	video	84	1
33.5349	voip	40	1
33.5368	video	175	1
33.5381	gaming	108	2
33.5392	video	43	1
33.5455	video	64	1
33.5506	video	169	1
33.5561	video	111	1
33.5588	video	79	1
33.5612	voip	40	1
33.5693	voip	15	2
33.5713	video	81	1
33.5749	gaming	142	1
33.5759	video	78	1
33.5799	video	86	1
33.5844	video	103	1
33.5873	video	57	1
33.588	voip	40	1
33.5912	video	73	1
33.5928	gaming	151	2
33.594	video	72	1
33.5979	video	58	1
33.603	video	48	1
33.6136	voip	40	1
33.6398	gaming	138	1
33.6406	voip	40	1
33.645	gaming	148	2
33.6661	voip	40	1
33.6923	voip	40	1
33.6943	gaming	193	1
33.7031	video	69	1
33.7067	gaming	119	2
33.7087	video	42	1
33.7185	voip	40	1
33.7228	video	250	1
33.7293	voip	15	2
33.7353	video	250	1
33.7387	video	205	1
33.7406	video	64	1
33.7448	voip	40	1
33.7507	video	64	1
33.7554	video	68	1
33.7582	gaming	181	1
33.7595	gaming	116	2
33.7654	video	99	1
33.771	voip	40	1
33.7736	video	200	1
33.7788	video	197	1
33.7849	video	250	1
33.7944	video	78	1
33.7972	voip	40	1
33.807	video	94	1
33.81	video	67	1
33.8126	gaming	114	1
33.8153	gaming	191	2
33.8178	video	250	1
33.8188	video	81	1
33.8216	video	86	1
33.8235	voip	40	1
33.833	video	102	1
33.8408	video	167	1
33.8497	voip	40	1
33.8742	gaming	189	1
33.8759	voip	40	1
33.8787	gaming	112	2
33.8893	voip	15	2
33.9021	voip	40	1
33.9259	gaming	148	1
33.9284	voip	40	1
33.9313	gaming	193	2
33.9409	video	185	1
33.9441	video	184	1
33.9546	voip	40	1
33.9558	video	83	1
33.9637	video	153	1
33.9661	video	117	1
33.9691	video	66	1
33.9744	video	48	1
33.9803	video	40	1
33.9811	voip	40	1
33.9822	gaming	85	1
33.986	video	57	1
33.9875	gaming	137	2
33.9908	video	57	1
33.9946	video	55	1
34.007	video	42	1
34.0077	voip	40	1
34.0106	video	44	1
34.0141	video	85	1
34.0194	video	138	1
34.0219	video	41	1
34.0244	video	43	1
34.0341	video	250	1
34.0348	voip	40	1
34.0384	gaming	91	1
34.0451	gaming	166	2
34.0459	video	43	1
34.0493	voip	15	2
34.0541	video	250	1
34.0595	voip	40	1
34.0857	voip	40	1
34.0909	gaming	150	1
34.1001	gaming	163	2
34.112	voip	40	1
34.1382	voip	40	1
34.1505	gaming	101	1
34.1541	video	250	1
34.1564	video	86	1
34.1574	gaming	71	2
34.1644	voip	40	1
34.1682	video	247	1
34.17	video	55	1
34.1725	video	43	1
34.1809	video	55	1
34.1835	video	42	1
34.1907	voip	40	1
34.192	video	109	1
34.2041	video	82	1
34.2073	video	109	1
34.2096	video	67	1
34.2101	voip	15	2
34.2143	video	47	1
34.2169	voip	40	1
34.2212	gaming	187	1
34.2265	gaming	93	2
34.2278	video	104	1
34.2324	video	52	1
34.236	video	187	1
34.2431	voip	40	1
34.2442	video	78	1
34.248	video	41	1
34.2515	video	62	1
34.2616	video	178	1
34.2656	video	52	1
34.2694	voip	40	1
34.2772	gaming	175	2
34.2895	gaming	102	1
34.2956	voip	40	1
34.3218	voip	40	1
34.3339	gaming	133	2
34.3388	gaming	141	1
34.348	voip	40	1
34.366	video	105	1
34.3693	voip	15	2
34.3743	voip	40	1
34.3783	video	73	1
34.3821	video	41	1
34.3949	video	78	1
34.3969	gaming	194	1
34.3978	gaming	65	2
34.4002	video	250	1
34.401	voip	40	1
34.4082	video	189	1
34.4167	video	238	1
34.4244	video	69	1
34.4267	voip	40	1
34.4328	video	119	1
34.437	video	69	1
34.4401	video	71	1
34.4475	gaming	104	1
34.4504	video	136	1
34.4518	gaming	114	2
34.453	voip	40	1
34.4579	video	58	1
34.4609	video	40	1
34.4666	video	60	1
34.4695	video	57	1
34.4757	video	88	1
34.4783	video	104	1
34.4792	voip	40	1
34.4819	video	46	1
34.4953	video	163	1
34.5019	gaming	145	1
34.5054	voip	40	1
34.5149	gaming	265	2
34.5293	voip	15	2
34.5316	voip	40	1
34.5579	voip	40	1
34.5641	gaming	162	2
34.5754	gaming	209	1
34.5841	voip	40	1
34.5944	video	46	1
34.5971	video	57	1
34.6057	video	250	1
34.6071	video	73	1
34.6099	video	51	1
34.6106	voip	40	1
34.6136	video	96	1
34.6151	gaming	142	2
34.6175	video	76	1
34.6207	video	154	1
34.6331	gaming	177	1
34.6341	video	70	1
34.6366	voip	40	1
34.6459	video	176	1
34.6511	video	49	1
34.6553	video	53	1
34.6602	video	77	1
34.6614	gaming	103	2
34.6628	voip	40	1
34.6724	video	41	1
34.6756	video	92	1
34.6806	video	141	1
34.6872	video	136	1
34.689	voip	40	1
34.6896	voip	15	2
34.6907	video	82	1
34.6933	video	96	1
34.6981	gaming	172	1
34.7003	video	47	1
34.7153	voip	40	1
34.7176	gaming	97	2
34.7415	voip	40	1
34.743	gaming	140	1
34.7677	voip	40	1
34.7694	gaming	156	2
34.7939	voip	40	1
34.8003	video	53	1
34.8072	video	69	1
34.8104	gaming	91	1
34.8212	video	250	1
34.8219	voip	40	1
34.8228	video	55	1
34.8274	video	59	1
34.8371	video	52	1
34.8384	gaming	111	2
34.8426	video	54	1
34.8464	voip	40	1
34.8477	video	42	1
34.8493	voip	15	2
34.8532	video	92	1
34.8571	video	95	1
34.8598	video	73	1
34.8657	video	123	1
34.8676	video	43	1
34.8717	video	51	1
34.8726	voip	40	1
34.8768	video	144	1
34.8784	gaming	141	1
34.8808	video	250	1
34.8825	video	139	1
34.8852	video	65	1
34.8878	video	46	1
34.8893	gaming	135	2
34.8929	video	75	1
34.8989	voip	40	1
34.9251	voip	40	1
34.9356	gaming	239	1
34.948	gaming	276	2
34.9513	voip	40	1
34.9776	voip	40	1
34.9896	gaming	105	1
34.9927	video	42	1
34.9986	gaming	222	2
35.0006	video	165	1
35.0033	video	153	1
35.004	voip	40	1
35.0065	video	62	1
35.0093	voip	15	2
35.0177	video	144	1
35.0294	video	53	1
35.0302	voip	40	1
35.0365	video	111	1
35.0399	video	166	1
35.0439	gaming	278	1
35.0447	video	40	1
35.0471	video	250	1
35.0532	video	250	1
35.0554	video	142	1
35.0562	voip	40	1
35.0623	video	55	1
35.0665	video	250	1
35.0692	video	175	1
35.0727	video	250	1
35.0758	video	227	1
35.0773	gaming	123	2
35.0798	video	240	1
35.0813	video	51	1
35.0825	voip	40	1
35.0846	video	82	1
35.1014	gaming	85	1
35.1087	voip	40	1
35.1349	voip	40	1
35.1378	gaming	125	2
35.1565	gaming	227	1
35.1612	voip	40	1
35.1693	voip	15	2
35.186	video	250	1
35.1874	voip	40	1
35.1888	video	82	1
35.1903	gaming	133	2
35.1931	video	250	1
35.1956	video	91	1
35.1999	video	72	1
35.2046	gaming	110	1
35.2122	video	43	1
35.2136	voip	40	1
35.2202	video	250	1
35.2256	video	40	1
35.2283	video	40	1
35.2398	voip	40	1
35.2408	video	42	1
35.2452	video	250	1
35.2498	video	48	1
35.2572	video	96	1
35.2588	gaming	138	1
35.2609	gaming	140	2
35.2659	voip	15	1
35.2691	video	250	1
35.2707	video	61	1
35.2831	video	46	1
35.2857	video	58	1
35.2981	video	41	1
35.3065	video	67	1
35.3078	gaming	104	2
35.3131	video	48	1
35.3143	gaming	101	1
35.3293	voip	15	2
35.3633	gaming	182	2
35.3683	gaming	202	1
35.4147	video	250	1
35.4162	gaming	53	2
35.4172	video	74	1
35.4194	video	84	1
35.4259	voip	15	1
35.4316	video	41	1
35.4345	video	40	1
35.4405	gaming	226	1
35.4416	video	84	1
35.4445	video	75	1
35.4505	video	43	1
35.4558	video	108	1
35.4608	video	250	1
35.4628	video	54	1
35.4658	gaming	125	2
35.4668	video	71	1
35.4727	video	41	1
35.4781	video	161	1
35.4893	voip	15	2
35.49	video	40	1
35.5022	gaming	184	1
35.5031	video	55	1
35.505	video	75	1
35.5073	video	41	1
35.5165	video	234	1
35.5188	video	55	1
35.5293	gaming	194	2
35.5628	gaming	140	1
35.5822	gaming	181	2
35.5861	voip	40	1
35.6123	voip	40	1
35.6188	gaming	136	1
35.6196	video	47	1
35.6213	video	50	1
35.6247	video	49	1
35.6295	video	98	1
35.6349	video	250	1
35.6362	gaming	109	2
35.6373	video	86	1
35.6385	voip	40	1
35.6406	video	82	1
35.6448	video	122	1
35.6492	video	76	1
35.65	voip	40	2
35.6532	video	93	1
35.6555	video	58	1
35.6599	video	98	1
35.6653	video	250	1
35.6661	voip	40	1
35.6685	video	250	1
35.67	gaming	131	1
35.6722	video	223	1
35.6745	video	171	1
35.6757	voip	40	2
35.6877	video	250	1
35.691	voip	40	1
35.6978	video	67	1
35.7011	video	78	1
35.7019	voip	40	2
35.705	video	56	1
35.7064	gaming	110	2
35.7172	voip	40	1
35.7213	gaming	68	1
35.7282	voip	40	2
35.7435	voip	40	1
35.7544	voip	40	2
35.7646	gaming	101	2
35.7697	voip	40	1
35.7806	voip	40	2
35.7881	gaming	179	1
35.7959	voip	40	1
35.8066	video	250	1
35.8073	voip	40	2
35.8091	video	53	1
35.812	video	66	1
35.8189	video	122	1
35.8225	video	250	1
35.8233	voip	40	1
35.8249	video	112	1
35.8265	gaming	137	2
35.8276	video	79	1
35.832	video	56	1
35.8331	voip	40	2
35.8445	video	50	1
35.8478	video	50	1
35.8486	voip	40	1
35.854	gaming	280	1
35.8551	video	86	1
35.8593	voip	40	2
35.8607	video	46	1
35.864	video	121	1
35.8693	video	55	1
35.8746	voip	40	1
35.8817	video	43	1
35.8844	video	57	1
35.8856	voip	40	2
35.8879	video	121	1
35.89	gaming	145	2
35.8972	video	67	1
35.9001	video	40	1
35.9009	voip	40	1
35.9032	gaming	180	1
35.9049	video	132	1
35.9118	voip	40	2
35.9271	voip	40	1
35.938	voip	40	2
35.9533	gaming	187	2
35.954	voip	40	1
35.9552	gaming	96	1
35.9642	voip	40	2
35.9795	voip	40	1
35.9905	voip	40	2
36.0043	video	50	1
36.0057	voip	40	1
36.0086	video	40	1
36.0099	gaming	109	1
36.0116	gaming	154	2
36.0124	video	50	1
36.0167	voip	40	2
36.0238	video	75	1
36.0266	video	43	1
36.032	voip	40	1
36.0379	video	85	1
36.0429	voip	40	2
36.0476	video	82	1
36.0582	voip	40	1
36.0598	video	50	1
36.0629	video	50	1
36.0661	gaming	293	2
36.067	video	53	1
36.0692	voip	40	2
36.0717	gaming	119	1
36.0728	video	51	1
36.0802	video	112	1
36.0844	voip	40	1
36.0923	video	58	1
36.0954	voip	40	2
36.1047	video	41	1
36.1074	video	52	1
36.1107	voip	40	1
36.1141	video	65	1
36.1165	video	45	1
36.1194	gaming	91	1
36.1216	voip	40	2
36.129	video	46	1
36.1332	video	72	1
36.1347	gaming	117	2
36.1369	voip	40	1
36.1388	video	68	1
36.1479	voip	40	2
36.1629	voip	15	1
36.1741	voip	40	2
36.1789	gaming	143	1
36.1955	gaming	93	2
36.2003	voip	40	2
36.2265	voip	40	2
36.2337	gaming	123	1
36.2392	video	122	1
36.2431	gaming	169	2
36.2445	video	119	1
36.2528	voip	40	2
36.2559	video	72	1
36.2616	video	234	1
36.2635	video	89	1
36.2664	video	99	1
36.2696	video	87	1
36.279	voip	40	2
36.2833	video	234	1
36.2873	gaming	194	1
36.29	video	250	1
36.2957	gaming	108	2
36.2974	video	164	1
36.3052	voip	40	2
36.3085	video	60	1
36.3117	video	47	1
36.3149	video	106	1
36.3229	voip	15	1
36.3286	video	250	1
36.3303	video	53	1
36.3315	voip	40	2
36.3391	video	72	1
36.343	video	185	1
36.3442	gaming	96	1
36.3459	video	41	1
36.3501	gaming	158	2
36.3517	video	60	1
36.3574	video	250	1
36.3581	voip	40	2
36.3839	voip	40	2
36.4101	voip	40	2
36.4126	gaming	105	1
36.4191	gaming	158	2
36.4364	voip	40	2
36.456	video	79	1
36.4598	video	92	1
36.4626	voip	40	2
36.4668	video	80	1
36.4687	gaming	188	1
36.4713	video	250	1
36.4724	gaming	77	2
36.477	video	66	1
36.4831	voip	40	1
36.4888	voip	40	2
36.4902	video	120	1
36.498	video	250	1
36.5016	video	142	1
36.5054	video	74	1
36.508	video	65	1
36.5094	voip	40	1
36.5117	video	50	1
36.5151	voip	40	2
36.5244	video	69	1
36.5302	gaming	189	1
36.5356	voip	40	1
36.5366	video	78	1
36.5386	gaming	187	2
36.5413	voip	40	2
36.5487	video	79	1
36.5534	video	215	1
36.5573	video	52	1
36.5618	voip	40	1
36.5675	voip	40	2
36.5697	video	41	1
36.5726	video	46	1
36.5766	gaming	107	1
36.5777	video	44	1
36.5806	video	40	1
36.5879	gaming	139	2
36.5887	voip	40	1
36.5938	voip	40	2
36.6143	voip	40	1
36.62	voip	40	2
36.6372	gaming	180	1
36.6405	voip	40	1
36.6463	gaming	188	2
36.6471	voip	40	2
36.6667	voip	40	1
36.6724	voip	40	2
36.6806	video	41	1
36.6846	video	187	1
36.6865	video	52	1
36.6885	gaming	98	1
36.6911	video	70	1
36.693	voip	40	1
36.6987	voip	40	2
36.7034	video	46	1
36.7079	video	44	1
36.7112	gaming	174	2
36.7165	video	43	1
36.7192	voip	40	1
36.7249	voip	40	2
36.7293	video	84	1
36.733	video	43	1
36.7369	video	157	1
36.7438	gaming	131	1
36.7454	voip	40	1
36.7486	video	54	1
36.7511	voip	40	2
36.7613	video	80	1
36.7666	video	54	1
36.7716	video	180	1
36.7723	voip	40	1
36.7736	gaming	100	2
36.7743	video	41	1
36.7774	voip	40	2
36.779	video	157	1
36.783	video	55	1
36.7964	gaming	209	1
36.7987	video	236	1
36.7995	voip	40	1
36.8006	video	63	1
36.8039	video	124	1
36.8047	voip	40	2
36.8223	gaming	183	2
36.8241	voip	40	1
36.8298	voip	40	2
36.8506	gaming	234	1
36.8513	voip	40	1
36.856	voip	40	2
36.8741	gaming	167	2
36.8766	voip	40	1
36.8823	voip	40	2
36.9028	voip	40	1
36.9044	video	142	1
36.9085	voip	40	2
36.9108	gaming	141	1
36.9175	video	250	1
36.9232	video	159	1
36.9246	gaming	114	2
36.9261	video	119	1
36.929	voip	40	1
36.9307	video	160	1
36.9337	video	250	1
36.9347	video	59	1
36.9355	voip	40	2
36.9391	video	53	1
36.9439	video	62	1
36.9517	video	73	1
36.9553	voip	40	1
36.957	video	52	1
36.961	video	60	1
36.9617	voip	40	2
36.9637	video	41	1
36.9656	gaming	188	1
36.9671	video	125	1
36.9694	video	43	1
36.9735	video	88	1
36.979	gaming	155	2
36.9815	voip	40	1
36.9823	video	47	1
36.9848	video	50	1
36.987	voip	15	2
36.9949	video	48	1
36.998	video	64	1
37.0077	voip	40	1
37.0311	gaming	174	1
37.0335	gaming	89	2
37.0343	voip	40	1
37.0602	voip	40	1
37.0857	gaming	124	1
37.0863	voip	15	1
37.0887	gaming	111	2
37.0985	video	117	1
37.1047	video	44	1
37.1172	video	40	1
37.1235	video	250	1
37.1267	video	250	1
37.1341	video	250	1
37.1395	gaming	82	2
37.1453	video	88	1
37.147	voip	15	2
37.1482	video	60	1
37.1601	gaming	176	1
37.1626	video	250	1
37.1641	video	44	1
37.1726	video	91	1
37.1767	video	169	1
37.181	video	50	1
37.184	video	54	1
37.1908	video	63	1
37.1941	gaming	356	2
37.1969	video	54	1
37.2093	video	45	1
37.2165	gaming	96	1
37.2218	video	41	1
37.2272	video	100	1
37.2295	video	45	1
37.2454	gaming	81	2
37.2462	voip	15	1
37.2674	gaming	81	1
37.2977	gaming	118	2
37.307	voip	15	2
37.317	gaming	157	1
37.3296	video	63	1
37.3392	video	46	1
37.3447	video	40	1
37.3494	gaming	203	2
37.3521	video	139	1
37.3636	video	48	1
37.374	gaming	164	1
37.3761	video	41	1
37.3827	video	91	1
37.3909	video	147	1
37.3938	video	66	1
37.3974	video	85	1
37.4001	video	50	1
37.4033	video	134	1
37.4059	gaming	135	2
37.4064	voip	15	1
37.4081	video	66	1
37.4113	video	51	1
37.4178	video	58	1
37.42	gaming	159	1
37.4305	video	77	1
37.4429	video	62	1
37.4552	video	250	1
37.4614	gaming	205	2
37.4677	video	250	1
37.4683	voip	15	2
37.4702	video	180	1
37.4754	gaming	88	1
37.5181	gaming	157	2
37.5275	gaming	94	1
37.5662	voip	15	1
37.5701	video	181	1
37.5723	video	49	1
37.5761	video	50	1
37.5811	video	104	1
37.5834	gaming	235	1
37.5849	gaming	128	2
37.5895	video	50	1
37.5926	video	125	1
37.5954	video	43	1
37.6042	video	65	1
37.6167	video	75	1
37.6214	video	250	1
37.624	video	130	1
37.627	voip	15	2
37.632	video	72	1
37.6352	video	43	1
37.6378	video	45	1
37.6396	gaming	109	1
37.6436	video	105	1
37.6456	gaming	106	2
37.6558	video	67	1
37.6681	video	250	1
37.6696	video	68	1
37.6725	video	47	1
37.6794	video	104	1
37.6943	gaming	76	1
37.702	gaming	145	2
37.7262	voip	15	1
37.7468	gaming	139	1
37.7492	gaming	178	2
37.7792	video	82	1
37.7821	video	58	1
37.787	voip	15	2
37.7888	video	55	1
37.7945	video	65	1
37.7997	gaming	125	1
37.807	video	69	1
37.809	gaming	151	2
37.8119	video	119	1
37.8143	video	89	1
37.8174	video	43	1
37.8218	video	74	1
37.826	video	132	1
37.8281	video	51	1
37.8321	video	120	1
37.8392	video	250	1
37.8437	video	90	1
37.8497	video	57	1
37.8548	video	65	1
37.8586	video	123	1
37.8602	gaming	140	1
37.8618	video	117	1
37.8677	gaming	112	2
37.8754	video	250	1
37.8789	video	176	1
37.8862	voip	15	1
37.9265	gaming	87	2
37.9359	gaming	275	1
37.947	voip	15	2
37.9778	video	41	1
37.984	video	80	1
37.9886	gaming	112	1
37.9916	video	94	1
37.9944	video	92	1
37.9967	gaming	116	2
37.9985	video	50	1
38.0112	video	75	1
38.0158	video	95	1
38.0206	video	111	1
38.0256	video	165	1
38.0276	video	51	1
38.0322	video	43	1
38.037	video	47	1
38.0404	video	45	1
38.0429	gaming	142	1
38.0462	voip	15	1
38.0477	video	56	1
38.0602	video	62	1
38.0625	gaming	88	2
38.0634	video	46	1
38.0742	video	116	1
38.0764	video	52	1
38.0796	video	108	1
38.0887	video	161	1
38.0963	gaming	77	1
38.107	voip	15	2
38.1198	gaming	128	2
38.1572	gaming	184	1
38.1804	gaming	73	2
38.1894	video	250	1
38.1908	video	111	1
38.1931	video	80	1
38.1963	video	62	1
38.2029	video	172	1
38.2074	video	213	1
38.2079	voip	15	1
38.2134	video	100	1
38.2165	video	79	1
38.2198	gaming	132	1
38.2207	video	61	1
38.2241	video	250	1
38.2253	video	40	1
38.2285	video	61	1
38.2311	gaming	160	2
38.2338	video	227	1
38.2398	video	194	1
38.2436	video	250	1
38.2549	video	97	1
38.2607	video	72	1
38.267	voip	15	2
38.2698	video	43	1
38.273	gaming	160	1
38.274	video	69	1
38.2776	video	250	1
38.2957	gaming	117	2
38.3217	gaming	124	1
38.3664	voip	40	1
38.3766	video	123	1
38.3811	gaming	160	2
38.3835	video	250	1
38.3877	gaming	129	1
38.3926	voip	40	1
38.3944	video	53	1
38.4001	video	44	1
38.4082	video	62	1
38.4109	video	77	1
38.4189	voip	40	1
38.4238	video	250	1
38.4263	video	48	1
38.4272	voip	40	2
38.4307	video	244	1
38.4389	gaming	142	2
38.4418	video	67	1
38.4457	gaming	126	1
38.4465	voip	40	1
38.4482	video	91	1
38.4522	video	53	1
38.4534	voip	40	2
38.4555	video	71	1
38.4679	video	64	1
38.4708	video	96	1
38.4716	voip	40	1
38.4734	video	53	1
38.4797	voip	40	2
38.4867	gaming	237	2
38.4876	video	55	1
38.4976	voip	40	1
38.4984	video	43	1
38.5029	video	40	1
38.5057	voip	15	2
38.5069	video	96	1
38.5188	gaming	133	1
38.5238	voip	40	1
38.55	voip	40	1
38.5529	gaming	141	2
38.5743	gaming	79	1
38.5762	voip	40	1
38.6025	voip	40	1
38.6064	video	43	1
38.6145	video	40	1
38.6187	gaming	119	2
38.6275	video	107	1
38.6289	gaming	120	1
38.6297	voip	40	1
38.6399	video	83	1
38.6528	video	135	1
38.6549	voip	40	1
38.656	video	76	1
38.6592	video	62	1
38.6657	voip	15	2
38.6688	gaming	250	2
38.6715	video	42	1
38.6769	video	250	1
38.6786	video	67	1
38.6811	video	53	1
38.6819	voip	40	1
38.6838	video	69	1
38.6858	gaming	132	1
38.6978	video	250	1
38.7012	video	41	1
38.7073	video	46	1
38.7081	voip	40	1
38.71	video	58	1
38.7135	video	80	1
38.7199	video	75	1
38.7216	gaming	99	2
38.732	video	75	1
38.7336	voip	40	1
38.7355	video	57	1
38.7406	gaming	106	1
38.7598	voip	40	1
38.7773	gaming	188	2
38.7861	voip	40	1
38.7969	gaming	151	1
38.8123	voip	40	1
38.8257	voip	15	2
38.8275	gaming	170	2
38.8369	video	228	1
38.8385	voip	40	1
38.8427	video	40	1
38.8465	video	172	1
38.8498	video	124	1
38.8517	gaming	181	1
38.8613	video	83	1
38.8648	voip	40	1
38.8751	video	250	1
38.8831	video	124	1
38.8887	gaming	113	2
38.891	voip	40	1
38.895	video	41	1
38.905	gaming	158	1
38.9059	video	66	1
38.9172	voip	40	1
38.9192	video	198	1
38.9235	video	128	1
38.9265	video	130	1
38.9308	video	250	1
38.9383	video	79	1
38.942	gaming	146	2
38.9438	video	179	1
38.9446	voip	40	1
38.9474	video	78	1
38.9527	video	109	1
38.9588	video	51	1
38.9605	gaming	156	1
38.9697	voip	40	1
38.9716	video	88	1
38.9738	video	49	1
38.9857	voip	15	2
38.9931	gaming	169	2
38.9959	voip	40	1
39.0105	gaming	225	1
39.0221	voip	40	1
39.0418	gaming	127	2
39.0484	voip	40	1
39.0643	gaming	203	1
39.0738	video	48	1
39.0746	voip	40	1
39.0776	video	50	1
39.0811	video	113	1
39.0832	video	42	1
39.0883	video	41	1
39.0966	video	50	1
39.1009	gaming	138	2
39.1033	video	250	1
39.1041	voip	40	1
39.1071	video	84	1
39.1112	video	42	1
39.1147	video	136	1
39.1244	gaming	212	1
39.1266	video	58	1
39.1273	voip	40	1
39.1333	video	65	1
39.1456	video	40	1
39.1461	voip	15	2
39.1479	gaming	138	2
39.1547	video	250	1
39.1554	voip	40	1
39.1644	video	40	1
39.1675	video	111	1
39.1738	video	53	1
39.1795	voip	40	1
39.1829	video	70	1
39.186	video	88	1
39.1905	gaming	97	1
39.1952	video	49	1
39.2062	gaming	174	2
39.2069	voip	40	1
39.232	voip	40	1
39.2487	gaming	117	1
39.2528	gaming	123	2
39.2582	voip	40	1
39.2844	voip	40	1
39.2954	video	78	1
39.3057	voip	15	2
39.308	video	95	1
39.3111	gaming	172	1
39.3118	voip	40	1
39.3143	video	250	1
39.3172	video	153	1
39.3205	video	250	1
39.3232	video	250	1
39.3244	video	73	1
39.3269	video	41	1
39.3288	gaming	125	2
39.3334	video	250	1
39.3364	video	193	1
39.3372	voip	40	1
39.3412	video	250	1
39.3453	video	43	1
39.3493	video	63	1
39.3598	gaming	259	1
39.3624	video	132	1
39.3631	voip	40	1
39.368	video	250	1
39.3698	video	57	1
39.3746	video	43	1
39.3786	video	80	1
39.3889	gaming	142	2
39.3897	voip	40	1
39.3919	video	174	1
39.3947	video	56	1
39.4156	voip	40	1
39.4198	gaming	133	1
39.4418	voip	40	1
39.4466	gaming	102	2
39.4657	voip	15	2
39.468	voip	40	1
39.4943	voip	40	1
39.4951	video	47	1
39.498	gaming	274	2
39.4993	video	104	1
39.5125	video	229	1
39.5145	gaming	190	1
39.5161	video	154	1
39.5181	video	41	1
39.5205	voip	40	1
39.5306	video	47	1
39.5358	video	58	1
39.539	video	114	1
39.544	video	79	1
39.5467	voip	40	1
39.5551	gaming	290	2
39.5561	video	70	1
39.5587	video	78	1
39.5699	gaming	149	1
39.5711	video	77	1
39.573	voip	40	1
39.5793	video	65	1
39.5917	video	60	1
39.5992	video	79	1
39.5999	voip	40	1
39.6031	video	57	1
39.6082	video	50	1
39.6096	gaming	100	2
39.6127	video	190	1
39.6155	video	80	1
39.6254	voip	40	1
39.626	voip	15	2
39.6283	gaming	243	1
39.6293	video	69	1
39.6516	voip	40	1
39.671	gaming	149	2
39.6779	voip	40	1
39.6816	gaming	115	1
39.7041	voip	40	1
39.7281	video	89	1
39.7303	voip	40	1
39.7315	video	47	1
39.7348	gaming	253	2
39.7358	video	61	1
39.7407	ftp	536	1
39.7454	ftp	536	1
39.7501	ftp	536	1
39.7548	ftp	536	1
39.7596	ftp	536	1
39.7643	ftp	536	1
39.769	ftp	536	1
39.7737	ftp	536	1
39.7784	ftp	536	1
39.7832	ftp	536	1
39.7879	ftp	536	1
39.7926	ftp	536	1
39.7973	ftp	536	1
39.802	ftp	536	1
39.8068	ftp	536	1
39.8115	ftp	536	1
39.8162	ftp	536	1
39.8209	ftp	536	1
39.8256	ftp	536	1
39.8304	ftp	536	1
39.8351	ftp	536	1
39.8398	ftp	536	1
39.8445	ftp	536	1
39.8492	ftp	536	1
39.854	ftp	536	1
39.8587	ftp	536	1
39.8634	ftp	536	1
39.8681	ftp	536	1
39.8728	ftp	536	1
39.8776	ftp	536	1
39.8823	ftp	536	1
39.887	ftp	536	1
39.8917	ftp	536	1
39.8964	ftp	536	1
39.9012	ftp	536	1
39.9059	ftp	536	1
39.9106	ftp	536	1
39.9153	ftp	536	1
39.92	ftp	536	1
39.9248	ftp	536	1
39.9295	ftp	536	1
39.9342	ftp	536	1
39.9389	ftp	536	1
39.9436	ftp	536	1
39.9484	ftp	536	1
39.9531	ftp	536	1
39.9578	ftp	536	1
39.9625	ftp	536	1
39.9646	gaming	208	1
39.967	video	250	1
39.9682	video	95	1
39.973	ftp	536	1
39.9777	ftp	536	1
39.9824	ftp	536	1
39.984	video	144	1
39.9847	voip	40	1
39.9895	ftp	536	1
39.9942	ftp	536	1
39.9989	ftp	536	1
40.0013	video	250	1
40.0021	video	44	1
40.0029	video	47	1
40.0076	ftp	536	1
40.0124	ftp	536	1
40.0171	ftp	536	1
40.0184	video	108	1
40.0191	video	43	1
40.0239	ftp	536	1
40.0286	ftp	536	1
40.0333	ftp	536	1
40.0341	video	50	1
40.0349	voip	40	1
40.0376	gaming	285	2
40.0423	ftp	536	1
40.047	ftp	536	1
40.0518	ftp	536	1
40.0523	voip	15	2
40.0534	video	83	1
40.0581	ftp	536	1
40.0629	ftp	536	1
40.0676	ftp	536	1
40.0685	video	62	1
40.0693	video	49	1
40.074	ftp	536	1
40.0788	ftp	536	1
40.0835	ftp	536	1
40.0844	video	56	1
40.0851	video	43	1
40.0859	voip	40	1
40.0871	gaming	102	1
40.0881	video	72	1
40.0929	ftp	536	1
40.0976	ftp	536	1
40.1023	ftp	536	1
40.1031	video	48	1
40.104	video	56	1
40.1087	ftp	536	1
40.1134	ftp	536	1
40.1182	ftp	536	1
40.1229	ftp	536	1
40.1276	ftp	536	1
40.1323	ftp	536	1
40.1331	voip	40	1
40.1378	ftp	536	1
40.1425	ftp	536	1
40.1472	ftp	536	1
40.152	ftp	536	1
40.1567	ftp	536	1
40.1614	ftp	536	1
40.1627	gaming	115	2
40.1675	ftp	536	1
40.1722	ftp	536	1
40.1769	ftp	536	1
40.1777	voip	40	1
40.1824	ftp	536	1
40.1871	ftp	536	1
40.1918	ftp	536	1
40.1931	gaming	105	1
40.1978	ftp	536	1
40.2025	ftp	536	1
40.2073	ftp	536	1
40.208	voip	40	1
40.2127	ftp	536	1
40.2174	ftp	536	1
40.2222	ftp	536	1
40.2269	ftp	536	1
40.2316	ftp	536	1
40.2363	ftp	536	1
40.241	ftp	536	1
40.2458	ftp	536	1
40.2505	ftp	536	1
40.2518	gaming	115	2
40.2526	voip	40	1
40.2573	ftp	536	1
40.262	ftp	536	1
40.2667	ftp	536	1
40.2681	video	111	1
40.2689	video	56	1
40.2737	ftp	536	1
40.2784	ftp	536	1
40.2831	ftp	536	1
40.2843	gaming	91	1
40.2852	video	57	1
40.2899	ftp	536	1
40.2946	ftp	536	1
40.2993	ftp	536	1
40.3001	voip	40	1
40.3006	voip	15	2
40.3014	video	44	1
40.3026	video	93	1
40.304	gaming	125	2
40.3049	video	56	1
40.3057	video	46	1
40.3071	video	124	1
40.3081	video	69	1
40.3089	video	46	1
40.3102	video	107	1
40.3118	video	146	1
40.3134	gaming	148	1
40.3142	video	47	1
40.3189	ftp	536	1
40.3203	video	122	1
40.3251	ftp	536	1
40.3298	ftp	536	1
40.3305	voip	40	1
40.3313	voip	40	1
40.332	voip	40	1
40.3336	video	142	1
40.336	video	250	1
40.3368	video	46	1
40.3391	gaming	230	2
40.34	video	54	1
40.3408	video	44	1
40.3455	ftp	536	1
40.3502	ftp	536	1
40.3509	voip	40	1
40.3534	video	250	1
40.3644	gaming	139	1
40.384	voip	40	1
40.4185	gaming	135	2
40.4193	voip	40	1
40.434	voip	15	2
40.4356	gaming	140	1
40.4458	voip	40	1
40.4474	gaming	154	2
40.4624	video	44	1
40.4632	video	51	1
40.464	voip	40	1
40.4694	video	40	1
40.4755	video	114	1
40.4773	gaming	171	1
40.478	voip	40	1
40.4794	video	117	1
40.4864	gaming	235	2
40.4929	video	161	1
40.4937	video	51	1
40.4992	voip	40	1
40.5016	video	250	1
40.5024	video	45	1
40.513	video	90	1
40.5144	gaming	117	1
40.5151	voip	40	1
40.5176	video	250	1
40.5189	gaming	109	2
40.52	video	92	1
40.5208	video	46	1
40.5216	video	41	1
40.5226	video	71	1
40.5231	voip	15	2
40.524	video	47	1
40.5247	voip	40	1
40.5302	video	41	1
40.5313	gaming	86	1
40.5321	voip	40	1
40.5432	video	160	1
40.5495	gaming	137	2
40.5502	video	41	1
40.5605	video	47	1
40.5707	voip	40	1
40.6328	voip	40	1
40.6442	gaming	189	1
40.6609	gaming	265	2
40.6758	voip	40	1
40.7049	voip	40	1
40.7061	gaming	98	1
40.7125	video	164	1
40.7197	video	250	1
40.7208	gaming	88	2
40.7216	voip	40	1
40.7271	video	46	1
40.7276	voip	15	2
40.7285	video	58	1
40.7342	video	67	1
40.735	voip	40	1
40.7367	gaming	162	1
40.7472	video	83	1
40.7482	video	63	1
40.7678	voip	40	1
40.769	video	90	1
40.7699	video	62	1
40.7708	video	54	1
40.7715	video	41	1
40.7739	gaming	241	2
40.7796	video	70	1
40.782	video	245	1
40.7827	voip	40	1
40.793	video	50	1
40.7988	gaming	80	1
40.8044	video	60	1
40.8062	video	164	1
40.8211	voip	40	1
40.8235	video	250	1
40.8339	video	67	1
40.863	video	40	1
40.8701	video	250	1
40.8719	gaming	159	2
40.8726	voip	40	1
40.8923	gaming	48	1
40.9025	voip	40	1
40.9072	ftp	11792	1
40.9219	voip	15	2
40.924	gaming	208	2
40.9248	voip	40	1
40.9314	gaming	185	1
40.9416	voip	40	1
40.9568	video	82	1
40.9663	ftp	2680	1
40.9685	gaming	227	2
40.9695	video	71	1
40.972	video	250	1
40.9744	video	250	1
40.9751	voip	40	1
40.9764	gaming	102	1
40.9858	ftp	2144	1
40.9869	video	81	1
40.9893	video	250	1
40.9902	video	49	1
40.9913	video	93	1
40.9921	video	42	1
40.9929	voip	40	1
40.9936	voip	40	1
40.9983	ftp	4824	1
40.9995	gaming	89	2
41.0061	video	189	1
41.0069	video	46	1
41.0078	video	58	1
41.0103	video	250	1
41.0111	video	53	1
41.0119	voip	40	1
41.0127	video	42	1
41.0134	video	41	1
41.0154	gaming	198	1
41.0179	video	250	1
41.0201	video	230	1
41.0296	ftp	10720	1
41.0301	voip	15	2
41.0357	video	58	1
41.0365	voip	40	1
41.0372	video	40	1
41.0434	gaming	131	2
41.0772	voip	40	1
41.0836	gaming	153	1
41.0883	ftp	4824	1
41.1167	ftp	2144	1
41.1174	voip	40	1
41.1221	ftp	4288	1
41.1292	gaming	235	2
41.1347	video	44	1
41.1358	video	92	1
41.1366	voip	40	1
41.1413	ftp	2144	1
41.1421	video	47	1
41.1442	gaming	212	1
41.1451	video	53	1
41.1475	video	250	1
41.1486	video	86	1
41.1497	video	73	1
41.1508	video	90	1
41.1528	gaming	191	2
41.1537	video	58	1
41.1544	video	41	1
41.1553	video	52	1
41.1561	video	55	1
41.1569	voip	40	1
41.1577	voip	40	1
41.1743	gaming	262	1
41.1753	video	63	1
41.1758	voip	15	2
41.1766	voip	40	1
41.1782	gaming	147	2
41.1791	video	65	1
41.1805	video	112	1
41.1815	video	79	1
41.184	video	250	1
41.1848	video	54	1
41.1873	video	250	1
41.1894	video	216	1
41.1996	voip	40	1
41.2108	gaming	169	1
41.2163	voip	40	1
41.2317	gaming	100	2
41.2561	voip	40	1
41.3239	gaming	162	1
41.3293	voip	40	1
41.3349	video	58	1
41.3454	video	71	1
41.3461	video	41	1
41.3474	video	99	1
41.3576	video	45	1
41.3587	video	80	1
41.3598	gaming	83	2
41.3605	voip	40	1
41.3617	video	88	1
41.3671	video	42	1
41.3677	voip	15	2
41.3685	voip	40	1
41.3698	gaming	109	1
41.3805	video	113	1
41.3815	gaming	65	2
41.3825	video	79	1
41.3836	video	76	1
41.3843	video	41	1
41.3868	video	250	1
41.3876	video	49	1
41.3884	video	51	1
41.3909	video	250	1
41.3917	video	55	1
41.3925	voip	40	1
41.3933	voip	40	1
41.3945	gaming	101	1
41.4062	video	229	1
41.4167	video	76	1
41.4183	video	149	1
41.4191	voip	40	1
41.4203	gaming	106	2
41.473	voip	40	1
41.4748	gaming	168	1
41.5275	voip	40	1
41.5341	gaming	187	2
41.5537	voip	40	1
41.5543	voip	15	2
41.5561	gaming	168	1
41.5762	video	100	1
41.5786	video	250	1
41.5795	video	59	1
41.5805	video	72	1
41.5817	gaming	88	2
41.5824	voip	40	1
41.5832	video	46	1
41.5849	video	157	1
41.5864	gaming	133	1
41.5878	video	121	1
41.5885	voip	40	1
41.5893	video	44	1
41.5948	voip	40	1
41.5958	gaming	73	2
41.6023	video	170	1
41.6035	video	97	1
41.6044	video	52	1
41.6054	video	73	1
41.6063	video	62	1
41.6071	voip	40	1
41.6082	video	81	1
41.6092	video	78	1
41.6101	video	63	1
41.6125	gaming	234	1
41.6226	voip	40	1
41.6284	video	77	1
41.6293	video	58	1
41.6395	video	42	1
41.6408	video	110	1
41.6562	gaming	100	2
41.6711	voip	40	1
41.6813	voip	40	2
41.7203	gaming	93	1
41.7257	voip	40	1
41.7265	voip	40	2
41.7467	gaming	110	2
41.7569	voip	40	1
41.7576	voip	40	2
41.7725	voip	40	1
41.7733	voip	40	2
41.7742	video	57	1
41.7751	video	61	1
41.7763	video	91	1
41.7776	gaming	119	1
41.7799	gaming	224	2
41.7806	voip	40	1
41.7814	voip	40	2
41.7824	video	70	1
41.7832	video	56	1
41.7857	video	250	1
41.7865	video	53	1
41.7873	voip	40	1
41.788	voip	40	2
41.7889	video	51	1
41.7897	video	46	1
41.792	video	238	1
41.7944	video	250	1
41.7963	gaming	185	1
41.7979	gaming	144	2
41.8081	voip	40	1
41.8089	voip	40	2
41.8097	video	44	1
41.8106	video	65	1
41.813	video	250	1
41.8138	voip	40	1
41.8145	voip	40	2
41.8166	gaming	199	1
41.818	gaming	127	2
41.819	video	70	1
41.8198	video	42	1
41.8207	video	60	1
41.8215	video	52	1
41.8225	video	68	1
41.8233	video	50	1
41.843	voip	40	1
41.8485	voip	40	2
41.9058	voip	40	1
41.9066	voip	40	2
41.9272	gaming	159	2
41.9374	voip	40	1
41.9387	gaming	108	1
41.9394	voip	40	2
41.9591	voip	40	1
41.9601	video	76	1
41.9611	video	66	1
41.9635	video	250	1
41.9642	voip	40	2
41.9656	gaming	112	2
41.971	voip	40	1
41.9724	gaming	116	1
41.9748	video	250	1
41.9758	video	65	1
41.9782	video	250	1
41.979	video	40	1
41.9797	voip	40	1
41.981	video	111	1
41.9818	voip	40	2
41.9825	voip	40	2
41.9975	video	45	1
41.9982	voip	40	1
42.0001	gaming	181	2
42.0009	voip	40	2
42.0029	video	199	1
42.0047	gaming	169	1
42.0066	video	180	1
42.0073	video	41	1
42.0084	video	79	1
42.0095	video	82	1
42.0112	video	161	1
42.012	video	49	1
42.0131	video	81	1
42.0139	video	47	1
42.0241	voip	40	1
42.0248	voip	40	2
42.0256	video	43	1
42.027	video	114	1
42.0707	gaming	102	2
42.0714	voip	40	1
42.0722	voip	40	2
42.0789	gaming	194	1
42.1127	voip	40	1
42.1182	voip	40	2
42.1378	voip	40	1
42.1433	voip	40	2
42.149	gaming	70	2
42.1597	gaming	107	1
42.1699	voip	40	1
42.1752	voip	15	2
42.177	video	173	1
42.1779	video	57	1
42.1803	video	250	1
42.1812	video	55	1
42.1827	video	131	1
42.1881	voip	40	1
42.1941	gaming	103	2
42.1949	video	42	1
42.1966	gaming	156	1
42.1974	video	57	1
42.1992	video	160	1
42.1999	voip	40	1
42.2118	video	250	1
42.2126	video	43	1
42.2139	video	116	1
42.2147	video	46	1
42.2161	video	115	1
42.2168	voip	40	1
42.2229	video	111	1
42.2276	ftp	15544	1
42.2287	video	90	1
42.2297	video	66	1
42.2309	gaming	96	2
42.2317	video	43	1
42.2331	gaming	127	1
42.2339	voip	40	1
42.2351	video	94	1
42.2367	video	151	1
42.2377	video	71	1
42.2384	voip	40	1
42.2392	voip	40	1
42.2406	gaming	124	1
42.2421	gaming	130	2
42.2426	voip	15	2
42.2434	voip	40	1
42.2441	voip	40	1
42.2465	gaming	238	1
42.248	gaming	131	2
42.2499	video	190	1
42.2508	video	51	1
42.2515	video	44	1
42.254	video	250	1
42.2553	video	109	1
42.256	voip	40	1
42.2571	video	78	1
42.258	video	65	1
42.2605	video	250	1
42.2614	video	67	1
42.2622	voip	40	1
42.2632	video	75	1
42.265	gaming	171	1
42.2658	video	42	1
42.2675	gaming	161	2
42.2683	video	51	1
42.2691	voip	40	1
42.2701	video	70	1
42.2717	video	143	1
42.2724	voip	40	1
42.2734	video	70	1
42.274	voip	15	2
42.275	video	76	1
42.2766	video	144	1
42.2775	video	57	1
42.2787	gaming	93	1
42.2797	video	82	1
42.2814	gaming	153	2
42.2821	voip	40	1
42.2838	video	153	1
42.2885	ftp	93264	1
42.2932	ftp	13936	1
42.298	ftp	536	1
42.3027	ftp	536	1
42.3074	ftp	536	1
42.3121	ftp	536	1
42.3168	ftp	536	1
42.3216	ftp	536	1
42.3263	ftp	536	1
42.331	ftp	536	1
42.3357	ftp	536	1
42.3404	ftp	536	1
42.3452	ftp	536	1
42.3499	ftp	536	1
42.3546	ftp	536	1
42.3593	ftp	536	1
42.364	ftp	536	1
42.3651	ftp	72	1
42.3698	ftp	536	1
42.3745	ftp	536	1
42.3792	ftp	536	1
42.3839	ftp	536	1
42.3887	ftp	536	1
42.3934	ftp	536	1
42.3981	ftp	536	1
42.4028	ftp	536	1
42.4075	ftp	536	1
42.4123	ftp	536	1
42.417	ftp	536	1
42.4217	ftp	536	1
42.4224	voip	40	1
42.4244	gaming	190	1
42.4251	voip	40	1
42.4276	gaming	250	2
42.4323	ftp	536	1
42.437	ftp	536	1
42.4417	ftp	536	1
42.4465	ftp	536	1
42.4512	ftp	536	1
42.4559	ftp	536	1
42.4606	ftp	536	1
42.4653	ftp	536	1
42.4701	ftp	536	1
42.4748	ftp	536	1
42.4795	ftp	536	1
42.4842	ftp	536	1
42.4889	ftp	536	1
42.4937	ftp	536	1
42.4984	ftp	536	1
42.5031	ftp	536	1
42.5063	ftp	352	1
42.5111	ftp	536	1
42.5158	ftp	536	1
42.5205	ftp	536	1
42.5252	ftp	536	1
42.5299	ftp	536	1
42.5347	ftp	536	1
42.5394	ftp	536	1
42.5441	ftp	536	1
42.5488	ftp	536	1
42.5535	ftp	536	1
42.5583	ftp	536	1
42.563	ftp	536	1
42.5677	ftp	536	1
42.5724	ftp	536	1
42.5771	ftp	536	1
42.5819	ftp	536	1
42.5866	ftp	536	1
42.5913	ftp	536	1
42.596	ftp	536	1
42.6007	ftp	536	1
42.6055	ftp	536	1
42.6102	ftp	536	1
42.6149	ftp	536	1
42.6196	ftp	536	1
42.6243	ftp	536	1
42.6291	ftp	536	1
42.6338	ftp	536	1
42.6385	ftp	536	1
42.6432	ftp	536	1
42.6479	ftp	536	1
42.6527	ftp	536	1
42.6574	ftp	536	1
42.6621	ftp	536	1
42.6668	ftp	536	1
42.6715	ftp	536	1
42.6763	ftp	536	1
42.681	ftp	536	1
42.6857	ftp	536	1
42.6904	ftp	536	1
42.6951	ftp	536	1
42.6999	ftp	536	1
42.7046	ftp	536	1
42.7093	ftp	536	1
42.714	ftp	536	1
42.7187	ftp	536	1
42.7235	ftp	536	1
42.7282	ftp	536	1
42.7329	ftp	536	1
42.7376	ftp	536	1
42.7423	ftp	536	1
42.7471	ftp	536	1
42.7518	ftp	536	1
42.7565	ftp	536	1
42.7573	voip	40	1
42.762	ftp	536	1
42.7667	ftp	536	1
42.7714	ftp	536	1
42.7727	gaming	111	1
42.7742	video	123	1
42.7759	video	160	1
42.7766	voip	40	1
42.7778	gaming	98	2
42.7826	ftp	536	1
42.7873	ftp	536	1
42.7887	video	125	1
42.7895	video	44	1
42.79	voip	15	2
42.7916	video	142	1
42.7932	gaming	147	1
42.794	video	40	1
42.7948	video	54	1
42.7966	video	165	1
42.7979	video	105	1
42.7998	video	190	1
42.8006	voip	40	1
42.8013	voip	40	1
42.8021	voip	40	1
42.8035	gaming	130	2
42.8145	gaming	134	1
42.8153	video	43	1
42.8163	video	80	1
42.8172	video	53	1
42.8179	voip	40	1
42.8196	video	149	1
42.8212	video	147	1
42.8226	video	128	1
42.8235	video	57	1
42.8243	video	44	1
42.8251	video	44	1
42.8268	gaming	161	2
42.8281	gaming	110	1
42.829	video	55	1
42.8439	voip	40	1
42.8447	voip	40	1
42.8548	voip	40	1
42.8608	gaming	100	1
42.8613	voip	15	2
42.8715	voip	40	1
42.8727	video	88	1
42.8745	video	176	1
42.8755	video	63	1
42.8767	video	103	1
42.8778	gaming	80	2
42.8785	voip	40	1
42.88	video	124	1
42.8812	gaming	107	1
42.8824	video	95	1
42.8834	video	61	1
42.8841	voip	40	1
42.8865	video	250	1
42.8876	video	79	1
42.9025	voip	40	1
42.9036	video	80	1
42.9052	gaming	145	1
42.9069	gaming	160	2
42.9077	video	42	1
42.9084	voip	40	1
42.9092	video	49	1
42.9117	video	250	1
42.9125	video	53	1
42.9133	video	49	1
42.9142	video	52	1
42.915	video	44	1
42.9161	video	82	1
42.9169	video	50	1
42.9175	voip	15	2
42.9185	video	72	1
42.9292	gaming	104	1
42.9303	gaming	94	2
42.9311	voip	40	1
42.9319	voip	40	1
42.9326	voip	40	1
42.9431	gaming	75	2
42.9451	video	198	1
42.9459	video	45	1
42.9474	video	141	1
42.9496	video	213	1
42.9511	gaming	137	1
42.9519	voip	40	1
42.9574	video	49	1
42.9582	voip	40	1
42.959	video	56	1
42.9697	video	98	1
42.9709	gaming	96	2
42.9724	gaming	137	1
42.9733	video	58	1
42.9742	video	62	1
42.98	video	72	1
42.9949	video	46	1
43.0004	voip	40	1
43.0201	video	53	1
43.0213	video	88	1
43.0268	video	46	1
43.0418	video	48	1
43.0426	video	54	1
43.0575	voip	40	1
43.0694	video	250	1
43.0762	gaming	203	2
43.0775	gaming	105	1
43.0783	video	44	1
43.0801	video	182	1
43.0807	voip	15	2
43.0814	voip	40	1
43.0927	video	175	1
43.1312	voip	40	1
43.1607	gaming	86	2
43.1761	gaming	106	1
43.1816	voip	40	1
43.2626	voip	40	1
43.2879	gaming	157	2
43.3171	video	55	1
43.3185	gaming	122	1
43.3192	voip	40	1
43.3255	video	143	1
43.3454	video	70	1
43.3509	video	47	1
43.3564	voip	40	1
43.3572	video	53	1
43.3582	video	71	1
43.3642	video	102	1
43.3713	gaming	237	2
43.3718	voip	15	2
43.3734	gaming	147	1
43.3742	voip	40	1
43.3798	video	62	1
43.3809	video	88	1
43.3828	video	172	1
43.385	video	232	1
43.3862	video	94	1
43.3887	video	250	1
43.3894	video	43	1
43.391	video	139	1
43.3917	voip	40	1
43.4019	video	42	1
43.4027	voip	40	1
43.4041	gaming	125	1
43.4057	gaming	137	2
43.4064	video	42	1
43.4072	video	47	1
43.4081	video	52	1
43.4089	video	43	1
43.4285	voip	40	1
43.4528	voip	40	1
43.4549	gaming	204	1
43.4745	voip	40	1
43.4758	gaming	106	2
43.4956	video	55	1
43.4965	video	63	1
43.4983	video	174	1
43.4989	voip	15	2
43.4996	voip	40	1
43.5014	gaming	164	1
43.5073	video	95	1
43.5082	video	63	1
43.5097	gaming	126	2
43.5108	video	94	1
43.512	video	91	1
43.5129	video	52	1
43.5139	video	77	1
43.5147	video	50	1
43.5162	video	135	1
43.5168	voip	15	1
43.5181	gaming	106	1
43.5344	gaming	218	2
43.5352	video	47	1
43.5363	video	87	1
43.5388	video	250	1
43.5396	video	53	1
43.5404	video	41	1
43.5412	video	51	1
43.5433	gaming	199	1
43.5441	video	45	1
43.5465	video	250	1
43.5474	video	64	1
43.5539	gaming	164	2
43.578	voip	15	2
43.5936	gaming	116	1
43.613	voip	15	1
43.6283	gaming	95	2
43.6534	video	125	1
43.6541	video	42	1
43.6843	video	172	1
43.6904	gaming	119	1
43.6912	video	54	1
43.6921	video	49	1
43.6934	video	118	1
43.7037	video	52	1
43.7237	video	88	1
43.725	video	108	1
43.7311	gaming	107	2
43.732	video	65	1
43.7424	video	62	1
43.7435	gaming	87	1
43.7494	video	90	1
43.7549	video	50	1
43.7568	video	177	1
43.7576	video	50	1
43.7686	gaming	145	2
43.7694	video	47	1
43.77	voip	15	2
43.771	video	72	1
43.7719	video	52	1
43.7821	video	41	1
43.7885	gaming	157	1
43.794	video	47	1
43.8134	voip	15	1
43.8573	gaming	122	2
43.8951	ftp	4824	1
43.9139	ftp	1608	1
43.9158	gaming	182	1
43.9206	ftp	2144	1
43.9253	ftp	536	1
43.93	ftp	1608	1
43.9347	ftp	1608	1
43.9394	ftp	3752	1
43.9406	gaming	97	2
43.9548	ftp	8576	1
43.9657	video	123	1
43.9672	video	139	1
43.9729	video	69	1
43.9739	video	75	1
43.9752	video	101	1
43.9764	gaming	93	1
43.9773	video	60	1
43.9783	video	79	1
43.9797	video	123	1
43.9812	gaming	129	2
43.9818	voip	15	2
43.9826	video	50	1
43.985	video	250	1
43.9943	ftp	2680	1
43.999	ftp	8576	1
43.9995	voip	15	1
44.0003	video	40	1
44.0015	video	91	1
44.0025	video	81	1
44.0042	gaming	150	1
44.0049	video	42	1
44.0058	video	56	1
44.0164	video	89	1
44.0173	video	61	1
44.0289	video	218	1
44.0301	video	88	1
44.031	video	57	1
44.0322	gaming	101	2
44.0416	ftp	9648	1
44.0622	gaming	151	1
44.0905	ftp	7504	1
44.1251	gaming	147	2
44.1641	gaming	94	1
44.1646	voip	15	2
44.1799	video	88	1
44.1817	video	173	1
44.1823	voip	15	1
44.1841	gaming	178	2
44.1955	video	183	1
44.1978	gaming	232	1
44.1987	video	62	1
44.1995	video	40	1
44.2008	video	112	1
44.2032	video	250	1
44.2042	video	66	1
44.2051	video	62	1
44.2069	gaming	171	2
44.2173	video	70	1
44.2184	gaming	83	1
44.2192	video	47	1
44.2207	video	123	1
44.2231	video	250	1
44.2239	video	54	1
44.2248	video	56	1
44.2258	video	67	1
44.2274	video	143	1
44.2282	video	44	1
44.2339	video	69	1
44.2357	video	172	1
44.2371	gaming	120	2
44.2423	voip	15	2
44.2486	gaming	134	1
44.3105	voip	15	1
44.3496	gaming	120	2
44.3699	gaming	116	1
44.384	ftp	4288	1
44.3887	ftp	9112	1
44.3989	video	41	1
44.4037	ftp	6968	1
44.4102	video	175	1
44.4118	video	143	1
44.4165	ftp	1608	1
44.4177	video	95	1
44.4189	video	98	1
44.4197	video	42	1
44.4221	video	250	1
44.4229	video	43	1
44.4238	video	59	1
44.4262	video	250	1
44.4276	gaming	118	2
44.4296	gaming	199	1
44.4352	video	48	1
44.4357	voip	15	2
44.4365	video	49	1
44.4373	video	45	1
44.4398	video	250	1
44.4413	gaming	136	2
44.4425	gaming	104	1
44.448	voip	40	1
44.4584	video	60	1
44.4591	video	40	1
44.4599	video	43	1
44.4607	video	44	1
44.4618	gaming	91	2
44.4627	video	54	1
44.4635	video	50	1
44.4643	voip	40	1
44.4754	gaming	151	1
44.5092	voip	40	1
44.5706	voip	40	1
44.5724	gaming	161	2
44.5833	gaming	133	1
44.6029	voip	40	1
44.6086	video	70	1
44.6094	video	42	1
44.6118	video	250	1
44.6128	video	71	1
44.6147	video	185	1
44.6155	voip	40	1
44.6161	voip	15	2
44.6175	gaming	131	2
44.6234	gaming	94	1
44.6289	video	45	1
44.6302	video	99	1
44.6311	video	66	1
44.6322	video	82	1
44.6331	video	55	1
44.6339	video	53	1
44.6347	voip	40	1
44.6355	voip	40	1
44.6469	gaming	192	1
44.6476	voip	40	1
44.6502	gaming	266	2
44.6512	video	69	1
44.652	video	54	1
44.6529	video	51	1
44.6536	video	41	1
44.6544	video	41	1
44.6551	video	42	1
44.6569	video	166	1
44.6584	video	137	1
44.6603	video	182	1
44.6611	voip	40	1
44.6716	gaming	82	1
44.6724	voip	40	1
44.7392	voip	40	1
44.7407	gaming	132	2
44.7412	voip	15	2
44.7892	voip	40	1
44.7905	gaming	116	1
44.7914	video	51	1
44.7921	voip	40	1
44.7931	video	66	1
44.7946	gaming	129	2
44.7955	video	68	1
44.7963	video	47	1
44.7985	video	217	1
44.7993	voip	40	1
44.8004	video	84	1
44.8019	video	138	1
44.8027	video	49	1
44.8039	video	92	1
44.8094	video	42	1
44.8118	video	250	1
44.818	gaming	131	1
44.8188	voip	40	1
44.8196	video	53	1
44.8205	video	51	1
44.8221	gaming	145	2
44.8278	video	70	1
44.8332	voip	40	1
44.8341	video	55	1
44.8349	video	46	1
44.8358	video	55	1
44.8366	video	46	1
44.8385	video	186	1
44.8487	voip	40	1
44.8492	voip	15	2
44.8508	gaming	135	2
44.8518	video	82	1
44.8828	gaming	272	1
44.8882	voip	40	1
44.9504	voip	40	1
44.9661	gaming	148	2
44.9952	voip	40	1
45.0207	gaming	189	1
45.0309	voip	40	1
45.0322	video	98	1
45.0393	video	250	1
45.0403	video	65	1
45.041	video	41	1
45.0418	video	43	1
45.0426	video	44	1
45.0435	video	62	1
45.0449	gaming	114	2
45.0456	voip	40	1
45.0476	gaming	190	1
45.0594	video	250	1
45.06	voip	15	2
45.0607	video	40	1
45.0615	video	48	1
45.064	video	250	1
45.0654	gaming	128	2
45.0662	voip	40	1
45.0669	voip	40	1
45.0774	video	72	1
45.0783	video	61	1
45.0806	gaming	229	1
45.1005	video	75	1
45.1111	video	90	1
45.1128	video	164	1
45.1142	video	122	1
45.1167	video	250	1
45.1175	video	45	1
45.1182	voip	40	1
45.138	video	61	1
45.1529	voip	40	1
45.1592	gaming	144	2
45.1987	gaming	162	1
45.1995	voip	40	1
45.2238	voip	40	1
45.2344	gaming	93	2
45.2457	gaming	170	1
45.2464	voip	40	1
45.2519	video	44	1
45.2543	video	250	1
45.2568	video	250	1
45.2573	voip	15	2
45.2628	voip	40	1
45.2637	video	54	1
45.2646	video	65	1
45.2659	gaming	104	2
45.2667	video	46	1
45.2674	voip	40	1
45.2691	gaming	153	1
45.2699	video	41	1
45.2707	video	55	1
45.2719	video	87	1
45.2726	video	45	1
45.2736	video	65	1
45.2885	voip	40	1
45.2894	video	52	1
45.2901	voip	40	1
45.2914	gaming	106	2
45.2922	video	44	1
45.2931	video	58	1
45.294	video	66	1
45.2956	gaming	145	1
45.2966	video	63	1
45.2977	video	91	1
45.2994	video	153	1
45.3146	video	79	1
45.3153	voip	40	1
45.3209	video	47	1
45.3263	voip	40	1
45.3303	gaming	156	2
45.3308	voip	15	2
45.3368	gaming	105	1
45.3375	voip	40	1
45.3383	voip	40	1
45.354	gaming	142	2
45.3549	video	58	1
45.3557	voip	40	1
45.3564	video	42	1
45.3573	video	54	1
45.3584	video	84	1
45.3644	gaming	99	1
45.3652	video	48	1
45.3659	voip	40	1
45.3681	video	223	1
45.369	video	55	1
45.3747	video	68	1
45.3755	video	50	1
45.3763	voip	40	1
45.3776	video	111	1
45.3793	video	153	1
45.3809	gaming	146	2
45.3833	video	250	1
45.3857	video	250	1
45.3865	video	41	1
45.3883	video	174	1
45.3891	voip	40	1
45.3907	gaming	156	1
45.3917	video	67	1
45.3933	video	143	1
45.3943	video	69	1
45.3953	video	70	1
45.3958	voip	15	2
45.3978	video	194	1
45.3986	voip	40	1
45.4	gaming	124	2
45.4014	gaming	118	1
45.4021	voip	40	1
45.4029	voip	40	1
45.4044	gaming	141	2
45.4052	voip	40	1
45.4065	gaming	112	1
45.4089	video	246	1
45.4097	voip	40	1
45.4121	video	250	1
45.4133	video	99	1
45.4141	voip	40	1
45.4149	video	52	1
45.4157	video	47	1
45.4181	video	250	1
45.4191	video	70	1
45.4213	gaming	215	2
45.4223	video	76	1
45.4229	voip	15	2
45.4253	video	250	1
45.4267	gaming	125	1
45.4281	video	113	1
45.429	video	61	1
45.4298	voip	40	1
45.4345	ftp	536	1
45.4356	video	84	1
45.4364	video	52	1
45.4411	ftp	3216	1
45.4459	ftp	1608	1
45.4466	voip	40	1
45.4513	ftp	3752	1
45.4561	ftp	2144	1
45.4608	ftp	17688	1
45.4655	ftp	5360	1
45.4702	ftp	14472	1
45.4749	ftp	41192	1
45.4821	video	250	1
45.4868	ftp	40960	1
45.4915	ftp	536	1
45.4963	ftp	536	1
45.501	ftp	536	1
45.5033	gaming	231	2
45.508	ftp	536	1
45.5127	ftp	536	1
45.5174	ftp	536	1
45.5221	ftp	536	1
45.5269	ftp	536	1
45.5316	ftp	536	1
45.5344	ftp	296	1
45.5391	ftp	536	1
45.5404	video	112	1
45.5421	gaming	160	1
45.5469	ftp	536	1
45.5516	ftp	536	1
45.5563	ftp	536	1
45.561	ftp	536	1
45.5657	ftp	536	1
45.5666	video	49	1
45.5713	ftp	536	1
45.576	ftp	536	1
45.5807	ftp	536	1
45.5854	ftp	536	1
45.5902	ftp	536	1
45.5926	ftp	248	1
45.5973	ftp	536	1
45.602	ftp	536	1
45.6067	ftp	536	1
45.6115	ftp	536	1
45.6162	ftp	536	1
45.6209	ftp	536	1
45.6256	ftp	536	1
45.6303	ftp	536	1
45.6351	ftp	536	1
45.6398	ftp	536	1
45.6445	ftp	536	1
45.6492	ftp	536	1
45.6539	ftp	536	1
45.6587	ftp	536	1
45.6634	ftp	536	1
45.6681	ftp	536	1
45.6728	ftp	536	1
45.6775	ftp	536	1
45.6823	ftp	536	1
45.687	ftp	536	1
45.6917	ftp	536	1
45.6964	ftp	536	1
45.7011	ftp	536	1
45.7059	ftp	536	1
45.7106	ftp	536	1
45.7153	ftp	536	1
45.72	ftp	536	1
45.7247	ftp	536	1
45.7255	voip	40	1
45.7302	ftp	536	1
45.7349	ftp	536	1
45.7396	ftp	536	1
45.7444	ftp	536	1
45.7468	ftp	256	1
45.7516	ftp	536	1
45.7563	ftp	536	1
45.761	ftp	536	1
45.7657	ftp	536	1
45.7704	ftp	536	1
45.7752	ftp	536	1
45.7799	ftp	536	1
45.7808	video	58	1
45.7855	ftp	536	1
45.7902	ftp	536	1
45.7949	ftp	536	1
45.7975	ftp	272	1
45.8023	ftp	536	1
45.807	ftp	536	1
45.8117	ftp	536	1
45.8164	ftp	536	1
45.8211	ftp	536	1
45.8259	ftp	536	1
45.8306	ftp	536	1
45.8353	ftp	536	1
45.84	ftp	536	1
45.8447	ftp	536	1
45.8495	ftp	536	1
45.8542	ftp	536	1
45.8589	ftp	536	1
45.8636	ftp	536	1
45.8683	ftp	536	1
45.8731	ftp	536	1
45.8778	ftp	536	1
45.8825	ftp	536	1
45.8872	ftp	536	1
45.8919	ftp	536	1
45.8967	ftp	536	1
45.9014	ftp	536	1
45.9061	ftp	536	1
45.9108	ftp	536	1
45.9155	ftp	536	1
45.9203	ftp	536	1
45.9239	ftp	400	1
45.9286	ftp	536	1
45.9295	video	52	1
45.9319	video	250	1
45.9327	voip	40	1
45.9374	ftp	536	1
45.9421	ftp	536	1
45.9468	ftp	536	1
45.948	gaming	94	2
45.9504	video	250	1
45.9518	gaming	113	1
45.9525	voip	40	1
45.9572	ftp	536	1
45.962	ftp	536	1
45.9667	ftp	536	1
45.9714	ftp	536	1
45.9721	voip	40	1
45.9769	ftp	536	1
45.9816	ftp	536	1
45.9863	ftp	536	1
45.991	ftp	536	1
45.9916	voip	15	2
45.9927	gaming	83	2
45.9934	voip	40	1
45.9981	ftp	536	1
45.9997	gaming	137	1
46.0044	ftp	536	1
46.0091	ftp	536	1
46.0138	ftp	536	1
46.0146	voip	40	1
46.0156	video	70	1
46.0164	video	44	1
46.0182	video	180	1
46.023	ftp	536	1
46.0237	voip	40	1
46.0251	gaming	124	2
46.0268	gaming	151	1
46.0282	video	120	1
46.0291	video	58	1
46.0312	video	216	1
46.032	voip	40	1
46.0328	video	50	1
46.0336	video	42	1
46.0344	video	49	1
46.0354	video	75	1
46.0362	video	48	1
46.0467	gaming	78	1
46.0475	voip	40	1
46.0487	gaming	95	2
46.0494	voip	40	1
46.0505	video	85	1
46.0518	video	102	1
46.0532	video	118	1
46.0556	video	250	1
46.0562	voip	15	2
46.0569	video	41	1
46.0577	voip	40	1
46.0586	gaming	68	1
46.0601	video	126	1
46.0611	video	71	1
46.0618	video	40	1
46.0643	video	250	1
46.08	gaming	146	2
46.0808	voip	40	1
46.0815	voip	40	1
46.1066	gaming	126	1
46.1073	voip	40	1
46.1082	video	52	1
46.1189	video	103	1
46.1202	gaming	116	2
46.121	voip	40	1
46.1219	video	57	1
46.1227	video	48	1
46.1239	video	92	1
46.1247	video	47	1
46.1271	gaming	250	1
46.1281	video	67	1
46.1292	video	86	1
46.1301	video	61	1
46.1325	video	250	1
46.1333	video	40	1
46.1338	voip	15	2
46.1349	video	82	1
46.1367	gaming	166	2
46.1374	voip	40	1
46.1382	voip	40	1
46.1389	voip	40	1
46.1551	gaming	196	2
46.1567	gaming	152	1
46.1578	video	74	1
46.1586	video	44	1
46.1593	voip	40	1
46.1617	video	250	1
46.1635	video	172	1
46.1645	video	68	1
46.1655	video	72	1
46.1669	video	116	1
46.1678	video	61	1
46.178	voip	40	1
46.1937	gaming	136	1
46.1947	gaming	69	2
46.1954	voip	40	1
46.2339	voip	40	1
46.268	video	79	1
46.2742	gaming	130	2
46.2751	video	55	1
46.2815	gaming	153	1
46.2964	voip	40	1
46.2973	video	60	1
46.2992	video	180	1
46.2997	voip	15	2
46.3069	video	250	1
46.3187	video	245	1
46.3532	video	130	1
46.3587	voip	40	1
46.36	video	110	1
46.3614	video	123	1
46.3767	video	81	1
46.3775	video	51	1
46.3784	video	59	1
46.3792	video	48	1
46.3808	gaming	145	1
46.3827	gaming	179	2
46.3834	voip	40	1
46.3938	video	64	1
46.3946	video	44	1
46.3953	voip	40	1
46.4308	video	250	1
46.4745	video	93	1
46.4752	voip	40	1
46.4767	gaming	131	2
46.487	video	54	1
46.4884	gaming	122	1
46.4896	video	93	1
46.4952	video	58	1
46.5148	voip	40	1
46.5337	ftp	1608	1
46.5384	ftp	536	1
46.5432	ftp	536	1
46.5479	ftp	1608	1
46.5526	ftp	3216	1
46.5534	voip	40	1
46.5548	gaming	124	2
46.5553	voip	15	2
46.5601	ftp	2144	1
46.5615	gaming	132	1
46.5663	ftp	536	1
46.567	voip	40	1
46.5717	ftp	536	1
46.5765	ftp	536	1
46.5914	voip	40	1
46.5928	gaming	127	2
46.5952	video	250	1
46.596	video	40	1
46.6023	gaming	144	1
46.6125	voip	40	1
46.6133	video	52	1
46.6141	video	40	1
46.6152	video	89	1
46.6163	video	75	1
46.6227	video	155	1
46.634	video	187	1
46.6348	voip	40	1
46.641	gaming	139	2
46.6466	video	53	1
46.6478	video	88	1
46.649	gaming	103	1
46.6501	video	79	1
46.6508	video	41	1
46.6532	video	240	1
46.6548	video	145	1
46.6558	video	71	1
46.6565	video	42	1
46.6578	video	98	1
46.6585	voip	40	1
46.6593	voip	40	1
46.6598	voip	15	2
46.67	video	42	1
46.6721	video	210	1
46.6731	video	68	1
46.6798	gaming	192	2
46.6808	gaming	66	1
46.6815	voip	40	1
46.7153	voip	40	1
46.7359	gaming	154	2
46.7371	gaming	108	1
46.7379	voip	40	1
46.7575	voip	40	1
46.7641	video	181	1
46.7793	video	73	1
46.7848	voip	40	1
46.7857	video	62	1
46.7917	gaming	105	2
46.793	video	104	1
46.7947	gaming	166	1
46.8002	video	42	1
46.801	voip	40	1
46.8027	video	163	1
46.808	voip	15	2
46.8088	video	51	1
46.8112	video	250	1
46.8132	video	186	1
46.8142	video	80	1
46.816	video	167	1
46.8173	video	106	1
46.8275	voip	40	1
46.8288	gaming	117	2
46.8313	video	250	1
46.832	voip	40	1
46.8338	gaming	172	1
46.8346	video	44	1
46.845	video	59	1
46.8474	video	250	1
46.8481	voip	40	1
46.8489	video	41	1
46.8507	video	167	1
46.8562	video	47	1
46.857	video	41	1
46.8908	voip	40	1
46.8921	gaming	114	2
46.9125	gaming	131	1
46.9179	voip	40	1
46.9612	voip	40	1
46.972	gaming	117	2
46.9725	voip	15	2
46.9827	voip	40	1
46.9889	gaming	131	1
46.9898	video	58	1
47.0047	video	41	1
47.0102	video	41	1
47.0112	video	67	1
47.0167	voip	40	1
47.0179	video	103	1
47.0234	video	47	1
47.0291	video	58	1
47.0349	video	92	1
47.0365	gaming	142	2
47.0432	video	188	1
47.0443	gaming	94	1
47.0451	voip	40	1
47.0553	video	45	1
47.0578	video	250	1
47.0587	video	57	1
47.0611	video	250	1
47.0618	voip	40	1
47.0784	video	250	1
47.0797	gaming	107	2
47.0954	video	138	1
47.1009	voip	40	1
47.1021	gaming	104	1
47.1083	video	127	1
47.1095	video	88	1
47.1107	video	97	1
47.1165	video	92	1
47.119	video	250	1
47.1245	voip	40	1
47.1344	voip	15	2
47.1406	gaming	128	1
47.1414	voip	40	1
47.1425	gaming	81	2
47.1668	voip	40	1
47.1912	voip	40	1
47.2022	gaming	150	1
47.2094	video	250	1
47.2104	video	79	1
47.2169	video	166	1
47.2183	gaming	113	2
47.2237	voip	40	1
47.2292	video	44	1
47.2355	video	145	1
47.241	video	40	1
47.2465	video	43	1
47.2567	voip	40	1
47.2575	video	46	1
47.264	gaming	162	1
47.2703	video	155	1
47.2715	video	93	1
47.2728	gaming	100	2
47.2751	video	237	1
47.2758	voip	40	1
47.2783	video	250	1
47.2838	video	45	1
47.2891	voip	15	2
47.2945	video	43	1
47.3	voip	40	1
47.315	video	48	1
47.316	video	66	1
47.3173	gaming	120	1
47.3237	gaming	147	2
47.3245	video	46	1
47.3252	video	42	1
47.326	voip	40	1
47.3362	video	40	1
47.3512	video	47	1
47.3613	voip	40	1
47.3818	gaming	137	2
47.3825	voip	40	1
47.3935	gaming	146	1
47.4037	voip	40	1
47.4234	voip	40	1
47.4245	gaming	91	2
47.4353	video	109	1
47.4375	gaming	226	1
47.4383	video	41	1
47.4388	voip	15	2
47.4413	video	250	1
47.4467	voip	40	1
47.4524	video	60	1
47.458	video	55	1
47.4635	video	43	1
47.4739	video	78	1
47.4747	voip	40	1
47.4771	video	250	1
47.4779	video	46	1
47.4843	gaming	158	2
47.4903	video	101	1
47.4911	video	41	1
47.4979	video	209	1
47.4996	gaming	159	1
47.5003	voip	40	1
47.5012	video	51	1
47.5071	video	101	1
47.5143	video	250	1
47.5198	video	47	1
47.5223	video	250	1
47.5277	video	42	1
47.5285	voip	40	1
47.5348	video	142	1
47.5453	video	80	1
47.5508	voip	40	1
47.552	gaming	102	2
47.5533	gaming	107	1
47.5682	voip	40	1
47.5877	voip	15	2
47.5938	gaming	127	2
47.5946	voip	40	1
47.6091	gaming	106	1
47.6146	voip	40	1
47.6347	video	96	1
47.6449	voip	40	1
47.6456	video	42	1
47.6528	video	250	1
47.663	video	40	1
47.6638	video	53	1
47.6657	gaming	179	2
47.6716	gaming	92	1
47.6729	video	109	1
47.6736	voip	40	1
47.6892	video	119	1
47.6951	video	96	1
47.7023	video	250	1
47.703	voip	40	1
47.7132	video	45	1
47.714	video	40	1
47.7195	video	44	1
47.7209	gaming	119	1
47.7267	video	78	1
47.7274	voip	40	1
47.7329	video	47	1
47.7385	video	57	1
47.7441	video	55	1
47.7455	video	119	1
47.7468	gaming	107	2
47.7523	voip	40	1
47.7528	voip	15	2
47.7584	video	51	1
47.769	video	90	1
47.77	video	72	1
47.7755	voip	40	1
47.7768	gaming	114	1
47.7921	gaming	84	2
47.8015	ftp	9648	1
47.8023	voip	40	1
47.803	voip	40	1
47.8049	gaming	176	1
47.8066	gaming	163	2
47.8073	voip	40	1
47.809	video	159	1
47.8098	voip	40	1
47.8107	video	53	1
47.8127	video	202	1
47.8146	video	182	1
47.8158	gaming	101	1
47.8167	video	53	1
47.8181	gaming	122	2
47.8188	voip	40	1
47.8196	video	41	1
47.8202	voip	15	2
47.821	video	52	1
47.8221	video	82	1
47.8229	video	53	1
47.8237	video	43	1
47.8253	video	143	1
47.8261	voip	40	1
47.8271	video	83	1
47.8283	gaming	93	1
47.8291	video	40	1
47.8312	video	207	1
47.8319	video	43	1
47.8327	voip	40	1
47.8337	video	77	1
47.8346	video	48	1
47.8353	video	40	1
47.8365	video	89	1
47.8372	video	43	1
47.8388	gaming	141	2
47.8395	voip	40	1
47.841	gaming	128	1
47.8417	voip	40	1
47.8436	gaming	178	2
47.8444	voip	40	1
47.8451	voip	40	1
47.8498	ftp	27336	1
47.8545	ftp	2144	1
47.8593	ftp	91544	1
47.864	ftp	536	1
47.8687	ftp	536	1
47.8734	ftp	536	1
47.8781	ftp	536	1
47.8829	ftp	536	1
47.8876	ftp	536	1
47.8923	ftp	536	1
47.897	ftp	536	1
47.9017	ftp	536	1
47.9065	ftp	536	1
47.9112	ftp	536	1
47.9159	ftp	536	1
47.9206	ftp	536	1
47.9253	ftp	536	1
47.9301	ftp	536	1
47.9348	ftp	536	1
47.9355	voip	40	2
47.9382	gaming	283	1
47.9393	video	73	1
47.9405	video	101	1
47.9415	video	68	1
47.9426	gaming	93	2
47.9434	voip	40	1
47.9444	video	77	1
47.9452	voip	40	2
47.9461	video	63	1
47.9477	video	145	1
47.9486	video	52	1
47.9493	voip	40	1
47.9507	video	123	1
47.9555	ftp	536	1
47.9602	ftp	536	1
47.9613	ftp	80	1
47.966	ftp	536	1
47.9707	ftp	536	1
47.9754	ftp	536	1
47.9801	ftp	536	1
47.9849	ftp	536	1
47.9896	ftp	536	1
47.9943	ftp	536	1
47.999	ftp	536	1
48.0037	ftp	536	1
48.0085	ftp	536	1
48.0132	ftp	536	1
48.0179	ftp	536	1
48.0226	ftp	536	1
48.0273	ftp	536	1
48.0321	ftp	536	1
48.0368	ftp	536	1
48.0415	ftp	536	1
48.0462	ftp	536	1
48.0509	ftp	536	1
48.0557	ftp	536	1
48.0604	ftp	536	1
48.0651	ftp	536	1
48.0698	ftp	536	1
48.0745	ftp	536	1
48.0793	ftp	536	1
48.084	ftp	536	1
48.0887	ftp	536	1
48.0934	ftp	536	1
48.0981	ftp	536	1
48.1029	ftp	536	1
48.1076	ftp	536	1
48.1123	ftp	536	1
48.117	ftp	536	1
48.1217	ftp	536	1
48.1265	ftp	536	1
48.1312	ftp	536	1
48.1359	ftp	536	1
48.1406	ftp	536	1
48.1453	ftp	536	1
48.1501	ftp	536	1
48.1548	ftp	536	1
48.1595	ftp	536	1
48.1642	ftp	536	1
48.1689	ftp	536	1
48.1737	ftp	536	1
48.1784	ftp	536	1
48.1831	ftp	536	1
48.1878	ftp	536	1
48.1925	ftp	536	1
48.1937	video	94	1
48.1945	voip	40	2
48.1992	ftp	536	1
48.2002	video	69	1
48.2049	ftp	536	1
48.2057	video	49	1
48.2066	video	61	1
48.2086	gaming	196	1
48.2134	ftp	536	1
48.2181	ftp	536	1
48.2205	video	250	1
48.2213	voip	40	1
48.2223	video	71	1
48.2236	gaming	111	2
48.2283	ftp	536	1
48.233	ftp	536	1
48.2341	video	78	1
48.2348	voip	40	2
48.2395	ftp	536	1
48.2443	ftp	536	1
48.245	video	42	1
48.2459	video	50	1
48.2506	ftp	536	1
48.2553	ftp	536	1
48.2561	video	44	1
48.2568	voip	40	1
48.2578	video	66	1
48.2625	ftp	536	1
48.2672	ftp	536	1
48.268	voip	40	2
48.269	video	66	1
48.2737	ftp	536	1
48.2784	ftp	536	1
48.2831	ftp	536	1
48.2846	gaming	132	1
48.2854	voip	40	1
48.2861	voip	40	2
48.2872	gaming	84	2
48.2919	ftp	536	1
48.2967	ftp	536	1
48.3014	ftp	536	1
48.3061	ftp	536	1
48.3068	voip	40	1
48.3076	voip	40	2
48.3123	ftp	536	1
48.317	ftp	536	1
48.3218	ftp	536	1
48.3265	ftp	536	1
48.3312	ftp	536	1
48.3359	ftp	536	1
48.3378	gaming	183	1
48.3386	voip	40	1
48.3433	ftp	536	1
48.348	ftp	536	1
48.3488	voip	40	2
48.3535	ftp	536	1
48.3582	ftp	536	1
48.3629	ftp	536	1
48.3676	ftp	536	1
48.3684	voip	40	1
48.3714	gaming	328	2
48.3722	voip	40	2
48.3769	ftp	536	1
48.3777	video	46	1
48.3788	video	80	1
48.38	video	100	1
48.381	video	64	1
48.382	video	76	1
48.383	video	66	1
48.3844	video	125	1
48.3855	video	83	1
48.3863	video	49	1
48.3879	gaming	138	1
48.3886	voip	40	1
48.3894	voip	40	1
48.3905	gaming	84	2
48.3912	voip	40	2
48.392	voip	40	2
48.3927	voip	40	1
48.3935	voip	40	2
48.3948	video	115	1
48.3959	video	77	1
48.3968	video	68	1
48.3996	gaming	291	1
48.4043	ftp	536	1
48.4051	voip	40	2
48.4066	gaming	134	2
48.4113	ftp	536	1
48.416	ftp	536	1
48.4168	voip	40	1
48.4175	voip	40	1
48.4187	video	90	1
48.4199	gaming	97	1
48.4214	video	140	1
48.4224	video	68	1
48.423	voip	15	1
48.4239	video	65	1
48.4256	video	157	1
48.4264	video	40	1
48.4272	video	48	1
48.428	video	49	1
48.4287	voip	40	2
48.4295	voip	40	2
48.4303	voip	40	2
48.4317	gaming	128	2
48.4364	ftp	536	1
48.4411	ftp	536	1
48.4459	ftp	536	1
48.4471	gaming	97	1
48.4518	ftp	536	1
48.4529	video	83	1
48.4678	voip	40	2
48.4696	video	166	1
48.4704	video	49	1
48.4724	video	193	1
48.4732	video	48	1
48.4746	video	124	1
48.4895	video	41	1
48.4908	gaming	104	2
48.4915	voip	40	2
48.4935	gaming	188	1
48.4993	video	90	1
48.5008	video	124	1
48.5115	video	106	1
48.5122	voip	40	2
48.513	video	41	1
48.5188	video	81	1
48.5391	gaming	124	2
48.5404	video	111	1
48.542	video	146	1
48.5428	video	45	1
48.5436	video	43	1
48.5446	video	70	1
48.5456	video	74	1
48.5464	video	49	1
48.5472	video	42	1
48.548	voip	40	2
48.5487	voip	40	2
48.55	gaming	106	1
48.5507	voip	40	1
48.5609	voip	40	1
48.5617	voip	40	2
48.5631	gaming	122	2
48.5831	gaming	82	1
48.5838	voip	40	1
48.594	voip	40	2
48.675	voip	40	1
48.6852	voip	40	2
48.6923	gaming	249	2
48.7121	video	59	1
48.7223	video	43	1
48.7339	gaming	218	1
48.7348	video	55	1
48.7403	voip	40	1
48.7458	voip	40	2
48.747	video	96	1
48.7479	video	65	1
48.7487	video	43	1
48.7589	video	41	1
48.7613	video	250	1
48.7621	voip	40	1
48.7628	voip	40	2
48.7689	video	111	1
48.7839	video	59	1
48.7856	gaming	156	2
48.7864	voip	40	1
48.7871	voip	40	2
48.7975	video	67	1
48.7988	gaming	106	1
48.7996	video	51	1
48.8017	video	207	1
48.8033	video	143	1
48.8054	video	210	1
48.8062	voip	40	1
48.8069	voip	40	2
48.8125	video	50	1
48.819	video	172	1
48.8246	video	51	1
48.8253	voip	40	1
48.8271	gaming	165	2
48.8278	voip	40	2
48.8373	ftp	2144	1
48.8381	video	49	1
48.8475	ftp	3752	1
48.8664	ftp	3216	1
48.8719	video	47	1
48.8743	gaming	245	1
48.8751	voip	40	1
48.8805	voip	40	2
48.8853	ftp	536	1
48.89	ftp	1608	1
48.8947	ftp	5360	1
48.8955	voip	40	1
48.8962	voip	40	2
48.9026	gaming	160	2
48.9136	gaming	139	1
48.9144	voip	40	1
48.9199	voip	40	2
48.9246	ftp	9112	1
48.9348	voip	40	1
48.9402	voip	40	2
48.941	video	45	1
48.9427	gaming	161	2
48.9533	video	84	1
48.9542	video	60	1
48.955	voip	40	1
48.9651	voip	40	2
48.9668	gaming	149	1
48.9676	video	50	1
48.9693	video	163	1
48.9705	video	93	1
48.9723	video	167	1
48.9731	video	43	1
48.9747	gaming	147	2
48.9756	video	64	1
48.9764	video	49	1
48.9772	voip	40	1
48.978	video	47	1
48.9787	voip	40	1
48.9842	voip	40	2
48.985	voip	40	2
48.9872	gaming	220	1
48.9885	video	115	1
48.9893	video	41	1
48.99	voip	40	1
48.9908	video	44	1
48.9922	video	119	1
48.9929	voip	40	2
49.0034	video	75	1
49.0051	gaming	159	2
49.0098	ftp	6432	1
49.0112	video	117	1
49.0261	voip	40	1
49.0269	voip	40	2
49.0283	video	126	1
49.0296	video	102	1
49.0312	gaming	148	1
49.0415	video	54	1
49.047	voip	40	1
49.0571	voip	40	2
49.0666	ftp	1608	1
49.076	ftp	2680	1
49.0949	ftp	1608	1
49.0957	voip	40	1
49.1051	ftp	2144	1
49.1067	gaming	140	2
49.1074	voip	40	2
49.1283	gaming	204	1
49.1291	voip	40	1
49.1299	voip	40	2
49.1535	ftp	23584	1
49.1582	ftp	536	1
49.1589	voip	40	1
49.1597	voip	40	2
49.161	gaming	115	2
49.1657	ftp	536	1
49.1666	video	53	1
49.1713	ftp	536	1
49.176	ftp	536	1
49.1773	gaming	105	1
49.1781	voip	40	1
49.1789	video	44	1
49.1796	voip	40	2
49.1843	ftp	536	1
49.189	ftp	536	1
49.1904	video	113	1
49.1917	video	109	1
49.1964	ftp	536	1
49.1972	voip	40	1
49.1979	voip	40	2
49.2026	ftp	536	1
49.204	gaming	123	2
49.2057	video	147	1
49.2064	video	40	1
49.2072	video	48	1
49.2086	video	120	1
49.2102	gaming	149	1
49.2125	video	226	1
49.2172	ftp	536	1
49.2179	voip	40	1
49.2188	video	47	1
49.2212	video	249	1
49.222	video	51	1
49.2228	voip	40	2
49.2567	video	52	1
49.2721	video	100	1
49.2729	video	56	1
49.2737	voip	40	1
49.2744	voip	40	2
49.2847	video	55	1
49.2911	gaming	150	2
49.293	video	187	1
49.2985	voip	40	1
49.3004	gaming	179	1
49.3011	voip	40	2
49.3067	video	48	1
49.308	video	109	1
49.3089	video	67	1
49.3238	voip	40	1
49.3246	voip	40	2
49.3492	gaming	75	2
49.35	voip	40	1
49.3507	voip	40	2
49.3565	gaming	79	1
49.3761	voip	40	1
49.3863	voip	40	2
49.4012	voip	40	1
49.4067	voip	40	2
49.408	gaming	103	2
49.4093	video	110	1
49.4101	video	48	1
49.4116	gaming	133	1
49.4218	voip	40	1
49.4225	voip	40	2
49.425	video	250	1
49.4266	video	153	1
49.4274	video	41	1
49.4379	video	78	1
49.4386	voip	40	1
49.4441	voip	40	2
49.4451	video	67	1
49.4606	gaming	121	2
49.4631	video	250	1
49.4733	voip	40	1
49.4742	gaming	69	1
49.475	voip	40	2
49.4758	video	43	1
49.4768	video	74	1
49.4776	video	46	1
49.4786	video	72	1
49.5046	video	250	1
49.5071	video	250	1
49.5076	voip	15	1
49.5084	voip	40	2
49.5092	video	49	1
49.5153	video	123	1
49.5225	gaming	258	2
49.5236	video	73	1
49.5251	gaming	135	1
49.5258	voip	40	2
49.5269	video	80	1
49.5277	video	44	1
49.5286	video	55	1
49.5435	voip	40	2
49.5529	ftp	27872	1
49.5685	gaming	122	2
49.5834	voip	40	2
49.5897	gaming	147	1
49.5999	voip	40	2
49.6152	gaming	85	2
49.6207	voip	40	2
49.622	gaming	116	1
49.6228	video	50	1
49.633	video	40	1
49.6336	voip	15	1
49.6391	voip	40	2
49.645	video	99	1
49.646	video	65	1
49.6472	video	103	1
49.6528	video	59	1
49.6588	video	102	1
49.6606	gaming	167	2
49.6615	video	67	1
49.6623	voip	40	2
49.6678	video	41	1
49.6702	video	250	1
49.6718	gaming	144	1
49.6728	video	73	1
49.6784	video	59	1
49.6792	voip	40	2
49.6814	video	227	1
49.6878	video	157	1
49.6935	video	63	1
49.699	voip	40	2
49.7056	gaming	189	2
49.7064	video	43	1
49.7073	video	57	1
49.7088	gaming	136	1
49.7097	video	57	1
49.7205	video	110	1
49.7212	video	43	1
49.722	voip	40	2
49.7369	voip	40	2
49.7391	gaming	225	2
49.7452	gaming	111	1
49.7506	voip	40	2
49.7559	voip	15	1
49.7653	ftp	20904	1
49.7701	ftp	536	1
49.7748	ftp	536	1
49.7795	ftp	536	1
49.7842	ftp	536	1
49.785	voip	40	2
49.7897	ftp	536	1
49.7908	gaming	87	1
49.7955	ftp	536	1
49.797	gaming	127	2
49.8017	ftp	536	1
49.8064	ftp	536	1
49.8078	video	113	1
49.8125	ftp	536	1
49.8133	video	51	1
49.8141	voip	40	2
49.8151	video	71	1
49.8198	ftp	536	1
49.8209	video	83	1
49.8256	ftp	536	1
49.8265	video	55	1
49.8276	video	84	1
49.8323	ftp	536	1
49.8333	video	63	1
49.838	ftp	536	1
49.8394	video	120	1
49.8408	video	121	1
49.8455	ftp	536	1
49.8462	voip	40	2
49.851	ftp	536	1
49.8523	video	111	1
49.8536	video	112	1
49.8583	ftp	536	1
49.8594	video	81	1
49.8603	video	54	1
49.865	ftp	536	1
49.8671	gaming	210	2
49.8689	gaming	173	1
49.8736	ftp	536	1
49.8744	video	43	1
49.8752	voip	40	2
49.8761	video	57	1
49.8808	ftp	536	1
49.8828	video	201	1
49.8875	ftp	536	1
49.8885	video	68	1
49.8895	video	64	1
49.8942	ftp	536	1
49.8989	ftp	536	1
49.8997	video	48	1
49.9005	voip	40	2
49.9052	ftp	536	1
49.9066	video	126	1
49.9113	ftp	536	1
49.9161	ftp	536	1
49.918	gaming	193	2
49.9188	voip	40	2
49.9235	ftp	536	1
49.9241	voip	15	1
49.9288	ftp	536	1
49.9335	ftp	536	1
49.9357	gaming	224	1
49.9404	ftp	536	1
49.9412	voip	40	2
49.9459	ftp	536	1
49.9506	ftp	536	1
49.9554	ftp	536	1
49.9601	ftp	536	1
49.9608	voip	40	2
49.9655	ftp	536	1
49.9703	ftp	536	1
49.9715	gaming	104	2
49.9763	ftp	536	1
49.9775	gaming	101	1
49.9822	ftp	536	1
49.9869	ftp	536	1
49.9917	ftp	536	1
49.9924	voip	40	2
49.9932	video	42	1
49.9979	ftp	536	1
50.0026	ftp	536	1
50.004	video	118	1
50.005	video	71	1
50.0097	ftp	536	1
50.0144	ftp	536	1
50.0155	video	80	1
50.0179	video	250	1
50.0187	voip	40	2
50.0234	ftp	536	1
50.0281	ftp	536	1
50.029	video	61	1
50.0312	video	211	1
50.0359	ftp	536	1
50.0406	ftp	536	1
50.0421	gaming	132	2
50.0433	video	102	1
50.0445	gaming	85	1
50.0492	ftp	536	1
50.0539	ftp	536	1
50.0549	video	66	1
50.0556	voip	40	2
50.0576	video	195	1
50.0584	video	44	1
50.0631	ftp	536	1
50.0678	ftp	536	1
50.0687	video	59	1
50.0695	video	41	1
50.0704	video	55	1
50.0711	video	40	1
50.0758	ftp	536	1
50.0805	ftp	536	1
50.0853	ftp	536	1
50.086	voip	40	2
50.0869	video	51	1
50.0874	voip	15	1
50.0921	ftp	536	1
50.0969	ftp	536	1
50.0977	video	49	1
50.0985	video	47	1
50.0999	gaming	127	2
50.1008	video	51	1
50.1019	gaming	93	1
50.1067	ftp	536	1
50.1114	ftp	536	1
50.1121	voip	40	2
50.113	video	48	1
50.1177	ftp	536	1
50.1224	ftp	536	1
50.1271	ftp	536	1
50.1318	ftp	536	1
50.1326	voip	40	2
50.1373	ftp	536	1
50.142	ftp	536	1
50.1437	gaming	159	1
50.1485	ftp	536	1
50.1532	ftp	536	1
50.1539	voip	40	2
50.1586	ftp	536	1
50.1634	ftp	536	1
50.1681	ftp	536	1
50.1728	ftp	536	1
50.174	gaming	98	2
50.1748	voip	40	2
50.1795	ftp	536	1
50.1842	ftp	536	1
50.1889	ftp	536	1
50.1937	ftp	536	1
50.1953	gaming	148	1
50.1963	video	72	1
50.201	ftp	536	1
50.2057	ftp	536	1
50.2104	ftp	536	1
50.2112	voip	40	2
50.212	video	51	1
50.2129	video	51	1
50.2144	video	143	1
50.2192	ftp	536	1
50.2239	ftp	536	1
50.2263	video	250	1
50.231	ftp	536	1
50.2358	ftp	536	1
50.2375	video	170	1
50.2387	video	84	1
50.2394	voip	40	2
50.2411	video	154	1
50.2458	ftp	536	1
50.2505	ftp	536	1
50.2515	video	65	1
50.252	voip	15	1
50.2532	gaming	100	2
50.2544	gaming	96	1
50.2592	ftp	536	1
50.2639	ftp	536	1
50.2648	video	56	1
50.2656	video	50	1
50.2663	voip	40	2
50.2711	ftp	536	1
50.2758	ftp	536	1
50.2766	video	42	1
50.2777	video	90	1
50.2824	ftp	536	1
50.2871	ftp	536	1
50.2881	video	69	1
50.2889	voip	40	2
50.2899	video	75	1
50.2946	ftp	536	1
50.2994	ftp	536	1
50.3001	video	43	1
50.3017	gaming	144	2
50.3029	gaming	99	1
50.3077	ftp	536	1
50.3124	ftp	536	1
50.3141	video	167	1
50.3149	voip	40	2
50.3196	ftp	536	1
50.3243	ftp	536	1
50.3257	video	116	1
50.3304	ftp	536	1
50.3351	ftp	536	1
50.336	video	52	1
50.3371	video	86	1
50.3379	voip	40	2
50.3426	ftp	536	1
50.3473	ftp	536	1
50.352	ftp	536	1
50.3567	ftp	536	1
50.3579	gaming	93	2
50.3626	ftp	536	1
50.3674	ftp	536	1
50.3681	voip	40	2
50.3694	gaming	111	1
50.3741	ftp	536	1
50.3789	ftp	536	1
50.3836	ftp	536	1
50.3883	ftp	536	1
50.393	ftp	536	1
50.3938	voip	40	2
50.3985	ftp	536	1
50.4032	ftp	536	1
50.4079	ftp	536	1
50.4127	ftp	536	1
50.4132	voip	15	1
50.4179	ftp	536	1
50.4227	ftp	536	1
50.4241	gaming	131	2
50.4249	voip	40	2
50.4296	ftp	536	1
50.4343	ftp	536	1
50.4359	video	148	1
50.438	gaming	202	1
50.4427	ftp	536	1
50.4474	ftp	536	1
50.4483	video	57	1
50.4491	voip	40	2
50.45	video	57	1
50.4547	ftp	536	1
50.4594	ftp	536	1
50.4602	video	49	1
50.4615	video	112	1
50.4629	video	116	1
50.4676	ftp	536	1
50.4723	ftp	536	1
50.4732	video	52	1
50.4748	video	148	1
50.4757	video	52	1
50.4764	voip	40	2
50.4772	video	40	1
50.4819	ftp	536	1
50.4866	ftp	536	1
50.4877	video	83	1
50.4891	gaming	124	2
50.4899	video	43	1
50.4923	video	250	1
50.4971	ftp	536	1
50.5018	ftp	536	1
50.5034	video	145	1
50.5044	gaming	81	1
50.5054	video	65	1
50.5064	video	71	1
50.5071	voip	40	2
50.5119	ftp	536	1
50.5166	ftp	536	1
50.5175	video	65	1
50.5186	video	82	1
50.5233	ftp	536	1
50.5281	ftp	536	1
50.53	video	184	1
50.5307	voip	40	2
50.5354	ftp	536	1
50.5402	ftp	536	1
50.5416	video	124	1
50.5463	ftp	536	1
50.551	ftp	536	1
50.5522	gaming	90	2
50.5569	ftp	536	1
50.5616	ftp	536	1
50.5624	voip	40	2
50.5671	ftp	536	1
50.5718	ftp	536	1
50.5731	gaming	101	1
50.5736	voip	15	1
50.5783	ftp	536	1
50.583	ftp	536	1
50.5878	ftp	536	1
50.5885	voip	40	2
50.5932	ftp	536	1
50.598	ftp	536	1
50.6027	ftp	536	1
50.6074	ftp	536	1
50.6089	gaming	131	2
50.6096	voip	40	2
50.6143	ftp	536	1
50.6191	ftp	536	1
50.6238	ftp	536	1
50.6285	ftp	536	1
50.6296	gaming	82	1
50.6343	ftp	536	1
50.639	ftp	536	1
50.6399	video	59	1
50.6407	voip	40	2
50.6417	video	71	1
50.6464	ftp	536	1
50.6511	ftp	536	1
50.6559	ftp	536	1
50.6606	ftp	536	1
50.6613	video	43	1
50.6621	video	40	1
50.6668	ftp	536	1
50.6715	ftp	536	1
50.6723	voip	40	2
50.6744	video	215	1
50.6765	gaming	203	2
50.6812	ftp	536	1
50.6859	ftp	536	1
50.6868	video	52	1
50.6885	gaming	155	1
50.6909	video	247	1
50.6956	ftp	536	1
50.7003	ftp	536	1
50.7011	voip	40	2
50.7023	video	105	1
50.7071	ftp	536	1
50.7118	ftp	536	1
50.7126	video	44	1
50.7173	ftp	536	1
50.722	ftp	536	1
50.723	video	75	1
50.7238	voip	40	2
50.7246	video	52	1
50.7258	video	97	1
50.7306	ftp	536	1
50.7353	ftp	536	1
50.7372	gaming	183	1
50.739	gaming	175	2
50.7414	video	250	1
50.742	voip	15	1
50.743	video	71	1
50.7477	ftp	536	1
50.7524	ftp	536	1
50.753	voip	15	2
50.7539	video	57	1
50.755	video	90	1
50.7558	video	41	1
50.7605	ftp	536	1
50.7652	ftp	536	1
50.766	video	40	1
50.7669	video	67	1
50.7679	video	71	1
50.7727	ftp	536	1
50.7774	ftp	536	1
50.7821	ftp	536	1
50.7868	ftp	536	1
50.7915	ftp	536	1
50.7963	ftp	536	1
50.7975	gaming	106	2
50.7987	gaming	92	1
50.8034	ftp	536	1
50.8081	ftp	536	1
50.8129	ftp	536	1
50.8176	ftp	536	1
50.8223	ftp	536	1
50.827	ftp	536	1
50.8317	ftp	536	1
50.8365	ftp	536	1
50.8412	ftp	536	1
50.8459	ftp	536	1
50.8506	ftp	536	1
50.8522	gaming	142	2
50.8569	ftp	536	1
50.8616	ftp	536	1
50.8633	gaming	160	1
50.8681	ftp	536	1
50.8728	ftp	536	1
50.8752	video	250	1
50.876	video	47	1
50.8777	video	158	1
50.8824	ftp	536	1
50.8872	ftp	536	1
50.8882	video	80	1
50.8892	video	67	1
50.8939	ftp	536	1
50.8986	ftp	536	1
50.8995	video	53	1
50.9003	video	42	1
50.901	voip	40	1
50.9057	ftp	536	1
50.9105	ftp	536	1
50.9115	video	82	1
50.9124	video	51	1
50.9129	voip	15	2
50.9177	ftp	536	1
50.9224	ftp	536	1
50.9238	gaming	125	2
50.9247	video	58	1
50.9258	gaming	88	1
50.9267	video	59	1
50.928	video	104	1
50.9327	ftp	536	1
50.9375	ftp	536	1
50.9382	voip	40	1
50.939	video	49	1
50.9437	ftp	536	1
50.9485	ftp	536	1
50.9494	video	60	1
50.9508	video	128	1
50.9556	ftp	536	1
50.9603	ftp	536	1
50.961	voip	40	1
50.962	video	69	1
50.9667	ftp	536	1
50.9715	ftp	536	1
50.9733	video	171	1
50.9745	gaming	108	1
50.9763	video	168	1
50.981	ftp	536	1
50.9858	ftp	536	1
50.9873	gaming	142	2
50.9881	voip	40	1
50.9905	video	250	1
50.9913	video	41	1
50.996	ftp	536	1
51.0007	ftp	536	1
51.0015	voip	40	1
51.0062	ftp	536	1
51.0109	ftp	536	1
51.0156	ftp	536	1
51.0203	ftp	536	1
51.0219	gaming	134	1
51.0266	ftp	536	1
51.0313	ftp	536	1
51.032	voip	40	1
51.0334	gaming	116	2
51.0381	ftp	536	1
51.0428	ftp	536	1
51.0476	ftp	536	1
51.0523	ftp	536	1
51.053	voip	40	1
51.0578	ftp	536	1
51.0625	ftp	536	1
51.0672	ftp	536	1
51.0719	ftp	536	1
51.0725	voip	15	2
51.0772	ftp	536	1
51.0819	ftp	536	1
51.0866	ftp	536	1
51.0886	gaming	192	1
51.0893	voip	40	1
51.0941	ftp	536	1
51.0988	ftp	536	1
51.1	video	94	1
51.1024	video	250	1
51.1071	ftp	536	1
51.1118	ftp	536	1
51.1129	gaming	76	2
51.1137	video	49	1
51.1145	video	40	1
51.1157	video	97	1
51.1204	ftp	536	1
51.1251	ftp	536	1
51.1259	voip	40	1
51.1268	video	62	1
51.1315	ftp	536	1
51.1362	ftp	536	1
51.1371	video	58	1
51.1383	video	93	1
51.143	ftp	536	1
51.1477	ftp	536	1
51.1485	voip	40	1
51.1505	gaming	202	1
51.1513	video	46	1
51.1561	ftp	536	1
51.1608	ftp	536	1
51.1617	video	59	1
51.1628	video	86	1
51.1675	ftp	536	1
51.1722	ftp	536	1
51.1735	gaming	104	2
51.1744	video	57	1
51.1751	voip	40	1
51.1772	video	206	1
51.178	video	44	1
51.1827	ftp	536	1
51.1875	ftp	536	1
51.1882	video	45	1
51.1907	video	250	1
51.1954	ftp	536	1
51.2001	ftp	536	1
51.2018	gaming	152	1
51.2027	video	61	1
51.2034	voip	40	1
51.2043	video	48	1
51.209	ftp	536	1
51.2137	ftp	536	1
51.2159	video	218	1
51.2168	video	67	1
51.2216	ftp	536	1
51.2263	ftp	536	1
51.227	voip	40	1
51.2317	ftp	536	1
51.2365	ftp	536	1
51.2375	gaming	79	2
51.2381	voip	15	2
51.2428	ftp	536	1
51.2475	ftp	536	1
51.2489	gaming	123	1
51.2497	voip	40	1
51.2544	ftp	536	1
51.2591	ftp	536	1
51.2639	ftp	536	1
51.2686	ftp	536	1
51.2733	ftp	536	1
51.278	ftp	536	1
51.2788	voip	40	1
51.2835	ftp	536	1
51.2882	ftp	536	1
51.2929	ftp	536	1
51.2976	ftp	536	1
51.2991	gaming	125	1
51.3004	gaming	116	2
51.3012	voip	40	1
51.3059	ftp	536	1
51.3106	ftp	536	1
51.3116	video	69	1
51.3163	ftp	536	1
51.3211	ftp	536	1
51.3235	video	250	1
51.3282	ftp	536	1
51.3329	ftp	536	1
51.3337	voip	40	1
51.3345	video	43	1
51.3363	video	181	1
51.3411	ftp	536	1
51.3458	ftp	536	1
51.347	video	104	1
51.3478	video	45	1
51.3525	ftp	536	1
51.3573	ftp	536	1
51.362	ftp	536	1
51.3634	video	126	1
51.3642	voip	40	1
51.3657	gaming	138	1
51.3666	video	61	1
51.3714	ftp	536	1
51.3761	ftp	536	1
51.3778	gaming	167	2
51.3803	video	250	1
51.3811	video	52	1
51.3819	video	43	1
51.3866	ftp	536	1
51.3913	ftp	536	1
51.3924	video	75	1
51.3938	video	128	1
51.3946	voip	40	1
51.3954	video	47	1
51.4001	ftp	536	1
51.4048	ftp	536	1
51.4065	video	150	1
51.4112	ftp	536	1
51.4159	ftp	536	1
51.4167	voip	40	2
51.4175	video	50	1
51.4189	gaming	120	1
51.4203	video	129	1
51.4211	voip	40	1
51.4219	video	42	1
51.4266	ftp	536	1
51.4313	ftp	536	1
51.4321	video	51	1
51.4329	video	41	1
51.4376	ftp	536	1
51.4423	ftp	536	1
51.4431	voip	40	2
51.4448	gaming	162	2
51.4456	voip	40	1
51.4503	ftp	536	1
51.455	ftp	536	1
51.4597	ftp	536	1
51.4645	ftp	536	1
51.4652	voip	40	2
51.467	gaming	176	1
51.4678	voip	40	1
51.4725	ftp	536	1
51.4772	ftp	536	1
51.482	ftp	536	1
51.4867	ftp	536	1
51.4874	voip	40	2
51.4921	ftp	536	1
51.4969	ftp	536	1
51.4976	voip	40	1
51.4992	gaming	149	2
51.504	ftp	536	1
51.5087	ftp	536	1
51.5094	voip	40	2
51.5142	ftp	536	1
51.5189	ftp	536	1
51.5196	voip	40	1
51.5205	video	49	1
51.5252	ftp	536	1
51.5299	ftp	536	1
51.5309	video	77	1
51.5318	video	48	1
51.5365	ftp	536	1
51.5412	ftp	536	1
51.5419	voip	40	2
51.5429	gaming	68	1
51.5439	video	70	1
51.5486	ftp	536	1
51.5534	ftp	536	1
51.5541	voip	40	1
51.5553	video	95	1
51.5561	video	42	1
51.5608	ftp	536	1
51.5655	ftp	536	1
51.5663	voip	40	2
51.5672	video	58	1
51.5682	gaming	80	2
51.5729	ftp	536	1
51.5777	ftp	536	1
51.5785	video	51	1
51.5793	voip	40	1
51.58	video	40	1
51.5847	ftp	536	1
51.5895	ftp	536	1
51.5903	video	57	1
51.5914	video	73	1
51.5924	video	76	1
51.5931	voip	40	2
51.596	gaming	297	1
51.6007	ftp	536	1
51.6054	ftp	536	1
51.6067	video	112	1
51.6075	voip	40	1
51.6083	video	46	1
51.613	ftp	536	1
51.6177	ftp	536	1
51.6185	video	41	1
51.6196	video	81	1
51.6203	voip	40	2
51.6215	video	96	1
51.6262	ftp	536	1
51.6287	video	250	1
51.6294	voip	40	1
51.6341	ftp	536	1
51.6356	video	135	1
51.6365	video	55	1
51.6379	gaming	125	1
51.6394	gaming	125	2
51.6441	ftp	536	1
51.6449	voip	40	2
51.6496	ftp	536	1
51.6503	voip	40	1
51.655	ftp	536	1
51.6598	ftp	536	1
51.6645	ftp	536	1
51.6692	ftp	536	1
51.6739	ftp	536	1
51.6786	ftp	536	1
51.6794	voip	40	2
51.6841	ftp	536	1
51.6888	ftp	536	1
51.6896	voip	40	1
51.6909	gaming	106	1
51.6956	ftp	536	1
51.7003	ftp	536	1
51.7011	voip	40	2
51.7026	gaming	139	2
51.7034	voip	40	1
51.7081	ftp	536	1
51.7128	ftp	536	1
51.7175	ftp	536	1
51.7222	ftp	536	1
51.723	voip	40	2
51.7277	ftp	536	1
51.7324	ftp	536	1
51.7332	voip	40	1
51.7348	video	147	1
51.7358	video	75	1
51.7371	gaming	101	1
51.7379	video	53	1
51.7426	ftp	536	1
51.7474	ftp	536	1
51.7482	video	47	1
51.7489	voip	40	2
51.7536	ftp	536	1
51.7584	ftp	536	1
51.7591	video	43	1
51.7607	gaming	146	2
51.7615	voip	40	1
51.7623	video	47	1
51.767	ftp	536	1
51.7717	ftp	536	1
51.7734	video	151	1
51.7744	video	79	1
51.7752	video	46	1
51.776	voip	40	2
51.7769	video	66	1
51.7817	ftp	536	1
51.7864	ftp	536	1
51.7871	voip	40	1
51.7879	video	44	1
51.7904	video	250	1
51.7918	video	124	1
51.7926	video	45	1
51.7935	video	68	1
51.795	video	124	1
51.7957	voip	40	2
51.8004	ftp	536	1
51.802	gaming	140	2
51.8036	gaming	142	1
51.8083	ftp	536	1
51.809	voip	40	1
51.81	video	67	1
51.8124	video	250	1
51.814	video	143	1
51.8148	voip	40	2
51.8195	ftp	536	1
51.8242	ftp	536	1
51.8289	ftp	536	1
51.8297	voip	40	1
51.8321	video	250	1
51.8368	ftp	536	1
51.8415	ftp	536	1
51.8463	ftp	536	1
51.851	ftp	536	1
51.8557	ftp	536	1
51.8565	voip	40	2
51.8612	ftp	536	1
51.8659	ftp	536	1
51.8706	ftp	536	1
51.8719	gaming	105	2
51.8726	voip	40	1
51.8738	gaming	85	1
51.8785	ftp	536	1
51.8832	ftp	536	1
51.8879	ftp	536	1
51.8887	voip	40	2
51.8934	ftp	536	1
51.8981	ftp	536	1
51.8989	voip	40	1
51.9036	ftp	536	1
51.9083	ftp	536	1
51.9091	voip	40	2
51.9113	gaming	224	2
51.916	ftp	536	1
51.9207	ftp	536	1
51.9215	voip	40	1
51.9231	gaming	145	1
51.9278	ftp	536	1
51.9325	ftp	536	1
51.9333	voip	40	2
51.938	ftp	536	1
51.9427	ftp	536	1
51.9451	video	250	1
51.9459	voip	40	1
51.9506	ftp	536	1
51.9553	ftp	536	1
51.9561	video	40	1
51.9608	ftp	536	1
51.9655	ftp	536	1
51.9679	video	250	1
51.9687	voip	40	2
51.9702	video	138	1
51.9718	video	140	1
51.9765	ftp	536	1
51.9812	ftp	536	1
51.9824	video	88	1
51.9831	voip	40	1
51.985	gaming	183	2
51.9897	ftp	536	1
51.9944	ftp	536	1
51.9972	gaming	285	1
51.9979	video	42	1
51.9995	video	147	1
52.0003	video	42	1
52.0017	video	118	1
52.0027	video	77	1
52.0035	voip	40	2
52.0042	voip	40	1
52.0089	ftp	536	1
52.01	video	73	1
52.0108	video	46	1
52.0115	video	43	1
52.0127	video	89	1
52.0134	voip	40	2
52.0145	video	85	1
52.0155	video	67	1
52.0166	gaming	82	2
52.0174	voip	40	1
52.0221	ftp	536	1
52.0268	ftp	536	1
52.0315	ftp	536	1
52.0326	video	87	1
52.0355	gaming	301	1
52.0363	video	51	1
52.0371	voip	40	2
52.0381	video	73	1
52.0428	ftp	536	1
52.0475	ftp	536	1
52.0483	voip	40	1
52.053	ftp	536	1
52.0577	ftp	536	1
52.0624	ftp	536	1
52.0672	ftp	536	1
52.0719	ftp	536	1
52.0766	ftp	536	1
52.0774	voip	40	2
52.0821	ftp	536	1
52.0868	ftp	536	1
52.0875	voip	40	1
52.0892	gaming	149	2
52.0905	gaming	114	1
52.0952	ftp	536	1
52.1	ftp	536	1
52.1007	voip	40	2
52.1015	voip	40	1
52.1062	ftp	536	1
52.1109	ftp	536	1
52.1156	ftp	536	1
52.1203	ftp	536	1
52.1211	voip	40	2
52.1258	ftp	536	1
52.1305	ftp	536	1
52.1313	voip	40	1
52.136	ftp	536	1
52.1407	ftp	536	1
52.1417	video	69	1
52.1431	gaming	119	2
52.1439	video	43	1
52.1455	video	156	1
52.1464	video	53	1
52.1472	voip	40	2
52.1519	ftp	536	1
52.1566	ftp	536	1
52.1576	video	72	1
52.1592	gaming	141	1
52.1639	ftp	536	1
52.1686	ftp	536	1
52.1694	voip	40	1
52.1707	video	114	1
52.1754	ftp	536	1
52.1801	ftp	536	1
52.181	video	48	1
52.1818	video	47	1
52.1825	voip	40	2
52.1833	voip	40	1
52.188	ftp	536	1
52.189	video	70	1
52.1937	ftp	536	1
52.1949	gaming	95	2
52.1966	video	156	1
52.1974	video	52	1
52.1989	video	130	1
52.1997	video	53	1
52.2014	video	154	1
52.2022	voip	40	2
52.2041	gaming	188	1
52.2049	voip	40	1
52.2096	ftp	536	1
52.2143	ftp	536	1
52.2156	video	109	1
52.2165	video	62	1
52.219	video	250	1
52.2198	video	48	1
52.2206	video	48	1
52.2213	voip	40	2
52.2228	gaming	127	2
52.2235	voip	40	1
52.2283	ftp	536	1
52.229	voip	40	2
52.2337	ftp	536	1
52.2353	gaming	138	1
52.236	voip	40	1
52.2371	video	76	1
52.2418	ftp	536	1
52.2465	ftp	536	1
52.2512	ftp	536	1
52.2559	ftp	536	1
52.2607	ftp	536	1
52.2654	ftp	536	1
52.2701	ftp	536	1
52.2748	ftp	536	1
52.2756	voip	40	2
52.2803	ftp	536	1
52.285	ftp	536	1
52.2858	voip	40	1
52.2905	ftp	536	1
52.2952	ftp	536	1
52.2971	gaming	184	2
52.3018	ftp	536	1
52.3065	ftp	536	1
52.3073	voip	40	2
52.3081	voip	40	1
52.3128	ftp	536	1
52.3175	ftp	536	1
52.3186	gaming	88	1
52.3233	ftp	536	1
52.3281	ftp	536	1
52.3288	voip	40	2
52.3335	ftp	536	1
52.3383	ftp	536	1
52.339	voip	40	1
52.3399	video	51	1
52.3446	ftp	536	1
52.3493	ftp	536	1
52.3501	video	46	1
52.3515	video	116	1
52.3562	ftp	536	1
52.3609	ftp	536	1
52.3624	gaming	135	2
52.3632	voip	40	2
52.3656	video	250	1
52.3674	video	172	1
52.3681	voip	40	1
52.3729	ftp	536	1
52.3776	ftp	536	1
52.3798	gaming	226	1
52.3818	video	198	1
52.3843	video	250	1
52.3852	video	58	1
52.3899	ftp	536	1
52.3946	ftp	536	1
52.3993	ftp	536	1
52.4001	voip	40	2
52.4006	voip	15	1
52.4016	video	69	1
52.4029	video	112	1
52.4042	video	105	1
52.4089	ftp	536	1
52.4137	ftp	536	1
52.4145	video	47	1
52.4192	ftp	536	1
52.4199	voip	40	2
52.4211	gaming	93	2
52.4221	video	71	1
52.4232	video	85	1
52.424	video	46	1
52.4255	gaming	128	1
52.4262	voip	40	2
52.427	video	43	1
52.4294	video	250	1
52.4342	ftp	536	1
52.4349	video	43	1
52.4397	ftp	536	1
52.4444	ftp	536	1
52.4491	ftp	536	1
52.4515	video	250	1
52.4525	video	70	1
52.4572	ftp	536	1
52.462	ftp	536	1
52.4627	voip	40	2
52.4674	ftp	536	1
52.4722	ftp	536	1
52.4769	ftp	536	1
52.4816	ftp	536	1
52.4836	gaming	193	2
52.4883	ftp	536	1
52.493	ftp	536	1
52.4938	voip	40	2
52.4955	gaming	167	1
52.5003	ftp	536	1
52.505	ftp	536	1
52.5057	voip	40	2
52.5104	ftp	536	1
52.5152	ftp	536	1
52.5165	gaming	110	2
52.5212	ftp	536	1
52.5259	ftp	536	1
52.5306	ftp	536	1
52.5354	ftp	536	1
52.5361	voip	40	2
52.5408	ftp	536	1
52.5455	ftp	536	1
52.5473	gaming	167	1
52.5479	voip	15	1
52.5526	ftp	536	1
52.5573	ftp	536	1
52.5581	video	51	1
52.56	video	181	1
52.5611	video	74	1
52.5658	ftp	536	1
52.5705	ftp	536	1
52.5729	video	250	1
52.5737	voip	40	2
52.5755	video	173	1
52.5762	video	40	1
52.581	ftp	536	1
52.5857	ftp	536	1
52.5874	video	155	1
52.5888	gaming	124	2
52.5895	video	40	1
52.5943	ftp	536	1
52.599	ftp	536	1
52.6001	video	82	1
52.6008	voip	40	2
52.6016	video	40	1
52.6063	ftp	536	1
52.611	ftp	536	1
52.6118	video	48	1
52.6165	ftp	536	1
52.6213	ftp	536	1
52.6226	gaming	115	1
52.6234	video	45	1
52.6245	video	85	1
52.6257	video	97	1
52.6304	ftp	536	1
52.6352	ftp	536	1
52.6359	voip	40	2
52.6406	ftp	536	1
52.6454	ftp	536	1
52.6478	video	250	1
52.65	video	227	1
52.6511	video	85	1
52.6528	video	155	1
52.6539	gaming	76	2
52.6547	video	53	1
52.6555	voip	40	2
52.6563	video	46	1
52.661	ftp	536	1
52.6657	ftp	536	1
52.6704	ftp	536	1
52.6751	ftp	536	1
52.6769	gaming	169	1
52.6777	voip	40	2
52.6824	ftp	536	1
52.6871	ftp	536	1
52.6918	ftp	536	1
52.6966	ftp	536	1
52.6973	voip	40	2
52.6992	gaming	179	2
52.7039	ftp	536	1
52.7086	ftp	536	1
52.7092	voip	15	1
52.7105	gaming	112	1
52.7152	ftp	536	1
52.7199	ftp	536	1
52.7207	voip	40	2
52.7254	ftp	536	1
52.7301	ftp	536	1
52.7349	ftp	536	1
52.7396	ftp	536	1
52.7403	video	42	1
52.7411	voip	40	2
52.7458	ftp	536	1
52.7505	ftp	536	1
52.7515	video	70	1
52.7524	video	50	1
52.7538	gaming	129	1
52.755	gaming	90	2
52.7597	ftp	536	1
52.7644	ftp	536	1
52.7657	video	101	1
52.7681	video	250	1
52.7703	video	219	1
52.775	ftp	536	1
52.7797	ftp	536	1
52.7805	video	51	1
52.7813	voip	40	2
52.7821	video	42	1
52.7868	ftp	536	1
52.7915	ftp	536	1
52.7925	video	68	1
52.7934	video	63	1
52.7943	video	53	1
52.799	ftp	536	1
52.8037	ftp	536	1
52.8047	video	75	1
52.8056	video	57	1
52.8064	voip	40	2
52.8111	ftp	536	1
52.8158	ftp	536	1
52.8167	video	50	1
52.8178	video	91	1
52.8225	ftp	536	1
52.8273	ftp	536	1
52.8285	gaming	98	2
52.8309	video	250	1
52.8356	ftp	536	1
52.8403	ftp	536	1
52.8409	voip	15	2
52.8433	video	250	1
52.8449	gaming	138	1
52.8461	video	94	1
52.8508	ftp	536	1
52.8555	ftp	536	1
52.857	video	129	1
52.8594	video	250	1
52.8641	ftp	536	1
52.8688	ftp	536	1
52.8704	gaming	144	2
52.8751	ftp	536	1
52.8799	ftp	536	1
52.8806	voip	40	1
52.8853	ftp	536	1
52.89	ftp	536	1
52.8911	gaming	79	1
52.8958	ftp	536	1
52.9005	ftp	536	1
52.9013	voip	40	1
52.906	ftp	536	1
52.9107	ftp	536	1
52.9155	ftp	536	1
52.9202	ftp	536	1
52.9219	gaming	166	2
52.9227	voip	40	1
52.9274	ftp	536	1
52.9321	ftp	536	1
52.9369	ftp	536	1
52.9416	ftp	536	1
52.9428	gaming	100	1
52.9436	voip	40	1
52.9444	video	52	1
52.9491	ftp	536	1
52.9538	ftp	536	1
52.9551	video	98	1
52.9566	video	140	1
52.9613	ftp	536	1
52.9661	ftp	536	1
52.9669	video	49	1
52.9677	video	45	1
52.9724	ftp	536	1
52.9771	ftp	536	1
52.9782	gaming	80	2
52.9789	voip	40	1
52.9797	video	42	1
52.9844	ftp	536	1
52.9891	ftp	536	1
52.9897	voip	15	2
52.9906	video	60	1
52.9925	gaming	179	1
52.9972	ftp	536	1
53.0019	ftp	536	1
53.0037	video	171	1
53.0045	voip	40	1
53.0092	ftp	536	1
53.0139	ftp	536	1
53.0149	video	67	1
53.0156	video	43	1
53.0204	ftp	536	1
53.0251	ftp	536	1
53.0271	video	195	1
53.0278	voip	40	1
53.0287	video	60	1
53.0335	ftp	536	1
53.0382	ftp	536	1
53.0396	gaming	128	2
53.0408	video	86	1
53.0416	video	51	1
53.0463	ftp	536	1
53.051	ftp	536	1
53.0535	video	250	1
53.0544	video	62	1
53.056	gaming	148	1
53.0568	voip	40	1
53.0581	video	111	1
53.0628	ftp	536	1
53.0675	ftp	536	1
53.07	video	250	1
53.0717	video	161	1
53.0724	video	41	1
53.0772	ftp	536	1
53.0819	ftp	536	1
53.0826	voip	40	1
53.0873	ftp	536	1
53.0921	ftp	536	1
53.0935	gaming	121	2
53.0982	ftp	536	1
53.1029	ftp	536	1
53.1051	gaming	226	1
53.1059	voip	40	1
53.1106	ftp	536	1
53.1153	ftp	536	1
53.1201	ftp	536	1
53.1248	ftp	536	1
53.1255	voip	40	1
53.1303	ftp	536	1
53.135	ftp	536	1
53.1363	gaming	114	2
53.141	ftp	536	1
53.1458	ftp	536	1
53.1463	voip	15	2
53.151	ftp	536	1
53.1557	ftp	536	1
53.1565	voip	40	1
53.1612	ftp	536	1
53.1659	ftp	536	1
53.1676	gaming	148	1
53.17	video	250	1
53.1707	video	40	1
53.1732	video	250	1
53.1779	ftp	536	1
53.1826	ftp	536	1
53.1839	video	104	1
53.1846	voip	40	1
53.1893	ftp	536	1
53.1941	ftp	536	1
53.1949	video	50	1
53.1973	video	250	1
53.2021	ftp	536	1
53.2068	ftp	536	1
53.2083	gaming	131	2
53.209	video	41	1
53.2137	ftp	536	1
53.2185	ftp	536	1
53.2195	video	80	1
53.2203	voip	40	1
53.2214	video	86	1
53.2222	video	50	1
53.223	video	43	1
53.2277	ftp	536	1
53.2324	ftp	536	1
53.2338	gaming	115	1
53.2348	video	73	1
53.2362	video	121	1
53.2381	video	188	1
53.2429	ftp	536	1
53.2476	ftp	536	1
53.2485	video	56	1
53.2492	voip	40	1
53.2501	video	51	1
53.2511	video	74	1
53.2558	ftp	536	1
53.2605	ftp	536	1
53.2616	video	79	1
53.2625	video	57	1
53.2672	ftp	536	1
53.2719	ftp	536	1
53.2738	video	176	1
53.2745	voip	40	1
53.2761	gaming	141	2
53.2808	ftp	536	1
53.2855	ftp	536	1
53.2869	gaming	125	1
53.2917	ftp	536	1
53.2964	ftp	536	1
53.2971	voip	40	1
53.3019	ftp	536	1
53.3066	ftp	536	1
53.3113	ftp	536	1
53.316	ftp	536	1
53.3166	voip	15	2
53.3173	voip	40	1
53.3188	gaming	136	2
53.3236	ftp	536	1
53.3283	ftp	536	1
53.3299	gaming	154	1
53.3347	ftp	536	1
53.3394	ftp	536	1
53.3401	voip	40	1
53.3449	ftp	536	1
53.3496	ftp	536	1
53.3512	video	145	1
53.3559	ftp	536	1
53.3606	ftp	536	1
53.3619	video	110	1
53.363	video	86	1
53.3655	video	250	1
53.3662	voip	40	1
53.3709	ftp	536	1
53.3757	ftp	536	1
53.377	gaming	114	2
53.3794	video	250	1
53.3811	gaming	155	1
53.3824	video	102	1
53.3871	ftp	536	1
53.3918	ftp	536	1
53.3928	video	66	1
53.3951	video	235	1
53.3998	ftp	536	1
53.4045	ftp	536	1
53.4069	video	250	1
53.4077	voip	40	1
53.41	video	236	1
53.4147	ftp	536	1
53.4195	ftp	536	1
53.4204	video	61	1
53.4213	video	57	1
53.4223	video	76	1
53.427	ftp	536	1
53.4317	ftp	536	1
53.4342	video	250	1
53.4354	gaming	104	2
53.4362	voip	40	1
53.4409	ftp	536	1
53.4456	ftp	536	1
53.4471	video	135	1
53.4482	gaming	82	1
53.4529	ftp	536	1
53.4577	ftp	536	1
53.4584	video	40	1
53.4592	video	40	1
53.46	video	45	1
53.4607	voip	40	1
53.4615	video	47	1
53.4662	ftp	536	1
53.471	ftp	536	1
53.4727	video	165	1
53.4774	ftp	536	1
53.4822	ftp	536	1
53.4827	voip	15	2
53.4874	ftp	536	1
53.4921	ftp	536	1
53.4929	voip	40	1
53.4951	gaming	215	2
53.4998	ftp	536	1
53.5045	ftp	536	1
53.5058	gaming	106	1
53.5105	ftp	536	1
53.5152	ftp	536	1
53.516	voip	40	1
53.5207	ftp	536	1
53.5254	ftp	536	1
53.5262	voip	40	1
53.5309	ftp	536	1
53.5356	ftp	536	1
53.5373	gaming	158	2
53.542	ftp	536	1
53.5467	ftp	536	1
53.5486	gaming	177	1
53.5533	ftp	536	1
53.558	ftp	536	1
53.5588	voip	40	1
53.5612	video	250	1
53.5659	ftp	536	1
53.5706	ftp	536	1
53.5714	video	42	1
53.5722	video	41	1
53.573	video	53	1
53.5777	ftp	536	1
53.5825	ftp	536	1
53.5833	video	47	1
53.5853	gaming	196	2
53.586	voip	40	1
53.5872	video	92	1
53.5919	ftp	536	1
53.5966	ftp	536	1
53.5977	video	75	1
53.5986	video	57	1
53.6033	ftp	536	1
53.608	ftp	536	1
53.6087	video	40	1
53.6111	gaming	235	1
53.6128	video	162	1
53.6135	voip	40	1
53.6183	ftp	536	1
53.623	ftp	536	1
53.6239	video	61	1
53.6286	ftp	536	1
53.6333	ftp	536	1
53.6339	voip	15	2
53.6386	ftp	536	1
53.6433	ftp	536	1
53.6443	video	64	1
53.645	voip	40	1
53.6468	gaming	170	2
53.6477	video	53	1
53.6524	ftp	536	1
53.6571	ftp	536	1
53.6579	video	50	1
53.6587	video	42	1
53.6596	video	62	1
53.6618	gaming	212	1
53.6628	video	76	1
53.6636	voip	40	1
53.6683	ftp	536	1
53.673	ftp	536	1
53.675	video	191	1
53.6797	ftp	536	1
53.6844	ftp	536	1
53.6864	video	200	1
53.6876	video	89	1
53.6883	voip	40	1
53.6931	ftp	536	1
53.6978	ftp	536	1
53.6994	gaming	144	2
53.7041	ftp	536	1
53.7088	ftp	536	1
53.7102	gaming	126	1
53.711	voip	40	1
53.7157	ftp	536	1
53.7204	ftp	536	1
53.7251	ftp	536	1
53.7299	ftp	536	1
53.7306	voip	40	1
53.7353	ftp	536	1
53.7401	ftp	536	1
53.7419	gaming	180	2
53.7467	ftp	536	1
53.7514	ftp	536	1
53.7561	ftp	536	1
53.7608	ftp	536	1
53.762	gaming	96	1
53.7628	voip	40	1
53.7675	ftp	536	1
53.7722	ftp	536	1
53.7737	video	129	1
53.7784	ftp	536	1
53.7831	ftp	536	1
53.7837	voip	15	2
53.7844	voip	40	1
53.7868	video	250	1
53.7916	ftp	536	1
53.7963	ftp	536	1
53.7977	gaming	126	2
53.8024	ftp	536	1
53.8072	ftp	536	1
53.8096	video	250	1
53.8119	gaming	233	1
53.8166	ftp	536	1
53.8213	ftp	536	1
53.8221	voip	40	1
53.8229	video	54	1
53.8277	ftp	536	1
53.8324	ftp	536	1
53.8332	video	43	1
53.8341	video	61	1
53.8357	video	149	1
53.8404	ftp	536	1
53.8451	ftp	536	1
53.8459	voip	40	1
53.8469	video	66	1
53.8516	ftp	536	1
53.8563	ftp	536	1
53.8571	video	51	1
53.8596	gaming	255	2
53.8615	video	182	1
53.8662	ftp	536	1
53.8709	ftp	536	1
53.8717	video	40	1
53.8724	voip	40	1
53.8739	video	134	1
53.8747	video	44	1
53.8759	gaming	98	1
53.877	video	76	1
53.8817	ftp	536	1
53.8864	ftp	536	1
53.8874	video	65	1
53.8921	ftp	536	1
53.8968	ftp	536	1
53.8976	video	45	1
53.8984	voip	40	1
53.8995	video	83	1
53.9011	video	156	1
53.9059	ftp	536	1
53.9106	ftp	536	1
53.9115	video	61	1
53.9123	video	45	1
53.9139	gaming	142	2
53.9186	ftp	536	1
53.9233	ftp	536	1
53.9241	voip	40	1
53.9288	ftp	536	1
53.9335	ftp	536	1
53.9353	gaming	171	1
53.94	ftp	536	1
53.9447	ftp	536	1
53.9495	ftp	536	1
53.9502	voip	40	1
53.9508	voip	15	2
53.9555	ftp	536	1
53.9602	ftp	536	1
53.9649	ftp	536	1
53.9696	ftp	536	1
53.9714	gaming	167	2
53.9722	voip	40	1
53.9769	ftp	536	1
53.9816	ftp	536	1
53.9863	ftp	536	1
53.991	ftp	536	1
53.9923	gaming	99	1
53.997	ftp	536	1
54.0017	ftp	536	1
54.0025	voip	40	1
54.0034	video	64	1
54.0081	ftp	536	1
54.0128	ftp	536	1
54.0138	video	61	1
54.0185	ftp	536	1
54.0232	ftp	536	1
54.0244	video	101	1
54.0256	gaming	88	2
54.0263	voip	40	1
54.031	ftp	536	1
54.0358	ftp	536	1
54.0368	video	73	1
54.0378	video	72	1
54.0387	video	63	1
54.0434	ftp	536	1
54.0482	ftp	536	1
54.0489	video	44	1
54.0537	ftp	536	1
54.0584	ftp	536	1
54.0591	video	41	1
54.0599	voip	40	1
54.0615	gaming	150	1
54.063	video	132	1
54.0643	video	108	1
54.069	ftp	536	1
54.0738	ftp	536	1
54.0746	video	47	1
54.0753	video	41	1
54.08	ftp	536	1
54.0848	ftp	536	1
54.0853	voip	15	1
54.0868	gaming	128	2
54.0882	video	119	1
54.0929	ftp	536	1
54.0976	ftp	536	1
54.0992	video	149	1
54.1039	ftp	536	1
54.1087	ftp	536	1
54.1106	video	189	1
54.1112	voip	15	2
54.1121	video	62	1
54.1168	ftp	536	1
54.1215	ftp	536	1
54.124	video	250	1
54.1248	video	47	1
54.1259	gaming	82	1
54.1276	video	165	1
54.1323	ftp	536	1
54.137	ftp	536	1
54.138	video	65	1
54.1394	gaming	125	2
54.1441	ftp	536	1
54.1489	ftp	536	1
54.1536	ftp	536	1
54.1583	ftp	536	1
54.163	ftp	536	1
54.1677	ftp	536	1
54.1725	ftp	536	1
54.1772	ftp	536	1
54.1819	ftp	536	1
54.1866	ftp	536	1
54.1888	gaming	223	1
54.1907	gaming	173	2
54.1954	ftp	536	1
54.2001	ftp	536	1
54.2048	ftp	536	1
54.2095	ftp	536	1
54.2143	ftp	536	1
54.219	ftp	536	1
54.2202	video	97	1
54.2216	video	119	1
54.2263	ftp	536	1
54.231	ftp	536	1
54.2318	video	44	1
54.2323	voip	15	1
54.2331	video	42	1
54.2378	ftp	536	1
54.2426	ftp	536	1
54.244	video	128	1
54.2458	gaming	173	2
54.2505	ftp	536	1
54.2553	ftp	536	1
54.256	video	43	1
54.2608	ftp	536	1
54.2655	ftp	536	1
54.2671	gaming	149	1
54.2677	voip	15	2
54.2686	video	58	1
54.2693	video	44	1
54.2741	ftp	536	1
54.2788	ftp	536	1
54.2796	video	44	1
54.2843	ftp	536	1
54.289	ftp	536	1
54.2937	ftp	536	1
54.2945	video	42	1
54.2969	video	250	1
54.2978	video	55	1
54.2986	video	43	1
54.3033	ftp	536	1
54.308	ftp	536	1
54.309	video	66	1
54.3098	video	51	1
54.3145	ftp	536	1
54.3193	ftp	536	1
54.3208	gaming	141	2
54.3217	video	63	1
54.3265	ftp	536	1
54.3312	ftp	536	1
54.3324	video	96	1
54.3333	video	57	1
54.3347	gaming	124	1
54.3357	video	73	1
54.3404	ftp	536	1
54.3452	ftp	536	1
54.3459	video	42	1
54.3506	ftp	536	1
54.3554	ftp	536	1
54.3601	ftp	536	1
54.3648	ftp	536	1
54.366	gaming	90	2
54.3707	ftp	536	1
54.3754	ftp	536	1
54.3801	ftp	536	1
54.3848	ftp	536	1
54.3862	gaming	113	1
54.3867	voip	15	1
54.3914	ftp	536	1
54.3962	ftp	536	1
54.4009	ftp	536	1
54.4056	ftp	536	1
54.4103	ftp	536	1
54.415	ftp	536	1
54.4156	voip	15	2
54.4203	ftp	536	1
54.425	ftp	536	1
54.4265	gaming	129	1
54.4279	gaming	120	2
54.4326	ftp	536	1
54.4373	ftp	536	1
54.4398	video	250	1
54.4412	video	120	1
54.4459	ftp	536	1
54.4506	ftp	536	1
54.4515	video	58	1
54.4562	ftp	536	1
54.4609	ftp	536	1
54.4622	video	104	1
54.4646	video	250	1
54.4693	ftp	536	1
54.4741	ftp	536	1
54.4761	video	206	1
54.4809	ftp	536	1
54.4856	ftp	536	1
54.4873	video	160	1
54.492	ftp	536	1
54.4967	ftp	536	1
54.4978	gaming	78	1
54.4989	video	87	1
54.5005	gaming	145	2
54.5052	ftp	536	1
54.51	ftp	536	1
54.511	video	76	1
54.5119	video	54	1
54.5128	video	62	1
54.5175	ftp	536	1
54.5222	ftp	536	1
54.5231	video	50	1
54.5244	video	111	1
54.5291	ftp	536	1
54.5338	ftp	536	1
54.5349	video	75	1
54.5359	video	78	1
54.5381	video	218	1
54.5428	ftp	536	1
54.5475	ftp	536	1
54.5522	ftp	536	1
54.5537	gaming	134	1
54.555	video	97	1
54.5559	video	65	1
54.5606	ftp	536	1
54.5653	ftp	536	1
54.5659	voip	15	1
54.5673	gaming	122	2
54.572	ftp	536	1
54.5767	ftp	536	1
54.5775	video	41	1
54.5796	video	209	1
54.5843	ftp	536	1
54.5891	ftp	536	1
54.5938	ftp	536	1
54.5985	ftp	536	1
54.599	voip	15	2
54.6038	ftp	536	1
54.6085	ftp	536	1
54.6096	gaming	91	1
54.6144	ftp	536	1
54.6191	ftp	536	1
54.6203	gaming	92	2
54.625	ftp	536	1
54.6297	ftp	536	1
54.6344	ftp	536	1
54.6391	ftp	536	1
54.6439	ftp	536	1
54.6486	ftp	536	1
54.6533	ftp	536	1
54.658	ftp	536	1
54.6594	gaming	116	1
54.6641	ftp	536	1
54.6688	ftp	536	1
54.67	gaming	95	2
54.6708	video	46	1
54.6755	ftp	536	1
54.6802	ftp	536	1
54.6812	video	71	1
54.6821	video	54	1
54.6832	video	79	1
54.6879	ftp	536	1
54.6926	ftp	536	1
54.6934	video	44	1
54.6981	ftp	536	1
54.7028	ftp	536	1
54.7038	video	72	1
54.7049	video	72	1
54.7058	video	69	1
54.7075	video	151	1
54.7122	ftp	536	1
54.7169	ftp	536	1
54.7187	video	166	1
54.7234	ftp	536	1
54.7281	ftp	536	1
54.7287	voip	15	1
54.7297	video	75	1
54.7313	gaming	147	2
54.7323	video	68	1
54.7336	gaming	106	1
54.7359	video	233	1
54.7406	ftp	536	1
54.7453	ftp	536	1
54.7464	video	84	1
54.7511	ftp	536	1
54.7558	ftp	536	1
54.7606	ftp	536	1
54.7614	video	47	1
54.7619	voip	15	2
54.7666	ftp	536	1
54.7714	ftp	536	1
54.7738	video	250	1
54.7785	ftp	536	1
54.7832	ftp	536	1
54.7841	video	59	1
54.7861	gaming	190	2
54.7881	video	197	1
54.7893	gaming	102	1
54.7941	ftp	536	1
54.7988	ftp	536	1
54.7998	video	74	1
54.8006	video	50	1
54.8054	ftp	536	1
54.8101	ftp	536	1
54.8148	ftp	536	1
54.8195	ftp	536	1
54.8242	ftp	536	1
54.829	ftp	536	1
54.8337	ftp	536	1
54.8384	ftp	536	1
54.8397	gaming	113	1
54.8413	gaming	145	2
54.8461	ftp	536	1
54.8508	ftp	536	1
54.8555	ftp	536	1
54.8602	ftp	536	1
54.8649	ftp	536	1
54.8697	ftp	536	1
54.8744	ftp	536	1
54.8791	ftp	536	1
54.8796	voip	15	1
54.8844	ftp	536	1
54.8891	ftp	536	1
54.8904	video	115	1
54.8912	video	44	1
54.8921	video	53	1
54.8968	ftp	536	1
54.9015	ftp	536	1
54.9028	gaming	107	1
54.9036	video	41	1
54.9054	video	174	1
54.9063	video	54	1
54.911	ftp	536	1
54.9157	ftp	536	1
54.9204	ftp	536	1
54.921	voip	15	2
54.9222	gaming	105	2
54.927	ftp	536	1
54.9317	ftp	536	1
54.9325	video	45	1
54.9338	video	113	1
54.9348	video	65	1
54.9395	ftp	536	1
54.9442	ftp	536	1
54.9489	ftp	536	1
54.9536	ftp	536	1
54.9561	video	250	1
54.9569	video	48	1
54.9616	ftp	536	1
54.9663	ftp	536	1
54.9671	video	40	1
54.968	video	62	1
54.9694	gaming	126	1
54.9705	video	74	1
54.9752	ftp	536	1
54.9799	ftp	536	1
54.9811	gaming	96	2
54.9858	ftp	536	1
54.9905	ftp	536	1
54.9923	video	159	1
54.9947	video	250	1
54.9994	ftp	536	1
55.0041	ftp	536	1
55.0066	video	250	1
55.0082	video	157	1
55.013	ftp	536	1
55.0177	ftp	536	1
55.0185	video	46	1
55.0193	video	49	1
55.0226	gaming	355	1
55.0273	ftp	536	1
55.032	ftp	536	1
55.0367	ftp	536	1
55.0415	ftp	536	1
55.0462	ftp	536	1
55.0509	ftp	536	1
55.0524	gaming	136	2
55.053	voip	15	1
55.0577	ftp	536	1
55.0624	ftp	536	1
55.0671	ftp	536	1
55.0719	ftp	536	1
55.0766	ftp	536	1
55.0781	gaming	137	1
55.0828	ftp	536	1
55.0875	ftp	536	1
55.0881	voip	15	2
55.0928	ftp	536	1
55.0975	ftp	536	1
55.1023	ftp	536	1
55.107	ftp	536	1
55.1081	gaming	92	2
55.1129	ftp	536	1
55.1176	ftp	536	1
55.1183	video	40	1
55.1231	ftp	536	1
55.1278	ftp	536	1
55.1291	video	117	1
55.1299	video	47	1
55.1347	ftp	536	1
55.1394	ftp	536	1
55.1409	video	135	1
55.1418	video	54	1
55.1433	video	135	1
55.148	ftp	536	1
55.1527	ftp	536	1
55.1545	gaming	175	1
55.1593	ftp	536	1
55.164	ftp	536	1
55.1658	video	174	1
55.1705	ftp	536	1
55.1753	ftp	536	1
55.1765	gaming	104	2
55.1773	video	45	1
55.182	ftp	536	1
55.1867	ftp	536	1
55.1878	video	80	1
55.1925	ftp	536	1
55.1973	ftp	536	1
55.1982	video	66	1
55.1995	video	109	1
55.202	video	250	1
55.2034	video	123	1
55.2044	video	78	1
55.2091	ftp	536	1
55.2139	ftp	536	1
55.2186	ftp	536	1
55.2197	gaming	87	1
55.2244	ftp	536	1
55.2292	ftp	536	1
55.2313	video	210	1
55.2326	video	109	1
55.2331	voip	15	1
55.235	gaming	177	2
55.2358	video	49	1
55.2405	ftp	536	1
55.2452	ftp	536	1
55.246	video	42	1
55.2473	video	102	1
55.252	ftp	536	1
55.2567	ftp	536	1
55.2572	voip	15	2
55.2582	video	68	1
55.2629	ftp	536	1
55.2677	ftp	536	1
55.2724	ftp	536	1
55.2771	ftp	536	1
55.2786	gaming	139	1
55.2834	ftp	536	1
55.2881	ftp	536	1
55.2893	gaming	92	2
55.294	ftp	536	1
55.2987	ftp	536	1
55.3034	ftp	536	1
55.3081	ftp	536	1
55.3129	ftp	536	1
55.3176	ftp	536	1
55.3223	ftp	536	1
55.3234	gaming	88	1
55.3281	ftp	536	1
55.3329	ftp	536	1
55.3376	ftp	536	1
55.3423	ftp	536	1
55.3435	gaming	89	2
55.3482	ftp	536	1
55.3529	ftp	536	1
55.3553	video	250	1
55.36	ftp	536	1
55.3648	ftp	536	1
55.3658	video	72	1
55.3705	ftp	536	1
55.3752	ftp	536	1
55.3761	video	52	1
55.3774	gaming	119	1
55.3784	video	70	1
55.3832	ftp	536	1
55.3879	ftp	536	1
55.389	video	84	1
55.3895	voip	15	1
55.3912	video	160	1
55.396	ftp	536	1
55.4007	ftp	536	1
55.4016	video	65	1
55.4041	video	250	1
55.4048	video	40	1
55.4095	ftp	536	1
55.4143	ftp	536	1
55.4161	video	179	1
55.4178	gaming	150	2
55.4186	video	49	1
55.4233	ftp	536	1
55.428	ftp	536	1
55.429	video	65	1
55.4295	voip	15	2
55.4304	video	61	1
55.4352	ftp	536	1
55.4399	ftp	536	1
55.4409	video	69	1
55.4417	video	51	1
55.4432	gaming	131	1
55.4479	ftp	536	1
55.4526	ftp	536	1
55.4573	ftp	536	1
55.4585	video	88	1
55.4601	video	146	1
55.4609	video	44	1
55.4656	ftp	536	1
55.4703	ftp	536	1
55.4712	video	53	1
55.4759	ftp	536	1
55.4806	ftp	536	1
55.4825	video	179	1
55.484	gaming	134	2
55.4887	ftp	536	1
55.4934	ftp	536	1
55.4981	ftp	536	1
55.5029	ftp	536	1
55.5076	ftp	536	1
55.5123	ftp	536	1
55.5137	gaming	123	1
55.5184	ftp	536	1
55.5231	ftp	536	1
55.5279	ftp	536	1
55.5326	ftp	536	1
55.5373	ftp	536	1
55.542	ftp	536	1
55.5467	ftp	536	1
55.549	gaming	223	2
55.5495	voip	15	1
55.5542	ftp	536	1
55.559	ftp	536	1
55.5605	gaming	145	1
55.5653	ftp	536	1
55.57	ftp	536	1
55.5709	video	54	1
55.5724	video	136	1
55.5771	ftp	536	1
55.5818	ftp	536	1
55.5826	voip	40	2
55.5833	video	43	1
55.5881	ftp	536	1
55.5928	ftp	536	1
55.5941	gaming	110	2
55.5965	video	250	1
55.6012	ftp	536	1
55.606	ftp	536	1
55.6107	ftp	536	1
55.6154	ftp	536	1
55.6163	video	55	1
55.617	voip	40	2
55.6179	video	60	1
55.6189	video	68	1
55.6236	ftp	536	1
55.6284	ftp	536	1
55.6301	gaming	170	1
55.6349	ftp	536	1
55.6396	ftp	536	1
55.6406	video	74	1
55.6414	voip	40	2
55.6461	ftp	536	1
55.6508	ftp	536	1
55.6555	ftp	536	1
55.6563	video	42	1
55.6572	video	64	1
55.658	video	45	1
55.6588	video	40	1
55.6599	video	84	1
55.6609	video	70	1
55.662	video	89	1
55.6631	video	86	1
55.6645	gaming	117	2
55.6653	voip	40	2
55.6666	gaming	109	1
55.6713	ftp	536	1
55.6721	video	46	1
55.6735	video	123	1
55.6743	video	42	1
55.675	video	42	1
55.6758	voip	40	2
55.6805	ftp	536	1
55.6852	ftp	536	1
55.6865	gaming	110	2
55.6913	ftp	536	1
55.696	ftp	536	1
55.7007	ftp	536	1
55.7054	ftp	536	1
55.7101	ftp	536	1
55.7107	voip	15	1
55.7114	voip	40	2
55.7162	ftp	536	1
55.7209	ftp	536	1
55.7256	ftp	536	1
55.7303	ftp	536	1
55.735	ftp	536	1
55.7398	ftp	536	1
55.7445	ftp	536	1
55.7492	ftp	536	1
55.75	voip	40	2
55.7547	ftp	536	1
55.7568	gaming	213	1
55.7615	ftp	536	1
55.7663	ftp	536	1
55.7675	gaming	105	2
55.7722	ftp	536	1
55.777	ftp	536	1
55.7777	voip	40	2
55.7824	ftp	536	1
55.7872	ftp	536	1
55.7919	ftp	536	1
55.7966	ftp	536	1
55.7975	video	56	1
55.7985	video	70	1
55.8032	ftp	536	1
55.8079	ftp	536	1
55.8087	voip	40	2
55.8102	gaming	137	1
55.8149	ftp	536	1
55.8196	ftp	536	1
55.8209	video	101	1
55.8216	video	42	1
55.8231	video	135	1
55.8252	gaming	203	2
55.826	voip	40	2
55.8307	ftp	536	1
55.8315	video	46	1
55.8323	video	50	1
55.8339	video	150	1
55.8358	video	173	1
55.8369	video	87	1
55.8377	video	43	1
55.8388	video	87	1
55.8402	gaming	124	1
55.841	video	44	1
55.8421	gaming	90	2
55.8429	voip	40	2
55.8437	voip	40	2
55.8442	voip	15	1
55.8489	ftp	536	1
55.8536	ftp	536	1
55.8584	ftp	536	1
55.8608	video	250	1
55.8617	video	53	1
55.8628	video	88	1
55.8646	video	177	1
55.8654	voip	40	2
55.8678	video	250	1
55.8689	video	80	1
55.8703	gaming	116	1
55.8717	video	126	1
55.8764	ftp	536	1
55.8811	ftp	536	1
55.8859	ftp	536	1
55.8906	ftp	536	1
55.8921	gaming	138	2
55.8929	voip	40	2
55.9219	voip	40	2
55.9662	gaming	174	1
55.9871	gaming	192	2
55.9926	voip	40	2
56.0186	video	250	1
56.0241	voip	40	2
56.0254	video	111	1
56.0261	video	42	1
56.0286	video	250	1
56.035	gaming	160	1
56.0358	video	46	1
56.0366	voip	40	2
56.0381	gaming	133	2
56.0386	voip	15	1
56.049	video	70	1
56.0499	video	49	1
56.0506	video	41	1
56.0514	video	46	1
56.0522	video	41	1
56.0533	video	85	1
56.0547	gaming	116	1
56.0571	video	250	1
56.0583	video	97	1
56.0597	video	115	1
56.0621	video	250	1
56.0628	voip	40	2
56.0636	voip	40	2
56.0648	gaming	98	2
56.075	voip	40	2
56.076	video	71	1
56.0774	video	123	1
56.0782	video	41	1
56.0799	gaming	167	1
56.0807	video	43	1
56.0815	video	44	1
56.1106	voip	40	2
56.1593	gaming	143	2
56.1695	voip	40	2
56.1911	gaming	276	1
56.2154	voip	40	2
56.2254	voip	15	1
56.2315	gaming	116	2
56.2409	ftp	25728	1
56.2417	voip	40	2
56.2427	video	69	1
56.2439	video	96	1
56.2446	video	42	1
56.2462	video	139	1
56.2482	video	203	1
56.2492	video	70	1
56.2506	video	119	1
56.2514	video	50	1
56.2526	video	94	1
56.2539	video	102	1
56.2555	gaming	155	1
56.2574	gaming	175	2
56.2628	voip	40	2
56.2636	voip	40	2
56.2648	video	91	1
56.2657	video	63	1
56.2664	voip	40	2
56.2675	video	79	1
56.2684	video	60	1
56.2692	video	47	1
56.2701	video	55	1
56.2711	video	65	1
56.2734	gaming	245	2
56.2743	video	56	1
56.2759	video	143	1
56.2771	gaming	94	1
56.2784	gaming	115	1
56.2933	voip	40	2
56.2958	video	250	1
56.3107	voip	40	2
56.3396	voip	15	1
56.3599	gaming	124	2
56.3606	voip	40	2
56.3667	gaming	112	1
56.3721	voip	40	2
56.3925	gaming	135	2
56.3933	voip	40	2
56.4035	video	43	1
56.4044	video	62	1
56.4146	voip	40	2
56.4164	gaming	174	1
56.4182	video	165	1
56.4295	video	183	1
56.4354	gaming	87	2
56.4361	voip	40	2
56.4369	video	46	1
56.4417	ftp	24656	1
56.4464	ftp	536	1
56.4471	video	43	1
56.4519	ftp	536	1
56.4543	video	250	1
56.459	ftp	536	1
56.4598	voip	40	2
56.4625	gaming	285	1
56.4672	ftp	536	1
56.4695	video	237	1
56.4704	video	55	1
56.4751	ftp	536	1
56.4798	ftp	536	1
56.4804	voip	15	1
56.4851	ftp	536	1
56.486	video	51	1
56.4907	ftp	536	1
56.4914	voip	40	2
56.4961	ftp	536	1
56.498	gaming	176	2
56.5004	video	250	1
56.5051	ftp	536	1
56.506	video	48	1
56.5107	ftp	536	1
56.5115	video	51	1
56.5162	ftp	536	1
56.5174	video	87	1
56.5184	video	80	1
56.5192	voip	40	2
56.5204	gaming	102	1
56.5218	video	116	1
56.5226	video	41	1
56.5235	video	70	1
56.5283	ftp	536	1
56.5295	video	95	1
56.5306	video	91	1
56.5314	voip	40	2
56.5361	ftp	536	1
56.5377	gaming	152	2
56.5425	ftp	536	1
56.5472	ftp	536	1
56.5519	ftp	536	1
56.5527	voip	40	2
56.5574	ftp	536	1
56.5621	ftp	536	1
56.5636	gaming	139	1
56.5684	ftp	536	1
56.5731	ftp	536	1
56.5778	ftp	536	1
56.5785	voip	40	2
56.5833	ftp	536	1
56.588	ftp	536	1
56.5927	ftp	536	1
56.5939	gaming	92	2
56.5986	ftp	536	1
56.6033	ftp	536	1
56.608	ftp	536	1
56.6088	voip	40	2
56.6135	ftp	536	1
56.6182	ftp	536	1
56.6188	voip	15	1
56.6235	ftp	536	1
56.6245	gaming	70	1
56.6269	video	250	1
56.6316	ftp	536	1
56.6325	video	53	1
56.6372	ftp	536	1
56.638	voip	40	2
56.6391	video	82	1
56.6404	video	119	1
56.6452	ftp	536	1
56.6459	video	44	1
56.6472	video	100	1
56.6519	ftp	536	1
56.6532	video	104	1
56.6579	ftp	536	1
56.6587	video	49	1
56.6597	gaming	69	2
56.6644	ftp	536	1
56.6654	video	66	1
56.6662	video	44	1
56.6669	voip	40	2
56.6716	ftp	536	1
56.6729	video	99	1
56.6776	ftp	536	1
56.679	video	121	1
56.6799	video	64	1
56.6846	ftp	536	1
56.6894	ftp	536	1
56.6912	gaming	171	1
56.692	video	48	1
56.6927	voip	40	2
56.6974	ftp	536	1
56.7022	ftp	536	1
56.7069	ftp	536	1
56.7093	video	250	1
56.7102	video	55	1
56.7149	ftp	536	1
56.7196	ftp	536	1
56.7243	ftp	536	1
56.7253	gaming	60	2
56.7262	video	61	1
56.7286	video	250	1
56.7294	voip	40	2
56.7303	video	58	1
56.7314	video	91	1
56.7361	ftp	536	1
56.7409	ftp	536	1
56.7456	ftp	536	1
56.7503	ftp	536	1
56.755	ftp	536	1
56.7558	voip	40	2
56.7605	ftp	536	1
56.7652	ftp	536	1
56.7668	gaming	142	1
56.7715	ftp	536	1
56.7762	ftp	536	1
56.7774	gaming	88	2
56.7781	voip	40	2
56.7828	ftp	536	1
56.7875	ftp	536	1
56.7881	voip	15	1
56.7928	ftp	536	1
56.7975	ftp	536	1
56.7983	voip	40	2
56.8001	gaming	170	1
56.8048	ftp	536	1
56.8095	ftp	536	1
56.8112	gaming	154	2
56.8159	ftp	536	1
56.8206	ftp	536	1
56.8253	ftp	536	1
56.8261	voip	40	2
56.8276	video	128	1
56.8323	ftp	536	1
56.837	ftp	536	1
56.8417	ftp	536	1
56.8464	ftp	536	1
56.8481	video	149	1
56.8491	video	82	1
56.8539	ftp	536	1
56.8586	ftp	536	1
56.8593	video	41	1
56.8601	voip	40	2
56.8625	video	250	1
56.8638	gaming	105	1
56.8649	video	80	1
56.8696	ftp	536	1
56.8743	ftp	536	1
56.8767	video	250	1
56.8775	video	43	1
56.8822	ftp	536	1
56.887	ftp	536	1
56.8877	voip	40	2
56.8924	ftp	536	1
56.8972	ftp	536	1
56.8983	gaming	93	2
56.8996	video	107	1
56.9021	video	250	1
56.9042	video	212	1
56.9061	video	184	1
56.9108	ftp	536	1
56.9155	ftp	536	1
56.9165	video	63	1
56.9172	voip	40	2
56.9189	gaming	157	1
56.9236	ftp	536	1
56.9283	ftp	536	1
56.9296	video	105	1
56.9308	video	93	1
56.9316	video	47	1
56.9363	ftp	536	1
56.941	ftp	536	1
56.9418	video	47	1
56.9438	video	192	1
56.9447	video	58	1
56.9455	voip	40	2
56.9502	ftp	536	1
56.9549	ftp	536	1
56.9561	gaming	97	2
56.9569	video	41	1
56.9616	ftp	536	1
56.9663	ftp	536	1
56.971	ftp	536	1
56.9716	voip	15	1
56.9723	voip	40	2
56.9771	ftp	536	1
56.9818	ftp	536	1
56.9832	gaming	124	1
56.9879	ftp	536	1
56.9926	ftp	536	1
56.9974	ftp	536	1
57.0021	ftp	536	1
57.0028	voip	40	2
57.0046	gaming	170	2
57.0093	ftp	536	1
57.0141	ftp	536	1
57.0188	ftp	536	1
57.0235	ftp	536	1
57.0243	voip	40	2
57.029	ftp	536	1
57.0337	ftp	536	1
57.0384	ftp	536	1
57.0431	ftp	536	1
57.045	gaming	177	1
57.0457	voip	40	2
57.0505	ftp	536	1
57.0552	ftp	536	1
57.0559	video	40	1
57.0572	video	103	1
57.0619	ftp	536	1
57.0666	ftp	536	1
57.0713	ftp	536	1
57.0736	gaming	233	2
57.0746	video	61	1
57.0755	video	61	1
57.0802	ftp	536	1
57.0849	ftp	536	1
57.0857	voip	40	2
57.0867	video	69	1
57.0914	ftp	536	1
57.0961	ftp	536	1
57.0985	video	250	1
57.1005	video	192	1
57.1052	ftp	536	1
57.1099	ftp	536	1
57.1109	video	65	1
57.1116	voip	40	2
57.1141	video	250	1
57.1152	gaming	90	1
57.1199	ftp	536	1
57.1247	ftp	536	1
57.1255	video	51	1
57.1263	video	43	1
57.131	ftp	536	1
57.1357	ftp	536	1
57.1365	video	42	1
57.1378	gaming	110	2
57.1383	voip	15	1
57.1391	voip	40	2
57.1438	ftp	536	1
57.1485	ftp	536	1
57.1494	video	48	1
57.1518	video	250	1
57.1565	ftp	536	1
57.1612	ftp	536	1
57.1623	video	80	1
57.1631	voip	40	2
57.1649	video	171	1
57.1696	ftp	536	1
57.1743	ftp	536	1
57.179	ftp	536	1
57.1806	video	148	1
57.182	gaming	123	1
57.1828	video	46	1
57.1876	ftp	536	1
57.1923	ftp	536	1
57.1935	video	96	1
57.1953	video	172	1
57.1967	gaming	125	2
57.1975	voip	40	2
57.2022	ftp	536	1
57.2069	ftp	536	1
57.2116	ftp	536	1
57.2164	ftp	536	1
57.2171	voip	40	2
57.2218	ftp	536	1
57.2265	ftp	536	1
57.228	gaming	130	1
57.2327	ftp	536	1
57.2375	ftp	536	1
57.2382	voip	40	2
57.2429	ftp	536	1
57.2477	ftp	536	1
57.249	gaming	113	2
57.2537	ftp	536	1
57.2584	ftp	536	1
57.2631	ftp	536	1
57.2679	ftp	536	1
57.2726	ftp	536	1
57.2733	voip	40	2
57.2781	ftp	536	1
57.2828	ftp	536	1
57.2847	gaming	181	1
57.2856	video	60	1
57.2903	ftp	536	1
57.295	ftp	536	1
57.2958	video	47	1
57.2964	voip	15	1
57.2971	voip	40	2
57.2982	video	78	1
57.2996	gaming	120	2
57.3043	ftp	536	1
57.309	ftp	536	1
57.3114	video	250	1
57.3162	ftp	536	1
57.3209	ftp	536	1
57.3216	video	41	1
57.3225	video	54	1
57.3272	ftp	536	1
57.3319	ftp	536	1
57.3344	video	250	1
57.3349	voip	15	2
57.3372	video	235	1
57.342	ftp	536	1
57.3467	ftp	536	1
57.3475	video	44	1
57.3485	video	70	1
57.3504	gaming	190	1
57.3551	ftp	536	1
57.3599	ftp	536	1
57.3606	video	40	1
57.3619	video	106	1
57.3626	video	40	1
57.3674	ftp	536	1
57.3721	ftp	536	1
57.373	video	64	1
57.3739	video	58	1
57.3751	video	92	1
57.3798	ftp	536	1
57.3845	ftp	536	1
57.3892	ftp	536	1
57.3907	gaming	126	2
57.3922	video	133	1
57.3932	video	77	1
57.3941	video	60	1
57.3989	ftp	536	1
57.4036	ftp	536	1
57.4083	ftp	536	1
57.413	ftp	536	1
57.4143	video	110	1
57.4191	ftp	536	1
57.4238	ftp	536	1
57.4257	gaming	183	1
57.4304	ftp	536	1
57.4351	ftp	536	1
57.4361	gaming	69	2
57.4408	ftp	536	1
57.4455	ftp	536	1
57.4503	ftp	536	1
57.455	ftp	536	1
57.4597	ftp	536	1
57.4644	ftp	536	1
57.465	voip	15	1
57.4697	ftp	536	1
57.4744	ftp	536	1
57.4791	ftp	536	1
57.4806	gaming	134	1
57.4853	ftp	536	1
57.4901	ftp	536	1
57.4906	voip	15	2
57.4921	gaming	136	2
57.4969	ftp	536	1
57.5016	ftp	536	1
57.5024	video	54	1
57.5072	ftp	536	1
57.5119	ftp	536	1
57.513	video	85	1
57.5139	video	60	1
57.5149	video	64	1
57.5196	ftp	536	1
57.5243	ftp	536	1
57.5252	video	61	1
57.5299	ftp	536	1
57.5347	ftp	536	1
57.5355	video	50	1
57.5363	video	44	1
57.541	ftp	536	1
57.5457	ftp	536	1
57.5473	video	146	1
57.5494	gaming	208	1
57.5506	gaming	99	2
57.5553	ftp	536	1
57.5601	ftp	536	1
57.5614	video	108	1
57.5628	video	120	1
57.5637	video	66	1
57.5684	ftp	536	1
57.5732	ftp	536	1
57.5742	video	76	1
57.5751	video	53	1
57.5798	ftp	536	1
57.5845	ftp	536	1
57.5853	video	42	1
57.59	ftp	536	1
57.5947	ftp	536	1
57.5956	video	59	1
57.5967	gaming	85	1
57.6014	ftp	536	1
57.6062	ftp	536	1
57.6109	ftp	536	1
57.6133	video	250	1
57.6141	video	43	1
57.6149	video	52	1
57.6197	ftp	536	1
57.6244	ftp	536	1
57.6257	gaming	109	2
57.6267	video	69	1
57.6314	ftp	536	1
57.6361	ftp	536	1
57.6367	voip	15	1
57.6375	video	47	1
57.6422	ftp	536	1
57.6469	ftp	536	1
57.6483	gaming	125	1
57.6531	ftp	536	1
57.6578	ftp	536	1
57.6583	voip	15	2
57.663	ftp	536	1
57.6678	ftp	536	1
57.6693	gaming	141	2
57.674	ftp	536	1
57.6788	ftp	536	1
57.6835	ftp	536	1
57.6882	ftp	536	1
57.6929	ftp	536	1
57.6976	ftp	536	1
57.6992	gaming	141	1
57.7039	ftp	536	1
57.7086	ftp	536	1
57.7134	ftp	536	1
57.7181	ftp	536	1
57.7228	ftp	536	1
57.7238	video	73	1
57.7285	ftp	536	1
57.7333	ftp	536	1
57.7348	gaming	134	2
57.7395	ftp	536	1
57.7442	ftp	536	1
57.7457	video	129	1
57.7466	video	60	1
57.7513	ftp	536	1
57.756	ftp	536	1
57.7575	video	127	1
57.7622	ftp	536	1
57.7669	ftp	536	1
57.7692	gaming	236	1
57.77	video	41	1
57.7708	video	42	1
57.7755	ftp	536	1
57.7802	ftp	536	1
57.781	video	50	1
57.7821	video	76	1
57.7829	video	44	1
57.7876	ftp	536	1
57.7923	ftp	536	1
57.7928	voip	15	1
57.7953	video	250	1
57.7974	gaming	211	2
57.7985	video	84	1
57.8032	ftp	536	1
57.8079	ftp	536	1
57.8087	video	43	1
57.8134	ftp	536	1
57.8182	ftp	536	1
57.8206	video	250	1
57.8211	voip	15	2
57.8221	video	60	1
57.8268	ftp	536	1
57.8315	ftp	536	1
57.8331	gaming	153	1
57.8339	video	41	1
57.8386	ftp	536	1
57.8433	ftp	536	1
57.8444	video	79	1
57.8452	video	47	1
57.8499	ftp	536	1
57.8547	ftp	536	1
57.8554	video	44	1
57.8566	gaming	88	2
57.859	video	250	1
57.8598	video	46	1
57.8645	ftp	536	1
57.8693	ftp	536	1
57.874	ftp	536	1
57.8787	ftp	536	1
57.8804	gaming	162	1
57.8851	ftp	536	1
57.8899	ftp	536	1
57.8946	ftp	536	1
57.8993	ftp	536	1
57.904	ftp	536	1
57.9053	gaming	105	2
57.91	ftp	536	1
57.9147	ftp	536	1
57.9195	ftp	536	1
57.9242	ftp	536	1
57.9289	ftp	536	1
57.9336	ftp	536	1
57.9351	gaming	134	1
57.9398	ftp	536	1
57.9446	ftp	536	1
57.9493	ftp	536	1
57.954	ftp	536	1
57.9545	voip	15	1
57.9558	video	98	1
57.9569	video	85	1
57.9583	gaming	120	2
57.963	ftp	536	1
57.9677	ftp	536	1
57.9689	video	92	1
57.9736	ftp	536	1
57.9783	ftp	536	1
57.9807	video	250	1
57.9821	video	120	1
57.9827	voip	15	2
57.9874	ftp	536	1
57.9921	ftp	536	1
57.9969	ftp	536	1
57.9993	video	250	1
58.004	ftp	536	1
58.0087	ftp	536	1
58.0112	video	250	1
58.0126	gaming	123	1
58.0136	video	72	1
58.0143	video	40	1
58.0191	ftp	536	1
58.0238	ftp	536	1
58.0247	video	61	1
58.0294	ftp	536	1
58.0341	ftp	536	1
58.0389	ftp	536	1
58.0436	ftp	536	1
58.0449	video	114	1
58.0464	video	130	1
58.0472	video	49	1
58.0496	video	250	1
58.0544	ftp	536	1
58.0591	ftp	536	1
58.0638	ftp	536	1
58.0662	gaming	248	2
58.0676	gaming	116	1
58.0686	video	74	1
58.0695	video	59	1
58.0703	video	50	1
58.0716	video	101	1
58.0763	ftp	536	1
58.0779	video	149	1
58.0826	ftp	536	1
58.0874	ftp	536	1
58.0921	ftp	536	1
58.0931	video	74	1
58.0978	ftp	536	1
58.1025	ftp	536	1
58.1073	ftp	536	1
58.1095	gaming	231	2
58.1143	ftp	536	1
58.119	ftp	536	1
58.1207	gaming	154	1
58.1254	ftp	536	1
58.1301	ftp	536	1
58.1306	voip	15	1
58.1354	ftp	536	1
58.1401	ftp	536	1
58.1448	ftp	536	1
58.1495	ftp	536	1
58.1503	voip	40	2
58.155	ftp	536	1
58.1597	ftp	536	1
58.1644	ftp	536	1
58.1692	ftp	536	1
58.1739	ftp	536	1
58.176	gaming	215	2
58.1776	gaming	141	1
58.1783	voip	40	2
58.1831	ftp	536	1
58.1878	ftp	536	1
58.1925	ftp	536	1
58.1972	ftp	536	1
58.1981	video	50	1
58.1997	video	146	1
58.2005	video	52	1
58.2015	video	68	1
58.2062	ftp	536	1
58.2109	ftp	536	1
58.2129	video	197	1
58.2137	voip	40	2
58.2149	video	105	1
58.2197	ftp	536	1
58.2244	ftp	536	1
58.2253	video	55	1
58.2271	video	175	1
58.2318	ftp	536	1
58.2365	ftp	536	1
58.2374	video	50	1
58.2381	video	42	1
58.2389	video	42	1
58.2397	video	52	1
58.2405	video	40	1
58.2414	video	63	1
58.2422	video	43	1
58.2439	video	161	1
58.2451	video	93	1
58.2459	video	47	1
58.2483	video	250	1
58.2497	gaming	111	1
58.2509	gaming	104	2
58.2517	voip	40	2
58.2524	voip	40	2
58.2572	ftp	536	1
58.2591	video	183	1
58.2638	ftp	536	1
58.2657	gaming	187	1
58.2665	voip	40	2
58.267	voip	15	1
58.2717	ftp	536	1
58.2764	ftp	536	1
58.2781	gaming	158	2
58.2829	ftp	536	1
58.2836	voip	40	2
58.2883	ftp	536	1
58.2931	ftp	536	1
58.2978	ftp	536	1
58.3025	ftp	536	1
58.3072	ftp	536	1
58.3119	ftp	536	1
58.3167	ftp	536	1
58.3184	gaming	166	1
58.3192	voip	40	2
58.3239	ftp	536	1
58.3286	ftp	536	1
58.3333	ftp	536	1
58.338	ftp	536	1
58.3395	gaming	124	2
58.3442	ftp	536	1
58.3489	ftp	536	1
58.3536	ftp	536	1
58.3544	voip	40	2
58.3591	ftp	536	1
58.3638	ftp	536	1
58.3663	video	250	1
58.3676	gaming	119	1
58.3842	video	250	1
58.3897	voip	40	2
58.3952	video	44	1
58.3962	video	65	1
58.397	video	47	1
58.4032	gaming	139	2
58.404	voip	40	2
58.4064	video	250	1
58.4072	video	42	1
58.4083	video	83	1
58.4096	video	110	1
58.4104	video	45	1
58.4117	gaming	110	1
58.4124	voip	40	2
58.4134	video	61	1
58.4139	voip	15	1
58.4149	video	74	1
58.4174	video	250	1
58.4185	gaming	91	2
58.4287	voip	40	2
58.4296	video	59	1
58.4305	video	60	1
58.4315	video	72	1
58.4323	video	45	1
58.4334	video	77	1
58.4349	video	134	1
58.4356	voip	40	2
58.4369	gaming	99	1
58.4386	video	167	1
58.4589	gaming	121	2
58.4597	voip	40	2
58.5029	voip	40	2
58.5044	gaming	130	1
58.5725	gaming	196	2
58.5732	voip	40	2
58.5932	video	85	1
58.6038	video	92	1
58.6046	voip	40	2
58.6057	gaming	92	1
58.6204	voip	15	1
58.6229	video	250	1
58.6237	video	52	1
58.6261	video	250	1
58.6276	gaming	123	2
58.6283	voip	40	2
58.6385	voip	40	2
58.6442	video	67	1
58.646	gaming	167	1
58.647	video	70	1
58.6478	video	51	1
58.6487	video	60	1
58.6496	video	57	1
58.6505	video	55	1
58.652	video	134	1
58.6536	gaming	147	2
58.6543	voip	40	2
58.6656	video	178	1
58.667	video	113	1
58.6675	voip	15	2
58.6687	video	94	1
58.6696	video	56	1
58.6704	video	53	1
58.6717	gaming	110	1
58.6734	video	147	1
58.6749	video	137	1
58.6769	video	201	1
58.7208	gaming	115	2
58.7349	ftp	4824	1
58.7543	voip	15	1
58.7591	ftp	30552	1
58.7606	gaming	142	1
58.7654	ftp	536	1
58.7701	ftp	536	1
58.7718	gaming	162	2
58.7765	ftp	536	1
58.7812	ftp	536	1
58.7825	video	106	1
58.7872	ftp	536	1
58.792	ftp	536	1
58.7934	video	122	1
58.7981	ftp	536	1
58.799	video	55	1
58.8004	gaming	123	1
58.8051	ftp	536	1
58.8075	video	250	1
58.81	video	250	1
58.8111	video	83	1
58.8158	ftp	536	1
58.8205	ftp	536	1
58.8213	video	43	1
58.8228	gaming	136	2
58.8236	video	52	1
58.8253	video	157	1
58.8301	ftp	536	1
58.8348	ftp	536	1
58.8357	video	62	1
58.8363	voip	15	2
58.8371	video	46	1
58.8418	ftp	536	1
58.8432	video	121	1
58.8479	ftp	536	1
58.8493	video	127	1
58.8541	ftp	536	1
58.8549	video	48	1
58.8565	video	148	1
58.8612	ftp	536	1
58.8627	gaming	131	1
58.8635	video	45	1
58.8645	video	68	1
58.8653	video	48	1
58.8661	video	44	1
58.8679	video	173	1
58.8726	ftp	536	1
58.8773	ftp	536	1
58.882	ftp	536	1
58.8836	gaming	136	2
58.8883	ftp	536	1
58.893	ftp	536	1
58.8935	voip	15	1
58.8983	ftp	536	1
58.9002	gaming	186	1
58.9049	ftp	536	1
58.9061	gaming	100	2
58.9109	ftp	536	1
58.9156	ftp	536	1
58.9172	gaming	148	1
58.9219	ftp	536	1
58.9266	ftp	536	1
58.9276	video	63	1
58.9323	ftp	536	1
58.9347	video	250	1
58.9394	ftp	536	1
58.9442	ftp	536	1
58.9451	video	65	1
58.9469	gaming	164	2
58.9516	ftp	536	1
58.9523	video	42	1
58.9529	voip	15	2
58.9576	ftp	536	1
58.9584	video	40	1
58.9596	video	98	1
58.9643	ftp	536	1
58.9652	video	54	1
58.9699	ftp	536	1
58.9707	video	51	1
58.9724	video	159	1
58.9772	ftp	536	1
58.9779	video	40	1
58.9826	ftp	536	1
58.9842	gaming	142	1
58.9889	ftp	536	1
58.9936	ftp	536	1
58.9946	video	68	1
58.9993	ftp	536	1
59.0001	video	42	1
59.0014	gaming	109	2
59.0061	ftp	536	1
59.0108	ftp	536	1
59.012	video	91	1
59.0167	ftp	536	1
59.0214	ftp	536	1
59.0224	video	69	1
59.0239	video	135	1
59.0287	ftp	536	1
59.0334	ftp	536	1
59.0381	ftp	536	1
59.0387	voip	15	1
59.0397	video	71	1
59.0444	ftp	536	1
59.0491	ftp	536	1
59.0499	video	42	1
59.0546	ftp	536	1
59.0593	ftp	536	1
59.0602	video	57	1
59.0613	video	88	1
59.0629	gaming	147	1
59.0644	gaming	134	2
59.0656	video	93	1
59.0703	ftp	536	1
59.0751	ftp	536	1
59.0798	ftp	536	1
59.0845	ftp	536	1
59.0892	ftp	536	1
59.0939	ftp	536	1
59.0987	ftp	536	1
59.1034	ftp	536	1
59.1048	gaming	120	1
59.1095	ftp	536	1
59.1142	ftp	536	1
59.1162	gaming	198	2
59.1168	voip	15	2
59.1215	ftp	536	1
59.1262	ftp	536	1
59.1309	ftp	536	1
59.1357	ftp	536	1
59.1404	ftp	536	1
59.1451	ftp	536	1
59.1498	ftp	536	1
59.1507	video	63	1
59.1532	video	250	1
59.1579	ftp	536	1
59.1626	ftp	536	1
59.1636	video	63	1
59.1652	gaming	148	2
59.166	video	45	1
59.1674	gaming	122	1
59.1721	ftp	536	1
59.1768	ftp	536	1
59.178	video	100	1
59.1786	voip	15	1
59.1833	ftp	536	1
59.188	ftp	536	1
59.189	video	64	1
59.1898	video	50	1
59.1945	ftp	536	1
59.1993	ftp	536	1
59.2005	video	96	1
59.2013	video	50	1
59.2021	video	44	1
59.2068	ftp	536	1
59.2115	ftp	536	1
59.2131	video	147	1
59.2145	video	113	1
59.2192	ftp	536	1
59.2239	ftp	536	1
59.225	video	88	1
59.2261	video	80	1
59.228	gaming	183	2
59.2292	video	93	1
59.2339	ftp	536	1
59.2386	ftp	536	1
59.2399	gaming	105	1
59.2411	video	96	1
59.2458	ftp	536	1
59.2505	ftp	536	1
59.2519	video	116	1
59.2527	video	54	1
59.2575	ftp	536	1
59.2622	ftp	536	1
59.2634	video	101	1
59.2647	video	99	1
59.2694	ftp	536	1
59.2741	ftp	536	1
59.2746	voip	15	2
59.2794	ftp	536	1
59.2841	ftp	536	1
59.2888	ftp	536	1
59.2935	ftp	536	1
59.2954	gaming	183	2
59.3001	ftp	536	1
59.3049	ftp	536	1
59.3072	gaming	237	1
59.3119	ftp	536	1
59.3166	ftp	536	1
59.3213	ftp	536	1
59.3261	ftp	536	1
59.3308	ftp	536	1
59.3355	ftp	536	1
59.3361	voip	15	1
59.3372	gaming	93	2
59.342	ftp	536	1
59.3467	ftp	536	1
59.3514	ftp	536	1
59.3561	ftp	536	1
59.3608	ftp	536	1
59.3616	video	40	1
59.3663	ftp	536	1
59.371	ftp	536	1
59.3735	video	250	1
59.3782	ftp	536	1
59.3829	ftp	536	1
59.3845	gaming	143	1
59.3852	video	42	1
59.3865	video	105	1
59.3912	ftp	536	1
59.396	ftp	536	1
59.3968	video	46	1
59.3986	video	180	1
59.4033	ftp	536	1
59.4081	ftp	536	1
59.4091	video	79	1
59.4139	ftp	536	1
59.4186	ftp	536	1
59.4198	gaming	98	2
59.4217	video	181	1
59.4225	video	55	1
59.4237	video	90	1
59.4246	video	63	1
59.4293	ftp	536	1
59.4341	ftp	536	1
59.4349	video	48	1
59.4396	ftp	536	1
59.4443	ftp	536	1
59.4449	voip	15	2
59.4463	gaming	118	1
59.447	video	45	1
59.4518	ftp	536	1
59.4565	ftp	536	1
59.4587	video	225	1
59.4634	ftp	536	1
59.4682	ftp	536	1
59.4697	video	143	1
59.4713	gaming	143	2
59.4721	video	43	1
59.4729	video	47	1
59.4776	ftp	536	1
59.4823	ftp	536	1
59.4839	video	142	1
59.4886	ftp	536	1
59.4933	ftp	536	1
59.4941	video	41	1
59.4953	gaming	96	1
59.4965	video	100	1
59.5013	ftp	536	1
59.506	ftp	536	1
59.5065	voip	15	1
59.5112	ftp	536	1
59.516	ftp	536	1
59.5207	ftp	536	1
59.5221	gaming	119	2
59.5268	ftp	536	1
59.5315	ftp	536	1
59.5362	ftp	536	1
59.5409	ftp	536	1
59.5457	ftp	536	1
59.5504	ftp	536	1
59.5516	gaming	101	1
59.5563	ftp	536	1
59.5611	ftp	536	1
59.5658	ftp	536	1
59.5705	ftp	536	1
59.5723	gaming	169	2
59.577	ftp	536	1
59.5817	ftp	536	1
59.5865	ftp	536	1
59.5912	ftp	536	1
59.5922	video	77	1
59.5969	ftp	536	1
59.6017	ftp	536	1
59.6024	voip	40	2
59.6071	ftp	536	1
59.6119	ftp	536	1
59.6126	video	40	1
59.6142	gaming	141	1
59.6153	video	93	1
59.6161	video	40	1
59.6208	ftp	536	1
59.6255	ftp	536	1
59.6303	ftp	536	1
59.635	ftp	536	1
59.6361	video	89	1
59.6374	gaming	111	2
59.6382	voip	40	2
59.639	video	42	1
59.6437	ftp	536	1
59.6484	ftp	536	1
59.6495	video	83	1
59.6519	video	246	1
59.6566	ftp	536	1
59.6613	ftp	536	1
59.6621	voip	40	2
59.6631	video	69	1
59.6647	gaming	146	1
59.6655	video	48	1
59.6663	video	48	1
59.671	ftp	536	1
59.6757	ftp	536	1
59.6805	ftp	536	1
59.6814	video	60	1
59.6819	voip	15	1
59.6866	ftp	536	1
59.6914	ftp	536	1
59.6924	video	80	1
59.6932	voip	40	2
59.6945	gaming	108	2
59.6992	ftp	536	1
59.7039	ftp	536	1
59.7051	video	89	1
59.7059	video	55	1
59.7084	video	250	1
59.7131	ftp	536	1
59.7178	ftp	536	1
59.7192	gaming	115	1
59.7199	voip	40	2
59.721	video	87	1
59.7258	ftp	536	1
59.7305	ftp	536	1
59.7317	video	102	1
59.7329	video	91	1
59.7337	video	46	1
59.7384	ftp	536	1
59.7431	ftp	536	1
59.7439	voip	40	2
59.7486	ftp	536	1
59.7533	ftp	536	1
59.758	ftp	536	1
59.7628	ftp	536	1
59.7641	gaming	108	2
59.7648	voip	40	2
59.7695	ftp	536	1
59.7743	ftp	536	1
59.7763	gaming	197	1
59.781	ftp	536	1
59.7857	ftp	536	1
59.7904	ftp	536	1
59.7951	ftp	536	1
59.7959	voip	40	2
59.8006	ftp	536	1
59.8053	ftp	536	1
59.8067	gaming	114	2
59.8114	ftp	536	1
59.8161	ftp	536	1
59.8208	ftp	536	1
59.8256	ftp	536	1
59.8263	voip	40	2
59.8275	gaming	100	1
59.8293	video	160	1
59.834	ftp	536	1
59.8387	ftp	536	1
59.8392	voip	15	1
59.8403	video	78	1
59.8411	video	52	1
59.8459	ftp	536	1
59.8506	ftp	536	1
59.8514	video	52	1
59.8522	voip	40	2
59.8569	ftp	536	1
59.8616	ftp	536	1
59.8624	video	42	1
59.8671	ftp	536	1
59.8718	ftp	536	1
59.8733	video	131	1
59.8745	gaming	92	2
59.8792	ftp	536	1
59.8839	ftp	536	1
59.8847	voip	40	2
59.8862	video	141	1
59.8871	video	49	1
59.888	video	61	1
59.8927	ftp	536	1
59.8974	ftp	536	1
59.8983	video	61	1
59.8998	video	123	1
59.9022	video	250	1
59.9069	ftp	536	1
59.9116	ftp	536	1
59.9128	gaming	95	1
59.9137	video	50	1
59.9144	voip	40	2
59.9152	video	47	1
59.9164	video	93	1
59.9211	ftp	536	1
59.9258	ftp	536	1
59.9266	video	43	1
59.9283	gaming	160	2
59.933	ftp	536	1
59.9378	ftp	536	1
59.9386	video	53	1
59.9399	video	111	1
59.9407	voip	40	2
59.9416	video	63	1
59.9425	video	59	1
59.9472	ftp	536	1
59.952	ftp	536	1
59.9567	ftp	536	1
59.9614	ftp	536	1
59.9661	ftp	536	1
59.9669	voip	40	2
59.9682	gaming	108	1
59.9729	ftp	536	1
59.9776	ftp	536	1
59.98	gaming	239	2
59.9847	ftp	536	1
59.9894	ftp	536	1
59.9901	voip	40	2
59.9949	ftp	536	1
59.9996	ftp	536	1
60.0043	ftp	536	1
60.009	ftp	536	1
60.0096	voip	15	1
60.0109	gaming	111	1
60.0117	voip	40	2
60.0164	ftp	536	1
60.0211	ftp	536	1
60.0258	ftp	536	1
60.0305	ftp	536	1
60.0353	ftp	536	1
60.04	ftp	536	1
60.0407	voip	40	2
60.0418	video	76	1
60.0431	gaming	114	2
60.0446	video	132	1
60.0493	ftp	536	1
60.054	ftp	536	1
60.0548	video	43	1
60.0558	video	68	1
60.0566	video	48	1
60.0613	ftp	536	1
60.066	ftp	536	1
60.0678	gaming	169	1
60.0686	voip	40	2
60.0733	ftp	536	1
60.078	ftp	536	1
60.0788	video	42	1
60.0805	video	155	1
60.0813	video	45	1
60.086	ftp	536	1
60.0907	ftp	536	1
60.0916	video	57	1
60.0928	video	94	1
60.0975	ftp	536	1
60.1022	ftp	536	1
60.103	video	50	1
60.1038	voip	40	2
60.1053	gaming	132	2
60.1061	video	51	1
60.1108	ftp	536	1
60.1156	ftp	536	1
60.1165	video	64	1
60.1176	video	84	1
60.1223	ftp	536	1
60.127	ftp	536	1
60.1281	video	74	1
60.1289	video	55	1
60.1305	gaming	139	1
60.1312	voip	40	2
60.136	ftp	536	1
60.1407	ftp	536	1
60.1415	video	45	1
60.1425	video	78	1
60.1447	video	221	1
60.1456	video	61	1
60.1504	ftp	536	1
60.1511	voip	40	2
60.1521	gaming	73	2
60.1569	ftp	536	1
60.1616	ftp	536	1
60.1663	ftp	536	1
60.171	ftp	536	1
60.1757	ftp	536	1
60.1773	gaming	144	1
60.1779	voip	15	1
60.1826	ftp	536	1
60.1873	ftp	536	1
60.1881	voip	40	2
60.1928	ftp	536	1
60.1975	ftp	536	1
60.1983	voip	40	2
60.203	ftp	536	1
60.2077	ftp	536	1
60.2124	ftp	536	1
60.2171	ftp	536	1
60.2181	gaming	64	2
60.2188	voip	40	2
60.2203	gaming	131	1
60.225	ftp	536	1
60.2297	ftp	536	1
60.2345	ftp	536	1
60.2392	ftp	536	1
60.2439	ftp	536	1
60.2449	video	65	1
60.2463	video	132	1
60.2472	video	57	1
60.252	ftp	536	1
60.2567	ftp	536	1
60.2575	video	48	1
60.2582	voip	40	2
60.2591	video	56	1
60.2604	video	106	1
60.2615	video	89	1
60.2663	ftp	536	1
60.271	ftp	536	1
60.2757	ftp	536	1
60.2804	ftp	536	1
60.2815	video	75	1
60.2822	voip	40	2
60.2869	ftp	536	1
60.2917	ftp	536	1
60.293	gaming	116	1
60.2939	video	60	1
60.2954	video	134	1
60.2962	video	41	1
60.2978	gaming	146	2
60.3025	ftp	536	1
60.3072	ftp	536	1
60.3083	video	77	1
60.3096	video	113	1
60.3104	voip	40	2
60.3119	video	137	1
60.313	video	84	1
60.3154	video	250	1
60.3166	video	94	1
60.3174	video	41	1
60.3182	video	44	1
60.3187	voip	15	1
60.3234	ftp	536	1
60.3242	video	41	1
60.3289	ftp	536	1
60.3297	voip	40	2
60.3344	ftp	536	1
60.3391	ftp	536	1
60.3438	ftp	536	1
60.3453	gaming	131	1
60.35	ftp	536	1
60.3514	gaming	116	2
60.3561	ftp	536	1
60.3608	ftp	536	1
60.3616	voip	40	2
60.3663	ftp	536	1
60.371	ftp	536	1
60.3757	ftp	536	1
60.3805	ftp	536	1
60.3852	ftp	536	1
60.3899	ftp	536	1
60.3906	voip	40	2
60.3954	ftp	536	1
60.4001	ftp	536	1
60.4048	ftp	536	1
60.4095	ftp	536	1
60.4113	gaming	169	2
60.4127	gaming	120	1
60.4135	voip	40	2
60.4182	ftp	536	1
60.4229	ftp	536	1
60.4238	video	63	1
60.4285	ftp	536	1
60.4333	ftp	536	1
60.4352	video	192	1
60.436	voip	40	2
60.4407	ftp	536	1
60.4454	ftp	536	1
60.4465	video	81	1
60.4489	video	250	1
60.4502	video	106	1
60.4549	ftp	536	1
60.4597	ftp	536	1
60.4616	video	190	1
60.4663	ftp	536	1
60.4711	ftp	536	1
60.4719	video	52	1
60.4728	video	56	1
60.4735	voip	40	2
60.4783	ftp	536	1
60.483	ftp	536	1
60.4847	gaming	159	1
60.4855	video	47	1
60.4874	gaming	189	2
60.4883	video	51	1
60.493	ftp	536	1
60.4977	ftp	536	1
60.4986	video	62	1
60.4992	voip	15	1
60.5039	ftp	536	1
60.5086	ftp	536	1
60.5094	voip	40	2
60.5118	video	250	1
60.5127	video	55	1
60.5174	ftp	536	1
60.5182	video	44	1
60.5191	video	65	1
60.5199	video	41	1
60.521	video	89	1
60.5218	voip	40	2
60.5265	ftp	536	1
60.5312	ftp	536	1
60.5328	video	145	1
60.5339	gaming	82	2
60.5386	ftp	536	1
60.5434	ftp	536	1
60.5447	gaming	115	1
60.5457	video	71	1
60.5481	video	250	1
60.5489	voip	40	2
60.5536	ftp	536	1
60.5583	ftp	536	1
60.5631	ftp	536	1
60.5678	ftp	536	1
60.5725	ftp	536	1
60.5772	ftp	536	1
60.5819	ftp	536	1
60.5867	ftp	536	1
60.5874	voip	40	2
60.5921	ftp	536	1
60.5968	ftp	536	1
60.6016	ftp	536	1
60.6063	ftp	536	1
60.6076	gaming	113	2
60.6084	voip	40	2
60.6131	ftp	536	1
60.6178	ftp	536	1
60.6194	gaming	146	1
60.6241	ftp	536	1
60.6289	ftp	536	1
60.6296	voip	40	2
60.6343	ftp	536	1
60.639	ftp	536	1
60.6438	ftp	536	1
60.6485	ftp	536	1
60.6498	video	115	1
60.6507	video	53	1
60.6519	gaming	91	2
60.6524	voip	15	1
60.6571	ftp	536	1
60.6618	ftp	536	1
60.6626	voip	40	2
60.6635	video	60	1
60.6643	video	41	1
60.669	ftp	536	1
60.6737	ftp	536	1
60.6747	video	71	1
60.6761	video	121	1
60.6773	gaming	94	1
60.682	ftp	536	1
60.6867	ftp	536	1
60.6882	video	130	1
60.689	voip	40	2
60.6937	ftp	536	1
60.6984	ftp	536	1
60.7008	video	250	1
60.7021	video	101	1
60.7068	ftp	536	1
60.7115	ftp	536	1
60.7123	video	41	1
60.7132	video	65	1
60.7146	video	118	1
60.7193	ftp	536	1
60.724	ftp	536	1
60.7249	video	58	1
60.7274	video	250	1
60.7281	video	41	1
60.7296	video	129	1
60.7316	video	201	1
60.7324	voip	40	2
60.7336	gaming	104	2
60.7384	ftp	536	1
60.7396	gaming	104	1
60.7404	video	40	1
60.7411	voip	40	2
60.7426	video	126	1
60.7447	video	208	1
60.7494	ftp	536	1
60.7541	ftp	536	1
60.7588	ftp	536	1
60.7596	voip	40	2
60.7643	ftp	536	1
60.769	ftp	536	1
60.7737	ftp	536	1
60.7785	ftp	536	1
60.7832	ftp	536	1
60.7879	ftp	536	1
60.7891	gaming	92	2
60.7938	ftp	536	1
60.7985	ftp	536	1
60.7993	voip	40	2
60.804	ftp	536	1
60.8087	ftp	536	1
60.8105	gaming	167	1
60.8152	ftp	536	1
60.8199	ftp	536	1
60.8207	voip	40	2
60.8212	voip	15	1
60.8259	ftp	536	1
60.8307	ftp	536	1
60.8319	gaming	103	2
60.8366	ftp	536	1
60.8413	ftp	536	1
60.8421	voip	40	2
60.8439	gaming	169	1
60.8486	ftp	536	1
60.8533	ftp	536	1
60.8554	video	207	1
60.8578	video	250	1
60.8626	ftp	536	1
60.8673	ftp	536	1
60.8697	video	250	1
60.8705	voip	40	2
60.8752	ftp	536	1
60.8799	ftp	536	1
60.8808	video	56	1
60.8821	video	106	1
60.8868	ftp	536	1
60.8915	ftp	536	1
60.8939	video	244	1
60.8955	video	143	1
60.897	gaming	132	2
60.8989	video	192	1
60.8997	video	40	1
60.9044	ftp	536	1
60.9091	ftp	536	1
60.9099	voip	40	2
60.9117	gaming	176	1
60.9129	video	95	1
60.9139	video	74	1
60.9147	video	43	1
60.9155	video	47	1
60.9202	ftp	536	1
60.921	voip	40	2
60.922	video	68	1
60.9244	video	250	1
60.9291	ftp	536	1
60.9338	ftp	536	1
60.9385	ftp	536	1
60.9433	ftp	536	1
60.9443	video	79	1
60.9451	video	48	1
60.9466	gaming	122	2
60.9473	voip	40	2
60.952	ftp	536	1
60.9536	video	147	1
60.9552	gaming	139	1
60.956	video	54	1
60.9608	ftp	536	1
60.9655	ftp	536	1
60.9702	ftp	536	1
60.9749	ftp	536	1
60.9774	video	250	1
60.9781	voip	40	2
60.9787	voip	15	1
60.9834	ftp	536	1
60.9881	ftp	536	1
60.9928	ftp	536	1
60.9975	ftp	536	1
61.0023	ftp	536	1
61.007	ftp	536	1
61.0117	ftp	536	1
61.0125	voip	40	2
61.0172	ftp	536	1
61.0187	gaming	134	2
61.0234	ftp	536	1
61.0281	ftp	536	1
61.0294	gaming	111	1
61.0342	ftp	536	1
61.0389	ftp	536	1
61.0396	voip	40	2
61.0443	ftp	536	1
61.0491	ftp	536	1
61.0538	ftp	536	1
61.0585	ftp	536	1
61.0593	voip	40	2
61.0606	gaming	114	2
61.0653	ftp	536	1
61.07	ftp	536	1
61.0714	gaming	113	1
61.0761	ftp	536	1
61.0808	ftp	536	1
61.0817	video	54	1
61.0826	video	63	1
61.0834	voip	40	2
61.0842	video	45	1
61.0889	ftp	536	1
61.0936	ftp	536	1
61.0949	video	105	1
61.0956	video	41	1
61.1004	ftp	536	1
61.1051	ftp	536	1
61.1066	video	134	1
61.1113	ftp	536	1
61.116	ftp	536	1
61.1168	voip	40	2
61.1215	ftp	536	1
61.1262	ftp	536	1
61.1272	video	68	1
61.1289	video	159	1
61.1307	video	170	1
61.1319	gaming	98	2
61.133	video	79	1
61.1337	video	41	1
61.1384	ftp	536	1
61.1432	ftp	536	1
61.1444	gaming	95	1
61.1451	voip	40	2
61.1457	voip	15	1
61.1473	video	154	1
61.1482	video	54	1
61.1491	video	56	1
61.1499	video	47	1
61.1546	ftp	536	1
61.1554	video	48	1
61.1567	video	103	1
61.1578	video	83	1
61.1585	voip	40	2
61.1593	video	46	1
61.164	ftp	536	1
61.1688	ftp	536	1
61.1735	ftp	536	1
61.1743	video	49	1
61.1751	voip	40	2
61.1798	ftp	536	1
61.1813	gaming	143	2
61.1826	gaming	107	1
61.1874	ftp	536	1
61.1921	ftp	536	1
61.1968	ftp	536	1
61.2015	ftp	536	1
61.2062	ftp	536	1
61.211	ftp	536	1
61.2157	ftp	536	1
61.2164	voip	40	2
61.2211	ftp	536	1
61.2259	ftp	536	1
61.2306	ftp	536	1
61.2353	ftp	536	1
61.2361	voip	40	2
61.2374	gaming	113	2
61.2421	ftp	536	1
61.2468	ftp	536	1
61.2481	gaming	100	1
61.2528	ftp	536	1
61.2575	ftp	536	1
61.2583	voip	40	2
61.263	ftp	536	1
61.2677	ftp	536	1
61.2724	ftp	536	1
61.2771	ftp	536	1
61.2779	video	45	1
61.2787	voip	40	2
61.2834	ftp	536	1
61.2881	ftp	536	1
61.2889	video	45	1
61.2895	voip	15	1
61.2942	ftp	536	1
61.2989	ftp	536	1
61.3003	video	118	1
61.3022	gaming	180	1
61.3037	gaming	138	2
61.3084	ftp	536	1
61.3131	ftp	536	1
61.3148	video	159	1
61.3156	voip	40	2
61.3172	video	150	1
61.3219	ftp	536	1
61.3267	ftp	536	1
61.3291	video	250	1
61.3299	video	41	1
61.3318	video	190	1
61.3365	ftp	536	1
61.3412	ftp	536	1
61.3426	video	113	1
61.3434	video	50	1
61.3442	voip	40	2
61.3489	ftp	536	1
61.3536	ftp	536	1
61.3583	ftp	536	1
61.3591	video	47	1
61.3604	gaming	108	1
61.3629	video	250	1
61.3639	video	74	1
61.3663	video	247	1
61.3674	video	90	1
61.3686	video	90	1
61.3699	gaming	107	2
61.3713	video	119	1
61.372	voip	40	2
61.3767	ftp	536	1
61.3815	ftp	536	1
61.3862	ftp	536	1
61.3886	video	243	1
61.3893	voip	40	2
61.3903	video	70	1
61.3911	video	43	1
61.3958	ftp	536	1
61.4005	ftp	536	1
61.4025	gaming	199	1
61.4073	ftp	536	1
61.412	ftp	536	1
61.4167	ftp	536	1
61.4214	ftp	536	1
61.4222	voip	40	2
61.4269	ftp	536	1
61.4316	ftp	536	1
61.4363	ftp	536	1
61.4411	ftp	536	1
61.4433	gaming	231	2
61.4481	ftp	536	1
61.4528	ftp	536	1
61.4535	voip	40	2
61.4582	ftp	536	1
61.463	ftp	536	1
61.4635	voip	15	1
61.4682	ftp	536	1
61.473	ftp	536	1
61.4737	voip	40	2
61.4745	video	44	1
61.4758	gaming	111	1
61.4767	video	63	1
61.4815	ftp	536	1
61.4862	ftp	536	1
61.487	video	43	1
61.488	video	74	1
61.4927	ftp	536	1
61.4974	ftp	536	1
61.4986	video	91	1
61.4998	gaming	100	2
61.5006	voip	40	2
61.5053	ftp	536	1
61.51	ftp	536	1
61.5114	video	122	1
61.5123	video	58	1
61.5133	video	64	1
61.518	ftp	536	1
61.5227	ftp	536	1
61.5235	video	40	1
61.5244	video	61	1
61.5291	ftp	536	1
61.5338	ftp	536	1
61.5346	voip	40	2
61.5364	video	176	1
61.5372	video	42	1
61.5379	video	42	1
61.5387	video	40	1
61.54	gaming	112	1
61.5447	ftp	536	1
61.5495	ftp	536	1
61.5505	gaming	80	2
61.5513	voip	40	2
61.5521	video	51	1
61.553	video	51	1
61.5538	video	54	1
61.5549	video	83	1
61.5596	ftp	536	1
61.5644	ftp	536	1
61.5651	voip	40	2
61.5664	video	103	1
61.5673	video	63	1
61.572	ftp	536	1
61.5767	ftp	536	1
61.5815	ftp	536	1
61.5826	gaming	89	1
61.5873	ftp	536	1
61.5921	ftp	536	1
61.5928	voip	40	2
61.594	gaming	93	2
61.5987	ftp	536	1
61.6034	ftp	536	1
61.6081	ftp	536	1
61.6129	ftp	536	1
61.6134	voip	15	1
61.6181	ftp	536	1
61.6229	ftp	536	1
61.6236	voip	40	2
61.6283	ftp	536	1
61.633	ftp	536	1
61.6378	ftp	536	1
61.6425	ftp	536	1
61.6472	ftp	536	1
61.6519	ftp	536	1
61.6566	ftp	536	1
61.6574	voip	40	2
61.6621	ftp	536	1
61.6668	ftp	536	1
61.6679	gaming	85	1
61.6687	voip	40	2
61.6695	video	51	1
61.6743	ftp	536	1
61.679	ftp	536	1
61.6805	gaming	134	2
61.6813	video	43	1
61.686	ftp	536	1
61.6907	ftp	536	1
61.6919	video	101	1
61.6944	video	250	1
61.6952	video	47	1
61.6999	ftp	536	1
61.7046	ftp	536	1
61.7054	voip	40	2
61.7101	ftp	536	1
61.7148	ftp	536	1
61.716	video	94	1
61.7207	ftp	536	1
61.7254	ftp	536	1
61.7265	video	80	1
61.7282	gaming	161	1
61.729	voip	40	2
61.7337	ftp	536	1
61.7384	ftp	536	1
61.7397	gaming	105	2
61.7409	video	94	1
61.7419	video	78	1
61.7427	video	44	1
61.7442	video	132	1
61.7465	video	230	1
61.7474	video	64	1
61.7521	ftp	536	1
61.7569	ftp	536	1
61.7616	ftp	536	1
61.7623	voip	40	2
61.7633	video	71	1
61.7642	video	54	1
61.7651	video	54	1
61.7698	ftp	536	1
61.7703	voip	15	1
61.772	gaming	156	1
61.7767	ftp	536	1
61.778	video	110	1
61.7828	ftp	536	1
61.7835	voip	40	2
61.7843	video	49	1
61.7851	video	46	1
61.786	video	49	1
61.7907	ftp	536	1
61.7925	gaming	169	2
61.7972	ftp	536	1
61.8019	ftp	536	1
61.8066	ftp	536	1
61.8074	voip	40	2
61.8121	ftp	536	1
61.8168	ftp	536	1
61.8215	ftp	536	1
61.8263	ftp	536	1
61.831	ftp	536	1
61.8357	ftp	536	1
61.8371	gaming	119	1
61.8378	voip	40	2
61.8426	ftp	536	1
61.8473	ftp	536	1
61.852	ftp	536	1
61.8567	ftp	536	1
61.8587	gaming	195	2
61.8595	voip	40	2
61.8642	ftp	536	1
61.8689	ftp	536	1
61.8736	ftp	536	1
61.8783	ftp	536	1
61.8799	gaming	145	1
61.8847	ftp	536	1
61.8894	ftp	536	1
61.8901	voip	40	2
61.8926	video	250	1
61.8939	video	112	1
61.8986	ftp	536	1
61.9033	ftp	536	1
61.9043	video	72	1
61.9055	gaming	98	2
61.9064	video	52	1
61.9111	ftp	536	1
61.9158	ftp	536	1
61.9167	video	51	1
61.9179	video	98	1
61.9186	voip	40	2
61.9195	video	48	1
61.9242	ftp	536	1
61.9289	ftp	536	1
61.9297	video	40	1
61.931	video	112	1
61.9357	ftp	536	1
61.9404	ftp	536	1
61.9413	video	60	1
61.9419	voip	15	1
61.9432	gaming	107	1
61.9439	voip	40	2
61.9452	video	100	1
61.9459	video	45	1
61.9467	video	40	1
61.9481	video	119	1
61.9493	video	98	1
61.9506	gaming	103	2
61.9553	ftp	536	1
61.96	ftp	536	1
61.9608	video	52	1
61.9619	video	80	1
61.9627	video	45	1
61.9642	video	130	1
61.9649	voip	40	2
61.9697	ftp	536	1
61.9744	ftp	536	1
61.9753	video	68	1
61.9766	gaming	107	1
61.9774	voip	40	2
61.9821	ftp	536	1
61.9836	gaming	130	2
61.9883	ftp	536	1
61.993	ftp	536	1
61.9977	ftp	536	1
62.0025	ftp	536	1
62.0072	ftp	536	1
62.0079	voip	40	2
62.0127	ftp	536	1
62.0174	ftp	536	1
62.0221	ftp	536	1
62.0268	ftp	536	1
62.0315	ftp	536	1
62.0363	ftp	536	1
62.041	ftp	536	1
62.0457	ftp	536	1
62.0462	voip	15	2
62.051	ftp	536	1
62.0557	ftp	536	1
62.0571	gaming	125	1
62.0585	gaming	113	2
62.0632	ftp	536	1
62.0679	ftp	536	1
62.0726	ftp	536	1
62.0773	ftp	536	1
62.0793	video	197	1
62.0818	video	250	1
62.0865	ftp	536	1
62.0912	ftp	536	1
62.0925	video	112	1
62.0931	voip	15	1
62.0978	ftp	536	1
62.1025	ftp	536	1
62.1034	video	53	1
62.1049	gaming	139	2
62.1097	ftp	536	1
62.1144	ftp	536	1
62.1152	video	46	1
62.1169	gaming	161	1
62.1177	video	46	1
62.1224	ftp	536	1
62.1271	ftp	536	1
62.1282	video	78	1
62.1329	ftp	536	1
62.1376	ftp	536	1
62.1385	video	55	1
62.1408	video	231	1
62.1419	video	90	1
62.1467	ftp	536	1
62.1514	ftp	536	1
62.1524	video	79	1
62.1535	video	73	1
62.1559	video	250	1
62.1606	ftp	536	1
62.1653	ftp	536	1
62.17	ftp	536	1
62.1716	gaming	137	2
62.1727	gaming	84	1
62.1735	video	45	1
62.1748	video	118	1
62.1773	video	250	1
62.1797	video	250	1
62.1805	video	47	1
62.1825	video	188	1
62.1872	ftp	536	1
62.1919	ftp	536	1
62.1966	ftp	536	1
62.1977	video	77	1
62.2024	ftp	536	1
62.2071	ftp	536	1
62.2118	ftp	536	1
62.2165	ftp	536	1
62.2171	voip	15	2
62.2218	ftp	536	1
62.2265	ftp	536	1
62.2278	gaming	107	2
62.2291	gaming	107	1
62.2338	ftp	536	1
62.2385	ftp	536	1
62.2433	ftp	536	1
62.248	ftp	536	1
62.2527	ftp	536	1
62.2574	ftp	536	1
62.2582	voip	40	1
62.2603	gaming	213	1
62.265	ftp	536	1
62.2698	ftp	536	1
62.2711	gaming	119	2
62.272	video	58	1
62.2731	video	76	1
62.2778	ftp	536	1
62.2825	ftp	536	1
62.2833	video	43	1
62.284	voip	40	1
62.2851	video	74	1
62.2898	ftp	536	1
62.2945	ftp	536	1
62.2958	video	113	1
62.298	video	214	1
62.299	video	67	1
62.3037	ftp	536	1
62.3084	ftp	536	1
62.3108	video	250	1
62.3155	ftp	536	1
62.3203	ftp	536	1
62.321	voip	40	1
62.3234	video	239	1
62.3253	gaming	191	1
62.33	ftp	536	1
62.3348	ftp	536	1
62.3355	video	44	1
62.3373	gaming	163	2
62.3391	video	179	1
62.3439	ftp	536	1
62.3486	ftp	536	1
62.35	video	124	1
62.3508	voip	40	1
62.3555	ftp	536	1
62.3602	ftp	536	1
62.3613	video	88	1
62.3623	video	67	1
62.3635	video	93	1
62.3682	ftp	536	1
62.3729	ftp	536	1
62.374	video	83	1
62.3752	video	88	1
62.3765	video	120	1
62.3774	video	49	1
62.3781	voip	40	1
62.3787	voip	15	2
62.3804	gaming	165	1
62.3817	gaming	109	2
62.3865	ftp	536	1
62.3875	video	73	1
62.3882	voip	40	1
62.3929	ftp	536	1
62.3977	ftp	536	1
62.4024	ftp	536	1
62.4071	ftp	536	1
62.4118	ftp	536	1
62.4165	ftp	536	1
62.4213	ftp	536	1
62.426	ftp	536	1
62.4307	ftp	536	1
62.4315	voip	40	1
62.4362	ftp	536	1
62.4409	ftp	536	1
62.4423	gaming	128	1
62.4438	gaming	126	2
62.4485	ftp	536	1
62.4532	ftp	536	1
62.454	voip	40	1
62.4587	ftp	536	1
62.4634	ftp	536	1
62.4681	ftp	536	1
62.4729	ftp	536	1
62.4736	voip	40	1
62.4744	video	46	1
62.4755	video	78	1
62.4802	ftp	536	1
62.4849	ftp	536	1
62.486	video	85	1
62.4873	gaming	107	1
62.4881	video	44	1
62.4895	gaming	120	2
62.4942	ftp	536	1
62.4989	ftp	536	1
62.4998	video	56	1
62.5006	voip	40	1
62.5026	video	197	1
62.5073	ftp	536	1
62.512	ftp	536	1
62.5129	video	60	1
62.5176	ftp	536	1
62.5224	ftp	536	1
62.5234	video	71	1
62.5248	video	131	1
62.5258	video	68	1
62.5266	voip	40	1
62.5313	ftp	536	1
62.536	ftp	536	1
62.5407	ftp	536	1
62.5415	video	45	1
62.5425	video	69	1
62.5449	video	250	1
62.5457	video	42	1
62.5468	video	87	1
62.5491	video	224	1
62.5499	video	47	1
62.5504	voip	15	2
62.5515	gaming	88	1
62.553	gaming	123	2
62.5537	voip	40	1
62.5584	ftp	536	1
62.5632	ftp	536	1
62.5679	ftp	536	1
62.5686	voip	40	1
62.5711	video	250	1
62.5719	video	45	1
62.5766	ftp	536	1
62.5813	ftp	536	1
62.5826	video	107	1
62.5841	gaming	134	1
62.5888	ftp	536	1
62.5914	gaming	267	2
62.5921	voip	40	1
62.5968	ftp	536	1
62.6016	ftp	536	1
62.6063	ftp	536	1
62.611	ftp	536	1
62.6157	ftp	536	1
62.6204	ftp	536	1
62.6252	ftp	536	1
62.6299	ftp	536	1
62.6306	voip	40	1
62.6354	ftp	536	1
62.6401	ftp	536	1
62.6448	ftp	536	1
62.6495	ftp	536	1
62.6542	ftp	536	1
62.6556	gaming	116	2
62.6567	gaming	88	1
62.6575	voip	40	1
62.6622	ftp	536	1
62.6669	ftp	536	1
62.6677	video	49	1
62.6725	ftp	536	1
62.6772	ftp	536	1
62.6779	voip	40	1
62.6788	video	52	1
62.6835	ftp	536	1
62.6882	ftp	536	1
62.6888	voip	15	2
62.6896	video	53	1
62.6944	ftp	536	1
62.6991	ftp	536	1
62.7005	gaming	124	1
62.7052	ftp	536	1
62.7099	ftp	536	1
62.7107	voip	40	1
62.7142	gaming	381	2
62.7166	video	250	1
62.7178	video	93	1
62.7225	ftp	536	1
62.7272	ftp	536	1
62.7297	video	250	1
62.7344	ftp	536	1
62.7391	ftp	536	1
62.7398	video	40	1
62.7412	video	119	1
62.742	video	41	1
62.7427	video	40	1
62.7435	voip	40	1
62.7482	ftp	536	1
62.7529	ftp	536	1
62.7577	ftp	536	1
62.7584	video	43	1
62.7609	video	250	1
62.7616	voip	40	1
62.7663	ftp	536	1
62.7676	gaming	103	2
62.7685	video	66	1
62.7704	video	173	1
62.7751	ftp	536	1
62.7798	ftp	536	1
62.7845	ftp	536	1
62.7859	gaming	118	1
62.7873	video	122	1
62.7881	video	40	1
62.7888	voip	40	1
62.7935	ftp	536	1
62.7949	video	117	1
62.7996	ftp	536	1
62.8043	ftp	536	1
62.8068	video	250	1
62.8076	video	49	1
62.81	video	250	1
62.8108	voip	40	1
62.8131	ftp	232	1
62.815	gaming	184	1
62.8174	gaming	246	2
62.8181	voip	40	1
62.8187	voip	15	2
62.8194	voip	40	1
62.8202	voip	40	1
62.8217	gaming	134	2
62.8235	gaming	169	1
62.8245	video	77	1
62.8253	video	42	1
62.826	voip	40	1
62.827	video	69	1
62.8278	video	47	1
62.8287	video	59	1
62.8295	video	48	1
62.832	video	250	1
62.8343	video	233	1
62.835	voip	40	1
62.8362	video	98	1
62.8383	gaming	198	2
62.8392	video	64	1
62.8406	gaming	120	1
62.8417	video	88	1
62.843	video	105	1
62.8438	voip	40	1
62.8448	video	82	1
62.8461	video	104	1
62.8469	video	49	1
62.8486	video	155	1
62.8494	video	42	1
62.8501	voip	40	1
62.8511	video	63	1
62.8525	gaming	124	2
62.8534	video	61	1
62.854	voip	15	2
62.8549	video	58	1
62.8556	voip	40	1
62.8575	gaming	184	1
62.8583	voip	40	1
62.8597	gaming	129	2
62.8605	voip	40	1
62.8617	gaming	95	1
62.8624	voip	40	1
62.8645	gaming	212	2
62.8656	video	77	1
62.868	video	250	1
62.8705	video	250	1
62.8714	video	59	1
62.8721	voip	40	1
62.8745	video	250	1
62.8761	video	146	1
62.877	video	48	1
62.8783	gaming	117	1
62.8796	video	102	1
62.8803	voip	40	1
62.8822	gaming	174	2
62.8829	video	40	1
62.8837	video	45	1
62.8849	video	93	1
62.8854	voip	15	2
62.8865	video	78	1
62.8889	video	90	1
62.891	voip	40	1
62.9012	video	64	1
62.9057	video	206	1
62.9108	video	92	1
62.9141	video	87	1
62.9172	voip	40	1
62.918	video	43	1
62.9216	gaming	103	2
62.9235	gaming	93	1
62.9259	video	250	1
62.9291	video	42	1
62.9435	voip	40	1
62.9697	voip	40	1
62.9725	gaming	93	2
62.9739	gaming	121	1
62.9959	voip	40	1
63.0221	voip	40	1
63.03	gaming	275	2
63.0308	video	42	1
63.0316	gaming	51	1
63.0325	video	64	1
63.0353	video	75	1
63.0392	video	129	1
63.0434	voip	15	2
63.0484	voip	40	1
63.0511	video	66	1
63.0636	video	64	1
63.0692	video	44	1
63.0744	voip	15	1
63.0765	video	44	1
63.0817	video	94	1
63.0859	gaming	141	2
63.0869	video	65	1
63.0883	video	49	1
63.0906	gaming	111	1
63.1007	video	42	1
63.1041	video	41	1
63.1111	video	45	1
63.1162	video	56	1
63.1226	video	206	1
63.1279	video	192	1
63.1307	video	222	1
63.1326	video	99	1
63.1357	video	42	1
63.1395	gaming	97	1
63.1498	gaming	127	2
63.198	gaming	158	1
63.2034	voip	15	2
63.229	gaming	151	2
63.2344	voip	15	1
63.2358	video	60	1
63.2406	video	44	1
63.2474	video	63	1
63.2495	gaming	100	1
63.2511	video	49	1
63.2551	video	80	1
63.2608	video	47	1
63.2676	video	76	1
63.2711	video	86	1
63.2741	video	91	1
63.2766	gaming	100	2
63.2806	video	250	1
63.2819	video	56	1
63.2875	video	48	1
63.2984	video	119	1
63.3048	gaming	134	1
63.3103	video	45	1
63.3133	video	47	1
63.316	video	68	1
63.32	video	157	1
63.322	video	54	1
63.3256	video	166	1
63.3308	gaming	124	2
63.335	video	250	1
63.3633	gaming	195	1
63.3638	voip	15	2
63.3828	gaming	125	2
63.3944	voip	15	1
63.4165	gaming	101	1
63.4298	gaming	128	2
63.4346	video	199	1
63.4373	video	70	1
63.4462	video	42	1
63.4503	video	52	1
63.4617	video	64	1
63.4663	video	128	1
63.4769	video	43	1
63.4822	video	250	1
63.484	gaming	166	2
63.4866	gaming	115	1
63.4934	video	94	1
63.4969	video	120	1
63.5032	video	71	1
63.5062	video	80	1
63.5102	video	97	1
63.5138	video	63	1
63.5177	video	129	1
63.5197	video	52	1
63.5234	voip	15	2
63.5322	video	57	1
63.5361	video	62	1
63.5404	video	44	1
63.5433	gaming	60	2
63.5504	gaming	209	1
63.5541	video	195	1
63.5546	voip	15	1
63.5937	gaming	108	2
63.6041	gaming	175	1
63.652	gaming	147	2
63.6541	video	196	1
63.6556	gaming	134	1
63.667	video	250	1
63.6698	video	227	1
63.6808	video	43	1
63.6834	voip	15	2
63.6853	video	56	1
63.6881	video	40	1
63.6945	video	94	1
63.6972	video	62	1
63.7007	video	42	1
63.7028	gaming	126	2
63.7091	gaming	171	1
63.7135	video	136	1
63.7144	voip	15	1
63.7157	video	52	1
63.719	video	60	1
63.7228	video	45	1
63.7271	video	128	1
63.7352	video	41	1
63.7396	video	48	1
63.7429	video	85	1
63.7552	video	55	1
63.7647	gaming	121	1
63.7657	video	76	1
63.768	video	83	1
63.776	gaming	151	2
63.8196	gaming	113	1
63.8419	gaming	135	2
63.8434	voip	15	2
63.8693	video	246	1
63.8717	gaming	128	1
63.8744	voip	15	1
63.8757	video	49	1
63.8809	video	81	1
63.8843	video	50	1
63.8887	video	250	1
63.8965	video	108	1
63.8976	gaming	84	2
63.8999	video	54	1
63.9029	video	114	1
63.907	video	115	1
63.9123	video	47	1
63.9154	video	67	1
63.9222	video	46	1
63.9263	video	43	1
63.9319	video	84	1
63.9337	gaming	119	1
63.9375	video	52	1
63.9407	video	80	1
63.9465	video	77	1
63.9534	video	70	1
63.9553	gaming	183	2
63.9584	video	88	1
63.9671	video	43	1
63.9927	gaming	124	1
64.0034	voip	15	2
64.0172	gaming	181	2
64.0346	voip	40	1
64.06	gaming	163	1
64.0608	voip	40	1
64.068	gaming	152	2
64.0693	video	101	1
64.0705	video	107	1
64.0741	video	250	1
64.0778	video	45	1
64.0812	video	98	1
64.0861	video	144	1
64.0871	voip	40	1
64.0897	video	60	1
64.0976	video	49	1
64.1096	video	40	1
64.1127	gaming	122	1
64.1135	video	48	1
64.1143	voip	40	1
64.1233	video	218	1
64.1246	video	48	1
64.128	video	52	1
64.1321	video	101	1
64.1376	video	87	1
64.1395	voip	40	1
64.1418	video	228	1
64.1428	gaming	79	2
64.144	video	81	1
64.1476	video	48	1
64.1532	video	105	1
64.1575	video	250	1
64.1634	voip	15	2
64.1657	voip	40	1
64.1735	gaming	219	1
64.192	voip	40	1
64.1981	gaming	158	2
64.2182	voip	40	1
64.2444	voip	40	1
64.248	gaming	156	2
64.2559	video	42	1
64.2574	gaming	138	1
64.2669	video	187	1
64.2707	voip	40	1
64.2753	video	67	1
64.2881	video	107	1
64.2945	video	250	1
64.2969	voip	40	1
64.2993	video	51	1
64.3051	gaming	158	2
64.3088	video	132	1
64.3113	video	40	1
64.3152	video	79	1
64.3192	gaming	180	1
64.3216	video	250	1
64.3231	voip	40	1
64.3237	voip	15	2
64.3317	video	126	1
64.3357	video	250	1
64.34	video	195	1
64.35	video	160	1
64.3507	voip	40	1
64.352	video	77	1
64.3556	video	91	1
64.365	gaming	156	2
64.3678	video	47	1
64.3756	voip	40	1
64.3776	gaming	113	1
64.3805	video	77	1
64.3829	video	61	1
64.3917	video	73	1
64.4018	voip	40	1
64.4178	gaming	125	2
64.428	voip	40	1
64.4337	gaming	117	1
64.4543	voip	40	1
64.4805	voip	40	1
64.4834	voip	15	2
64.4854	gaming	196	2
64.4916	video	59	1
64.5017	gaming	119	1
64.5024	video	40	1
64.504	video	55	1
64.5067	voip	40	1
64.5076	video	55	1
64.5121	video	142	1
64.5198	video	109	1
64.5263	video	250	1
64.5314	video	54	1
64.533	voip	40	1
64.5397	video	56	1
64.5443	video	48	1
64.5555	gaming	85	2
64.5563	video	48	1
64.5592	voip	40	1
64.5603	video	80	1
64.5718	gaming	136	1
64.5727	video	53	1
64.5756	video	65	1
64.5782	video	43	1
64.5854	voip	40	1
64.5905	video	49	1
64.5944	video	47	1
64.6023	gaming	64	2
64.6039	video	145	1
64.6116	voip	40	1
64.6147	video	51	1
64.6181	video	77	1
64.6278	gaming	133	1
64.6379	voip	40	1
64.6434	voip	15	2
64.6641	voip	40	1
64.6666	gaming	103	2
64.6782	gaming	189	1
64.6903	voip	40	1
64.7166	voip	40	1
64.718	video	70	1
64.7214	video	97	1
64.7261	video	208	1
64.7289	video	94	1
64.7299	gaming	73	2
64.7315	gaming	99	1
64.7333	video	51	1
64.7365	video	66	1
64.7428	voip	40	1
64.7483	video	97	1
64.7591	video	43	1
64.7628	video	51	1
64.7688	voip	15	1
64.7748	video	76	1
64.7782	video	98	1
64.7817	video	154	1
64.7842	video	64	1
64.7857	gaming	117	1
64.7896	video	45	1
64.7953	gaming	69	2
64.8023	video	66	1
64.8034	voip	15	2
64.8065	video	131	1
64.8095	video	104	1
64.8172	video	52	1
64.8225	video	49	1
64.8253	video	84	1
64.85	gaming	163	1
64.8557	gaming	115	2
64.9105	gaming	100	1
64.9157	gaming	242	2
64.9253	video	86	1
64.9288	voip	15	1
64.939	video	228	1
64.9406	video	54	1
64.9456	video	52	1
64.9484	video	50	1
64.9609	video	54	1
64.9634	voip	15	2
64.9641	video	40	1
64.9668	gaming	130	1
64.968	gaming	100	2
64.9704	video	250	1
64.972	video	75	1
64.978	video	167	1
64.9817	video	130	1
64.9936	video	52	1
64.9975	video	63	1
65	video	44	1
65.0129	video	92	1
65.0169	gaming	138	2
65.0182	video	49	1
65.0209	video	41	1
65.0248	gaming	140	1
65.0267	video	54	1
65.0331	video	40	1
65.0369	video	181	1
65.0729	gaming	136	2
65.087	gaming	155	1
65.0888	voip	15	1
65.1234	voip	15	2
65.1327	gaming	117	2
65.1375	video	250	1
65.1388	gaming	108	1
65.1402	video	73	1
65.1448	video	101	1
65.1481	video	46	1
65.1523	video	144	1
65.1591	video	119	1
65.1612	video	57	1
65.1736	video	56	1
65.1769	video	113	1
65.1802	video	57	1
65.1845	gaming	91	2
65.1927	video	58	1
65.1978	video	55	1
65.1997	gaming	184	1
65.2026	video	83	1
65.2149	video	53	1
65.2252	video	250	1
65.2363	video	71	1
65.2476	video	178	1
65.2488	voip	15	1
65.2541	gaming	157	2
65.2557	gaming	118	1
65.257	video	42	1
65.2659	video	250	1
65.2676	video	62	1
65.2834	voip	15	2
65.3014	gaming	74	2
65.3045	gaming	102	1
65.3586	gaming	226	2
65.3675	video	58	1
65.3706	gaming	113	1
65.3716	video	68	1
65.377	video	60	1
65.3803	video	53	1
65.383	video	46	1
65.3858	video	90	1
65.3996	video	250	1
65.4007	video	43	1
65.4035	video	42	1
65.4088	voip	15	1
65.4102	video	119	1
65.4176	video	66	1
65.4244	gaming	195	2
65.4254	video	80	1
65.427	gaming	143	1
65.4278	video	47	1
65.4329	video	72	1
65.4434	voip	15	2
65.4452	video	51	1
65.4493	video	43	1
65.4538	video	53	1
65.4578	video	88	1
65.4631	video	41	1
65.4728	video	72	1
65.4788	gaming	122	2
65.4965	gaming	104	1
65.5289	gaming	144	2
65.5548	gaming	140	1
65.569	voip	40	1
65.5726	video	48	1
65.5767	video	187	1
65.5797	gaming	118	2
65.5822	video	69	1
65.5949	video	85	1
65.5954	voip	15	1
65.5978	video	114	1
65.6005	video	64	1
65.6034	voip	15	2
65.6066	gaming	110	1
65.6074	video	50	1
65.6092	video	40	1
65.614	video	96	1
65.6191	video	204	1
65.6211	video	83	1
65.6245	video	110	1
65.6294	video	145	1
65.6351	video	108	1
65.6391	video	130	1
65.6457	video	168	1
65.6481	gaming	162	2
65.6489	video	42	1
65.6507	video	45	1
65.6543	video	60	1
65.658	video	187	1
65.6619	gaming	148	1
65.7053	gaming	67	2
65.7506	gaming	115	1
65.7551	voip	15	1
65.7569	video	42	1
65.7598	video	53	1
65.7634	voip	15	2
65.7648	gaming	122	2
65.769	video	212	1
65.7746	video	191	1
65.7825	video	250	1
65.7914	video	237	1
65.7951	video	127	1
65.8014	video	50	1
65.8039	video	47	1
65.8068	video	41	1
65.8097	gaming	121	1
65.811	video	110	1
65.8147	video	63	1
65.8182	video	42	1
65.8232	video	104	1
65.8315	video	78	1
65.8359	video	197	1
65.8381	video	70	1
65.8399	gaming	139	2
65.8498	video	114	1
65.853	video	181	1
65.8563	video	118	1
65.8688	gaming	141	1
65.9048	gaming	120	2
65.9153	gaming	79	1
65.9159	voip	15	1
65.9234	voip	15	2
65.9557	video	42	1
65.9609	video	72	1
65.9695	gaming	214	2
65.9734	video	79	1
65.978	gaming	157	1
65.9794	video	43	1
65.9831	video	92	1
65.9923	video	61	1
65.9978	video	250	1
65.9994	video	134	1
66.0037	video	49	1
66.014	video	141	1
66.024	video	125	1
66.026	video	45	1
66.0277	gaming	153	2
66.0312	video	40	1
66.0376	video	250	1
66.0389	gaming	110	1
66.0397	video	42	1
66.0496	video	139	1
66.0537	video	250	1
66.0592	video	41	1
66.0636	video	40	1
66.067	video	43	1
66.0751	voip	15	1
66.0834	voip	15	2
66.0847	gaming	112	2
66.0893	gaming	193	1
66.1346	gaming	104	2
66.1394	gaming	90	1
66.167	video	42	1
66.1722	video	41	1
66.1787	video	236	1
66.1826	gaming	102	2
66.1835	video	53	1
66.1873	video	250	1
66.1982	video	51	1
66.204	gaming	156	1
66.2067	video	70	1
66.2126	video	99	1
66.218	video	250	1
66.2205	video	92	1
66.2273	video	50	1
66.2353	voip	40	1
66.2401	video	95	1
66.2429	video	84	1
66.2435	voip	15	2
66.246	gaming	153	2
66.2519	gaming	269	1
66.2552	video	63	1
66.2586	video	148	1
66.2615	voip	40	1
66.2626	video	88	1
66.2667	video	48	1
66.2801	video	165	1
66.2857	video	79	1
66.2877	voip	40	1
66.2885	video	40	1
66.3057	gaming	117	1
66.3073	gaming	151	2
66.3139	voip	40	1
66.3402	voip	40	1
66.3567	gaming	117	1
66.365	gaming	273	2
66.3664	voip	40	1
66.3882	video	67	1
66.3915	video	61	1
66.3926	voip	40	1
66.3943	video	81	1
66.3993	video	48	1
66.4034	voip	15	2
66.4042	video	49	1
66.4078	video	70	1
66.413	video	250	1
66.4189	voip	40	1
66.4207	gaming	172	2
66.4218	gaming	91	1
66.4232	video	51	1
66.4324	video	84	1
66.4412	video	168	1
66.4436	video	146	1
66.4451	voip	40	1
66.4507	video	43	1
66.4632	video	40	1
66.4707	gaming	122	1
66.4719	gaming	96	2
66.4726	voip	40	1
66.4763	video	109	1
66.4789	video	77	1
66.4829	video	74	1
66.4946	video	43	1
66.4976	voip	40	1
66.5003	video	62	1
66.5043	video	74	1
66.5123	video	245	1
66.5238	voip	40	1
66.5278	gaming	129	2
66.5376	gaming	116	1
66.55	voip	40	1
66.5634	voip	15	2
66.5762	voip	40	1
66.5866	gaming	231	2
66.5947	gaming	128	1
66.6025	voip	40	1
66.6124	video	250	1
66.6241	video	250	1
66.6265	video	83	1
66.6287	voip	40	1
66.6311	video	250	1
66.6324	video	45	1
66.6413	gaming	189	2
66.643	video	152	1
66.6443	video	40	1
66.6471	video	53	1
66.6507	video	46	1
66.6545	video	114	1
66.6553	voip	40	1
66.6575	video	133	1
66.6624	video	44	1
66.6679	video	103	1
66.6729	video	250	1
66.6755	video	186	1
66.6771	gaming	139	1
66.6779	video	45	1
66.6806	video	50	1
66.6814	voip	40	1
66.692	video	73	1
66.6958	video	180	1
66.6998	gaming	253	2
66.7007	video	46	1
66.7074	voip	40	1
66.7236	voip	40	2
66.7336	voip	40	1
66.739	gaming	159	1
66.7482	gaming	430	2
66.7498	voip	40	2
66.7598	voip	40	1
66.776	voip	40	2
66.7861	voip	40	1
66.7942	gaming	183	1
66.8009	gaming	138	2
66.8017	video	40	1
66.8022	voip	15	2
66.805	video	54	1
66.8088	video	48	1
66.8123	voip	40	1
66.8212	video	41	1
66.8304	video	182	1
66.8363	video	51	1
66.8385	voip	40	1
66.8428	video	55	1
66.8509	video	69	1
66.8567	video	250	1
66.8595	gaming	103	1
66.8604	video	48	1
66.8627	gaming	235	2
66.8635	video	43	1
66.8648	voip	40	1
66.8676	video	171	1
66.8712	video	250	1
66.8802	video	250	1
66.8857	video	46	1
66.891	voip	40	1
66.8998	video	250	1
66.9061	video	124	1
66.9109	video	40	1
66.913	gaming	165	1
66.9145	gaming	127	2
66.9175	video	75	1
66.9182	voip	40	1
66.9297	video	44	1
66.9435	voip	40	1
66.9621	voip	15	2
66.9667	gaming	237	2
66.9697	voip	40	1
66.9858	gaming	258	1
66.9959	voip	40	1
67.0221	voip	40	1
67.0247	gaming	112	2
67.0303	video	110	1
67.0341	video	63	1
67.0369	video	95	1
67.0388	gaming	139	1
67.0415	video	59	1
67.0464	video	58	1
67.0484	voip	40	1
67.0527	video	177	1
67.0606	video	164	1
67.0627	video	97	1
67.0687	video	63	1
67.0746	voip	40	1
67.0758	video	98	1
67.0815	gaming	90	2
67.0891	video	250	1
67.0913	video	54	1
67.0944	gaming	81	1
67.0967	video	116	1
67.0994	video	102	1
67.1008	voip	40	1
67.1022	video	78	1
67.1079	video	44	1
67.1204	video	44	1
67.1221	voip	15	2
67.1244	video	68	1
67.1271	voip	40	1
67.1295	gaming	84	2
67.1307	video	43	1
67.1378	video	250	1
67.1497	gaming	120	1
67.1533	voip	40	1
67.1795	voip	40	1
67.1906	gaming	227	2
67.2047	gaming	126	1
67.2057	voip	40	1
67.232	voip	40	1
67.2363	video	57	1
67.2399	video	57	1
67.253	video	135	1
67.2558	gaming	254	2
67.2582	video	54	1
67.2589	voip	40	1
67.2622	video	45	1
67.2669	gaming	146	1
67.2714	video	250	1
67.2747	video	55	1
67.2791	video	250	1
67.2821	voip	15	2
67.2844	voip	40	1
67.2872	video	40	1
67.2898	video	45	1
67.2935	video	65	1
67.2979	video	111	1
67.3054	video	55	1
67.3078	gaming	120	2
67.3093	video	45	1
67.3107	voip	40	1
67.3127	video	57	1
67.3174	video	40	1
67.3206	gaming	241	1
67.3238	video	59	1
67.3265	video	62	1
67.3331	video	45	1
67.3361	video	65	1
67.3369	voip	40	1
67.3631	voip	40	1
67.3707	gaming	122	1
67.376	gaming	156	2
67.3894	voip	40	1
67.4156	voip	40	1
67.4272	gaming	172	2
67.4301	gaming	175	1
67.436	video	57	1
67.4398	video	53	1
67.4418	voip	40	1
67.4426	video	50	1
67.4432	voip	15	2
67.4479	video	40	1
67.4527	video	250	1
67.4547	video	41	1
67.4608	video	42	1
67.468	voip	40	1
67.4698	video	63	1
67.4826	gaming	105	2
67.4836	video	62	1
67.485	gaming	127	1
67.4868	video	164	1
67.4943	voip	40	1
67.4951	video	47	1
67.5023	video	43	1
67.5085	video	52	1
67.5139	video	250	1
67.516	video	41	1
67.5198	video	191	1
67.5205	voip	40	1
67.526	video	143	1
67.5311	video	192	1
67.5326	video	57	1
67.5349	gaming	134	2
67.5452	video	70	1
67.5467	voip	40	1
67.5563	gaming	195	1
67.573	voip	40	1
67.583	gaming	150	2
67.5992	voip	40	1
67.6021	voip	15	2
67.6156	gaming	107	1
67.6254	voip	40	1
67.6389	gaming	142	2
67.6467	video	250	1
67.6516	voip	40	1
67.6563	video	86	1
67.661	video	68	1
67.6651	video	130	1
67.6695	gaming	95	1
67.6725	video	53	1
67.6765	video	57	1
67.6779	voip	40	1
67.6789	video	43	1
67.6917	video	70	1
67.6936	gaming	183	2
67.6964	video	42	1
67.7009	video	55	1
67.7034	video	42	1
67.7041	voip	40	1
67.7086	video	173	1
67.7167	gaming	121	1
67.7189	video	90	1
67.7303	voip	40	1
67.7316	video	98	1
67.7361	video	173	1
67.7409	gaming	138	2
67.7492	video	250	1
67.7509	video	66	1
67.7562	video	223	1
67.757	voip	40	1
67.7579	video	62	1
67.7621	voip	15	2
67.7703	video	73	1
67.7761	gaming	169	1
67.7828	voip	40	1
67.7888	gaming	131	2
67.809	voip	40	1
67.827	gaming	163	1
67.8353	voip	40	1
67.8442	gaming	175	2
67.8615	voip	40	1
67.8701	video	52	1
67.8739	video	73	1
67.8771	gaming	174	1
67.879	video	57	1
67.8877	voip	40	1
67.8896	video	109	1
67.9019	video	81	1
67.9086	video	55	1
67.91	gaming	125	2
67.9139	voip	40	1
67.9212	video	66	1
67.9221	voip	15	2
67.9336	video	55	1
67.9402	voip	40	1
67.9414	video	101	1
67.9442	gaming	186	1
67.9548	video	250	1
67.9613	video	134	1
67.9651	video	205	1
67.9666	video	65	1
67.9673	voip	40	1
67.9702	video	99	1
67.9717	gaming	114	2
67.9755	video	66	1
67.9835	video	55	1
67.9909	video	132	1
67.9924	gaming	89	1
67.9932	voip	40	1
67.9946	video	126	1
67.9996	video	42	1
68.007	video	42	1
68.0189	voip	40	1
68.031	gaming	146	2
68.0451	voip	40	1
68.0713	voip	40	1
68.0803	gaming	197	1
68.0821	voip	15	2
68.0976	voip	40	1
68.1002	gaming	174	2
68.1076	video	116	1
68.1102	video	90	1
68.1138	video	40	1
68.1196	video	48	1
68.1228	video	72	1
68.1238	voip	40	1
68.1294	video	250	1
68.1335	gaming	103	1
68.1362	video	45	1
68.1451	video	54	1
68.15	voip	40	1
68.1581	video	142	1
68.1604	video	84	1
68.1649	video	209	1
68.1669	gaming	141	2
68.1688	video	69	1
68.1739	video	123	1
68.1764	video	116	1
68.1771	voip	40	1
68.1792	video	72	1
68.182	video	43	1
68.1916	gaming	116	1
68.1954	video	151	1
68.1975	video	52	1
68.2025	voip	40	1
68.21	video	47	1
68.2129	video	65	1
68.2226	gaming	103	2
68.2287	voip	40	1
68.2425	gaming	95	1
68.243	voip	15	2
68.2549	voip	40	1
68.2707	gaming	107	2
68.2812	voip	40	1
68.2969	gaming	149	1
68.3074	voip	40	1
68.313	video	86	1
68.3165	video	73	1
68.3221	video	250	1
68.3279	gaming	144	2
68.329	video	72	1
68.3336	voip	40	1
68.3414	video	84	1
68.3437	video	55	1
68.3484	video	250	1
68.3499	gaming	136	1
68.3507	video	42	1
68.3535	video	63	1
68.3598	voip	40	1
68.366	video	60	1
68.3719	video	70	1
68.3771	video	84	1
68.3843	gaming	68	2
68.3865	video	126	1
68.3872	voip	40	1
68.3902	video	42	1
68.4013	gaming	71	1
68.4021	voip	15	2
68.403	video	56	1
68.406	video	43	1
68.4123	voip	40	1
68.419	video	250	1
68.4218	video	91	1
68.4342	video	75	1
68.4367	video	67	1
68.4385	voip	40	1
68.4442	gaming	175	2
68.4648	voip	40	1
68.4678	gaming	136	1
68.491	voip	40	1
68.4965	gaming	93	2
68.5172	voip	40	1
68.521	gaming	156	1
68.5365	video	41	1
68.5435	voip	40	1
68.549	video	47	1
68.5522	video	42	1
68.5544	gaming	201	2
68.5583	video	95	1
68.5621	voip	15	2
68.5648	video	41	1
68.5676	video	57	1
68.5697	voip	40	1
68.5775	video	58	1
68.5795	gaming	100	1
68.5819	video	214	1
68.5838	video	47	1
68.5867	video	71	1
68.5901	video	69	1
68.5932	video	42	1
68.5959	voip	40	1
68.5982	video	67	1
68.6019	video	59	1
68.6085	gaming	91	2
68.6158	video	234	1
68.6221	voip	40	1
68.627	video	60	1
68.6307	video	57	1
68.6344	video	84	1
68.6374	video	59	1
68.6463	gaming	79	1
68.6484	voip	40	1
68.6497	video	42	1
68.6719	gaming	139	2
68.6746	voip	40	1
68.7008	voip	40	1
68.7048	gaming	138	1
68.7221	voip	15	2
68.7267	gaming	112	2
68.7274	voip	40	1
68.7498	video	50	1
68.7533	voip	40	1
68.7581	video	75	1
68.7642	gaming	186	1
68.7651	video	56	1
68.7761	video	77	1
68.7795	voip	40	1
68.7822	video	250	1
68.7869	gaming	134	2
68.7932	video	67	1
68.7971	video	41	1
68.8057	voip	40	1
68.8089	video	98	1
68.8147	gaming	121	1
68.8164	video	96	1
68.8211	video	63	1
68.8243	video	47	1
68.832	voip	40	1
68.8369	video	61	1
68.8388	gaming	120	2
68.8432	video	142	1
68.8478	video	60	1
68.8529	video	195	1
68.8559	video	44	1
68.8582	voip	40	1
68.8604	video	205	1
68.8643	video	45	1
68.8706	gaming	111	1
68.8714	video	47	1
68.8737	video	46	1
68.8821	voip	15	2
68.8844	voip	40	1
68.8914	gaming	72	2
68.9107	voip	40	1
68.9226	gaming	113	1
68.9369	voip	40	1
68.9532	gaming	181	2
68.9631	voip	40	1
68.9736	video	44	1
68.9756	gaming	193	1
68.9789	video	178	1
68.9864	video	250	1
68.9894	voip	40	1
68.9949	video	93	1
68.9989	video	41	1
69.0051	video	62	1
69.0155	gaming	89	2
69.0163	voip	40	1
69.0178	video	88	1
69.021	video	88	1
69.03	gaming	155	1
69.0334	video	76	1
69.0364	video	122	1
69.0392	video	140	1
69.0418	voip	40	1
69.0432	video	125	1
69.0438	voip	15	2
69.0453	video	51	1
69.05	video	102	1
69.0634	video	215	1
69.0667	video	175	1
69.068	voip	40	1
69.0696	gaming	103	2
69.0706	video	65	1
69.0766	video	56	1
69.0811	video	250	1
69.0831	gaming	198	1
69.0922	video	70	1
69.0943	voip	40	1
69.1205	voip	40	1
69.1234	gaming	205	2
69.1401	gaming	167	1
69.1467	voip	40	1
69.173	voip	40	1
69.1787	gaming	107	2
69.1921	video	55	1
69.1992	voip	40	1
69.2022	video	250	1
69.2028	voip	15	2
69.2039	video	87	1
69.2066	video	98	1
69.2099	video	43	1
69.2192	video	80	1
69.2254	voip	40	1
69.2304	gaming	86	1
69.2316	video	69	1
69.2385	video	57	1
69.2406	gaming	105	2
69.2439	video	49	1
69.2516	voip	40	1
69.2565	video	57	1
69.2689	video	43	1
69.2731	video	44	1
69.2779	voip	40	1
69.2803	video	45	1
69.2861	video	174	1
69.2981	video	106	1
69.2997	gaming	122	1
69.3013	gaming	149	2
69.3041	voip	40	1
69.306	video	71	1
69.3149	video	239	1
69.3174	video	237	1
69.3284	video	49	1
69.3303	voip	40	1
69.3416	video	131	1
69.3552	gaming	311	1
69.3566	voip	40	1
69.3621	voip	15	2
69.3651	gaming	162	2
69.3828	voip	40	1
69.409	voip	40	1
69.4244	gaming	196	2
69.4254	gaming	75	1
69.4353	voip	40	1
69.4425	video	250	1
69.4509	video	142	1
69.4548	video	46	1
69.4594	video	194	1
69.4615	voip	40	1
69.4673	video	52	1
69.4704	gaming	197	2
69.4731	video	53	1
69.4784	video	249	1
69.4804	video	49	1
69.4834	gaming	216	1
69.4848	video	110	1
69.4877	voip	40	1
69.496	video	65	1
69.5001	video	110	1
69.5124	video	74	1
69.5139	voip	40	1
69.5213	gaming	183	2
69.5237	video	250	1
69.5242	voip	15	2
69.5335	video	44	1
69.5375	video	58	1
69.5402	voip	40	1
69.5515	video	250	1
69.5531	gaming	140	1
69.5562	video	250	1
69.5579	video	43	1
69.5666	video	93	1
69.5673	voip	40	1
69.5701	video	57	1
69.5778	gaming	253	2
69.5926	voip	40	1
69.616	gaming	164	1
69.6189	voip	40	1
69.6273	gaming	184	2
69.6451	voip	40	1
69.6705	video	107	1
69.6718	gaming	115	1
69.6726	voip	40	1
69.6768	video	110	1
69.6825	gaming	209	2
69.683	voip	15	2
69.6845	video	62	1
69.6884	video	83	1
69.6935	video	250	1
69.6952	video	44	1
69.6976	voip	40	1
69.7015	video	61	1
69.7059	video	250	1
69.712	video	48	1
69.717	video	143	1
69.7216	video	46	1
69.7238	voip	40	1
69.7246	video	42	1
69.7342	video	250	1
69.7363	gaming	79	1
69.7452	gaming	299	2
69.7461	video	59	1
69.749	video	63	1
69.75	voip	40	1
69.7577	video	250	1
69.7637	video	164	1
69.7657	video	76	1
69.7691	video	67	1
69.7738	video	72	1
69.7762	voip	40	1
69.7965	gaming	100	1
69.7985	gaming	87	2
69.8025	voip	40	1
69.8287	voip	40	1
69.8421	voip	15	2
69.8458	gaming	132	1
69.8549	voip	40	1
69.857	gaming	211	2
69.8737	video	66	1
69.8812	voip	40	1
69.8867	video	120	1
69.8974	video	48	1
69.9003	gaming	197	1
69.9012	video	58	1
69.9074	voip	40	1
69.91	gaming	273	2
69.9111	video	82	1
69.9119	video	53	1
69.9148	video	90	1
69.9195	video	48	1
69.9321	video	64	1
69.9336	voip	40	1
69.9346	video	40	1
69.9415	video	45	1
69.9472	video	41	1
69.9531	gaming	167	1
69.9541	video	76	1
69.9598	voip	40	1
69.9646	gaming	97	2
69.9654	video	50	1
69.9709	video	233	1
69.9725	video	70	1
69.9815	video	106	1
69.9861	voip	40	1
69.992	video	67	1
69.9969	video	58	1
70.0017	video	250	1
70.0023	voip	15	2
70.0125	gaming	94	1
70.0132	voip	40	1
70.0269	gaming	132	2
70.0385	voip	40	1
70.0648	voip	40	1
70.0667	gaming	118	1
70.091	voip	40	1
70.0929	gaming	143	2
70.1001	video	51	1
70.1031	video	82	1
70.1063	video	103	1
70.1172	voip	40	1
70.1188	video	98	1
70.1223	video	100	1
70.1269	video	105	1
70.1306	video	97	1
70.1432	video	110	1
70.1439	voip	40	1
70.1455	gaming	143	1
70.1471	gaming	141	2
70.1559	video	135	1
70.1636	video	250	1
70.1641	voip	15	2
70.1663	video	194	1
70.1697	voip	40	1
70.1731	video	42	1
70.186	video	93	1
70.1959	voip	40	1
70.1982	video	61	1
70.2005	gaming	218	1
70.2027	gaming	117	2
70.2108	video	73	1
70.217	video	53	1
70.2214	video	250	1
70.2221	voip	40	1
70.2282	video	80	1
70.2343	video	170	1
70.236	video	46	1
70.2484	voip	40	1
70.2555	gaming	94	1
70.2739	gaming	257	2
70.2746	voip	40	1
70.3008	voip	40	1
70.3038	gaming	136	1
70.3221	voip	15	2
70.3271	voip	40	1
70.3288	gaming	164	2
70.3361	video	59	1
70.3459	video	43	1
70.3486	video	41	1
70.3526	video	40	1
70.3534	voip	40	1
70.356	gaming	160	1
70.3569	video	60	1
70.3681	video	192	1
70.3721	gaming	161	2
70.3793	video	250	1
70.3801	voip	40	1
70.3836	video	74	1
70.3962	video	83	1
70.4057	voip	40	1
70.4081	gaming	173	1
70.4091	video	71	1
70.413	video	47	1
70.4168	video	56	1
70.4202	video	130	1
70.4215	gaming	98	2
70.4228	video	62	1
70.4276	video	237	1
70.432	voip	40	1
70.4389	video	82	1
70.4443	video	92	1
70.4514	video	44	1
70.4547	video	42	1
70.4575	video	52	1
70.4583	voip	40	1
70.4728	gaming	260	1
70.4743	gaming	140	2
70.4821	voip	15	2
70.4844	voip	40	1
70.5107	voip	40	1
70.5266	gaming	233	1
70.5369	voip	40	1
70.5387	gaming	177	2
70.5588	video	211	1
70.5631	voip	40	1
70.5702	video	79	1
70.5736	gaming	110	1
70.5745	video	60	1
70.5816	video	43	1
70.5856	gaming	98	2
70.5866	video	43	1
70.5893	video	55	1
70.59	voip	40	1
70.5983	video	180	1
70.6012	video	51	1
70.6044	video	126	1
70.6156	voip	40	1
70.6175	video	180	1
70.6189	video	41	1
70.6236	video	40	1
70.6262	video	43	1
70.6305	video	43	1
70.6331	gaming	177	1
70.6358	video	250	1
70.6383	video	182	1
70.6396	gaming	100	2
70.6414	video	176	1
70.6422	voip	40	1
70.6427	voip	15	2
70.6445	video	49	1
70.6523	video	131	1
70.6551	video	87	1
70.668	voip	40	1
70.6886	gaming	105	1
70.692	gaming	145	2
70.6943	voip	40	1
70.7205	voip	40	1
70.7385	gaming	90	2
70.7425	gaming	227	1
70.7467	voip	40	1
70.7564	video	250	1
70.7587	video	66	1
70.763	video	53	1
70.7675	video	208	1
70.7723	video	78	1
70.773	voip	40	1
70.7847	video	64	1
70.7897	video	51	1
70.7915	gaming	163	2
70.7937	gaming	128	1
70.7955	video	43	1
70.7992	voip	40	1
70.8021	voip	15	2
70.808	video	45	1
70.8108	video	74	1
70.8145	video	91	1
70.8189	video	250	1
70.8242	video	45	1
70.8254	voip	40	1
70.831	video	42	1
70.8409	video	169	1
70.8471	gaming	166	2
70.848	video	61	1
70.8496	video	78	1
70.8525	gaming	220	1
70.8532	voip	40	1
70.854	video	46	1
70.8666	video	149	1
70.8706	video	56	1
70.8779	voip	40	1
70.9011	gaming	53	1
70.9041	voip	40	1
70.9118	gaming	131	2
70.9303	voip	40	1
70.9566	voip	40	1
70.9621	voip	15	2
70.9673	gaming	203	1
70.9707	video	70	1
70.9788	gaming	127	2
70.98	video	51	1
70.9828	voip	40	1
70.9926	video	68	1
70.9981	video	250	1
71.0044	video	45	1
71.009	voip	40	1
71.0186	video	250	1
71.0231	video	47	1
71.0259	video	43	1
71.0327	gaming	120	1
71.0353	voip	40	1
71.0401	video	250	1
71.0412	video	46	1
71.0446	video	45	1
71.0478	gaming	120	2
71.0498	video	50	1
71.0551	video	176	1
71.0594	video	62	1
71.0615	voip	40	1
71.0699	video	250	1
71.073	video	140	1
71.0763	video	43	1
71.0846	video	45	1
71.0877	voip	40	1
71.0894	gaming	156	1
71.0972	video	52	1
71.1009	video	40	1
71.1046	gaming	104	2
71.1139	voip	40	1
71.1221	voip	15	2
71.1402	voip	40	1
71.1436	gaming	108	1
71.1571	gaming	161	2
71.1664	voip	40	1
71.1926	voip	40	1
71.2013	video	89	1
71.2098	gaming	127	2
71.2118	gaming	139	1
71.2134	video	40	1
71.2163	video	40	1
71.2189	voip	40	1
71.2197	video	46	1
71.2316	video	104	1
71.2349	video	64	1
71.2413	video	46	1
71.2451	voip	40	1
71.2486	video	126	1
71.2508	video	43	1
71.2541	video	48	1
71.2683	gaming	319	1
71.2697	gaming	127	2
71.2711	video	115	1
71.2718	voip	40	1
71.2759	video	41	1
71.279	video	40	1
71.2821	voip	15	2
71.2833	video	100	1
71.2941	video	146	1
71.2973	video	49	1
71.2981	voip	40	1
71.3002	video	44	1
71.3033	video	51	1
71.3083	video	108	1
71.3107	video	69	1
71.3128	gaming	138	1
71.3238	voip	40	1
71.3261	gaming	162	2
71.35	voip	40	1
71.3762	voip	40	1
71.3782	gaming	184	1
71.3818	gaming	130	2
71.4025	voip	40	1
71.4107	video	61	1
71.4149	video	84	1
71.42	video	62	1
71.4275	video	47	1
71.4287	voip	40	1
71.4339	gaming	145	1
71.4411	video	177	1
71.4421	voip	15	2
71.4485	video	43	1
71.4502	gaming	164	2
71.4528	video	65	1
71.4549	voip	40	1
71.4659	video	142	1
71.4726	video	57	1
71.4793	video	46	1
71.4812	voip	40	1
71.4829	video	59	1
71.4873	video	103	1
71.4938	gaming	123	2
71.4998	video	95	1
71.5091	video	250	1
71.5098	voip	40	1
71.5111	gaming	110	1
71.5121	video	70	1
71.5191	video	162	1
71.5208	video	54	1
71.5248	video	209	1
71.5295	video	102	1
71.5332	video	250	1
71.534	voip	40	1
71.544	gaming	150	2
71.5598	voip	40	1
71.5615	gaming	100	1
71.5861	voip	40	1
71.6021	voip	15	2
71.6057	gaming	236	2
71.6123	voip	40	1
71.6227	gaming	117	1
71.6332	video	250	1
71.6359	video	250	1
71.6375	video	40	1
71.6385	voip	40	1
71.6422	video	180	1
71.644	video	49	1
71.6528	gaming	131	2
71.6571	video	128	1
71.6636	video	69	1
71.6648	voip	40	1
71.6689	video	40	1
71.677	video	190	1
71.6785	video	42	1
71.6823	gaming	67	1
71.6926	video	250	1
71.6932	voip	15	1
71.6952	video	55	1
71.7017	video	250	1
71.7029	video	63	1
71.7069	gaming	139	2
71.711	video	250	1
71.7195	video	72	1
71.7224	video	112	1
71.7267	video	42	1
71.7296	video	61	1
71.734	video	107	1
71.7399	gaming	142	1
71.7621	voip	15	2
71.768	gaming	152	2
71.7911	gaming	168	1
71.8243	gaming	184	2
71.8335	video	45	1
71.846	video	53	1
71.8494	gaming	87	1
71.8514	video	193	1
71.8519	voip	15	1
71.853	video	78	1
71.8586	video	130	1
71.8609	video	51	1
71.8671	video	63	1
71.8705	video	41	1
71.878	video	72	1
71.8792	gaming	99	2
71.8804	video	49	1
71.8842	video	185	1
71.8867	video	41	1
71.8909	video	217	1
71.8928	video	99	1
71.8968	video	121	1
71.9066	video	86	1
71.9119	gaming	144	1
71.919	video	76	1
71.9221	voip	15	2
71.9246	video	157	1
71.9276	video	209	1
71.9316	gaming	103	2
71.9331	video	59	1
71.9605	gaming	101	1
72.0008	gaming	128	2
72.0108	voip	15	1
72.0332	gaming	190	1
72.0344	video	90	1
72.0359	video	76	1
72.0392	video	40	1
72.05	gaming	150	2
72.052	video	81	1
72.0566	video	160	1
72.0597	video	47	1
72.0722	video	50	1
72.0784	video	55	1
72.0831	gaming	167	1
72.0836	voip	15	2
72.0873	video	79	1
72.1	video	116	1
72.1036	gaming	106	2
72.1101	video	87	1
72.1223	video	40	1
72.1253	video	96	1
72.1302	video	55	1
72.1321	gaming	167	1
72.1352	video	90	1
72.1384	video	55	1
72.1461	video	46	1
72.1547	video	250	1
72.1629	gaming	141	2
72.1657	video	72	1
72.1683	video	52	1
72.1708	voip	15	1
72.2011	gaming	175	1
72.223	gaming	150	2
72.2421	voip	15	2
72.2599	gaming	149	1
72.2684	video	63	1
72.273	video	250	1
72.2744	gaming	121	2
72.2756	video	43	1
72.2785	video	59	1
72.2826	video	211	1
72.2939	video	58	1
72.302	video	48	1
72.3119	video	250	1
72.3164	video	47	1
72.322	video	250	1
72.3253	gaming	201	1
72.3306	gaming	98	2
72.3324	video	177	1
72.333	voip	15	1
72.3384	video	58	1
72.349	video	250	1
72.3524	video	100	1
72.3621	video	51	1
72.3666	video	67	1
72.3706	video	92	1
72.3732	gaming	181	1
72.38	gaming	156	2
72.3828	video	57	1
72.3876	video	250	1
72.3965	video	71	1
72.4021	voip	15	2
72.4239	gaming	146	1
72.431	gaming	153	2
72.4837	gaming	125	1
72.4882	gaming	178	2
72.4908	voip	15	1
72.4967	video	103	1
72.5087	video	43	1
72.5139	video	42	1
72.5264	video	59	1
72.5337	video	69	1
72.5376	gaming	108	1
72.5384	video	48	1
72.5439	gaming	132	2
72.5446	video	40	1
72.5571	video	83	1
72.5598	video	58	1
72.5621	voip	15	2
72.5724	video	62	1
72.5767	video	42	1
72.5844	video	108	1
72.5876	video	167	1
72.5934	video	250	1
72.5954	gaming	88	1
72.5969	gaming	131	2
72.5984	video	136	1
72.6018	video	250	1
72.6091	video	235	1
72.6103	video	48	1
72.6142	video	43	1
72.6185	video	250	1
72.6508	voip	15	1
72.6549	gaming	152	1
72.6561	gaming	86	2
72.7065	gaming	219	1
72.7081	gaming	151	2
72.7185	video	250	1
72.7221	voip	15	2
72.7295	video	64	1
72.7407	video	250	1
72.744	video	250	1
72.7452	video	72	1
72.75	video	84	1
72.754	video	42	1
72.7583	video	47	1
72.7618	gaming	125	2
72.7632	gaming	123	1
72.7669	video	60	1
72.772	video	218	1
72.7795	video	128	1
72.7828	video	74	1
72.787	video	40	1
72.7906	video	96	1
72.8027	video	46	1
72.8067	video	117	1
72.8105	video	172	1
72.8111	voip	15	1
72.8149	video	87	1
72.8251	gaming	170	1
72.8284	video	207	1
72.8307	gaming	107	2
72.8398	video	75	1
72.8761	gaming	174	1
72.8821	voip	15	2
72.8868	gaming	128	2
72.927	gaming	158	1
72.9398	video	70	1
72.9525	video	103	1
72.9569	video	59	1
72.9603	gaming	193	2
72.9612	video	57	1
72.9677	video	46	1
72.9708	voip	15	1
72.9719	video	90	1
72.9769	video	154	1
72.9827	video	170	1
72.9856	gaming	109	1
72.9905	video	104	1
72.9962	video	250	1
73.0072	video	58	1
73.0173	video	102	1
73.0193	gaming	199	2
73.0294	video	60	1
73.0327	video	44	1
73.039	gaming	157	1
73.0407	video	160	1
73.0421	voip	15	2
73.0434	video	112	1
73.045	video	40	1
73.0575	video	40	1
73.061	video	148	1
73.0658	video	43	1
73.0744	gaming	77	2
73.0937	gaming	119	1
73.1308	voip	15	1
73.1334	gaming	204	2
73.1664	video	117	1
73.1736	gaming	115	1
73.1782	video	245	1
73.1881	video	48	1
73.1922	video	84	1
73.1932	gaming	71	2
73.1955	video	144	1
73.201	video	48	1
73.2021	voip	15	2
73.2046	video	66	1
73.2186	video	250	1
73.2245	video	117	1
73.227	gaming	156	1
73.2365	video	50	1
73.2436	gaming	104	2
73.2489	video	58	1
73.2618	video	111	1
73.2693	video	56	1
73.2728	video	166	1
73.2793	video	94	1
73.2805	gaming	97	1
73.2842	video	250	1
73.2853	video	58	1
73.2877	video	44	1
73.2908	voip	15	1
73.2953	gaming	189	2
73.2981	video	43	1
73.3123	video	250	1
73.3437	gaming	127	1
73.3559	gaming	133	2
73.3621	voip	15	2
73.3996	gaming	114	1
73.4117	video	174	1
73.4137	video	69	1
73.4159	gaming	217	2
73.4176	video	158	1
73.4198	video	97	1
73.4245	video	108	1
73.4281	video	228	1
73.4351	video	250	1
73.4373	video	51	1
73.4489	video	42	1
73.4508	voip	15	1
73.4525	video	125	1
73.4555	video	44	1
73.4584	gaming	86	1
73.4625	video	250	1
73.4659	video	131	1
73.4678	video	41	1
73.4739	video	45	1
73.4772	video	59	1
73.4877	gaming	119	2
73.4896	video	40	1
73.494	video	56	1
73.4967	video	40	1
73.5035	video	96	1
73.5199	gaming	147	1
73.5221	voip	15	2
73.5513	gaming	185	2
73.5768	gaming	139	1
73.6032	video	52	1
73.607	video	146	1
73.6088	video	46	1
73.6108	voip	15	1
73.6131	gaming	159	2
73.6175	video	107	1
73.6215	video	77	1
73.6247	video	83	1
73.6286	gaming	235	1
73.6331	video	118	1
73.645	video	40	1
73.6576	video	44	1
73.6608	video	46	1
73.6665	video	68	1
73.669	video	59	1
73.6703	gaming	112	2
73.6736	video	61	1
73.6821	video	134	1
73.6827	voip	15	2
73.6941	video	61	1
73.6978	gaming	139	1
73.7064	video	46	1
73.7095	video	100	1
73.7145	video	250	1
73.7254	video	54	1
73.7267	gaming	108	2
73.7292	video	47	1
73.754	gaming	166	1
73.7708	voip	15	1
73.781	gaming	156	2
73.8109	gaming	149	1
73.8293	video	62	1
73.8376	video	250	1
73.8421	voip	15	2
73.8431	video	55	1
73.845	gaming	150	2
73.8488	video	82	1
73.861	video	49	1
73.8626	gaming	107	1
73.864	video	48	1
73.8719	video	43	1
73.875	video	43	1
73.8858	video	51	1
73.8892	video	47	1
73.892	video	68	1
73.8962	video	128	1
73.8992	video	89	1
73.906	gaming	152	2
73.9073	video	110	1
73.9086	video	53	1
73.9158	gaming	140	1
73.9173	video	86	1
73.921	video	49	1
73.9252	video	48	1
73.9289	video	43	1
73.9308	voip	15	1
73.932	video	60	1
73.9598	gaming	256	2
73.9748	gaming	134	1
74.0023	voip	40	2
74.0266	gaming	111	1
74.0285	voip	40	2
74.0319	video	51	1
74.0347	gaming	119	2
74.0413	video	250	1
74.0522	video	47	1
74.0547	voip	40	2
74.0558	video	79	1
74.0665	video	61	1
74.0727	video	250	1
74.0741	gaming	122	1
74.081	voip	40	2
74.0819	video	48	1
74.088	video	46	1
74.0899	gaming	141	2
74.0908	voip	15	1
74.0999	video	63	1
74.1036	video	51	1
74.1072	voip	40	2
74.109	video	103	1
74.1194	video	250	1
74.121	video	124	1
74.1329	video	56	1
74.1337	voip	40	2
74.1391	video	55	1
74.1407	gaming	127	1
74.1473	video	40	1
74.1504	video	65	1
74.153	gaming	154	2
74.1541	video	81	1
74.1566	video	55	1
74.1597	voip	40	2
74.1706	video	250	1
74.1859	voip	40	2
74.197	gaming	160	1
74.205	gaming	150	2
74.2121	voip	40	2
74.2383	voip	40	2
74.2508	voip	15	1
74.2553	gaming	193	1
74.2569	gaming	148	2
74.2646	voip	40	2
74.269	video	49	1
74.2723	video	65	1
74.2779	video	239	1
74.2804	video	214	1
74.2839	video	250	1
74.2874	video	53	1
74.2908	video	45	1
74.2916	voip	40	2
74.2976	video	54	1
74.3004	video	73	1
74.3047	gaming	118	1
74.3059	gaming	102	2
74.3083	video	250	1
74.3097	video	54	1
74.3133	video	85	1
74.317	voip	40	2
74.3254	video	42	1
74.3313	video	57	1
74.335	video	103	1
74.3385	video	48	1
74.3433	voip	40	2
74.3478	video	250	1
74.3487	video	42	1
74.3525	video	41	1
74.3556	gaming	105	2
74.3583	gaming	192	1
74.3636	video	68	1
74.3695	voip	40	2
74.3957	voip	40	2
74.4108	voip	15	1
74.4162	gaming	177	2
74.4176	gaming	120	1
74.4219	voip	40	2
74.4482	voip	40	2
74.4643	video	159	1
74.4685	video	69	1
74.4697	gaming	100	1
74.472	gaming	145	2
74.4744	voip	40	2
74.4757	video	52	1
74.4786	video	40	1
74.4824	video	46	1
74.4876	video	183	1
74.4907	video	103	1
74.5006	voip	40	2
74.5028	video	55	1
74.5071	video	66	1
74.5164	video	48	1
74.5179	gaming	141	1
74.5192	video	56	1
74.5232	video	45	1
74.5269	voip	40	2
74.5344	gaming	74	2
74.5357	video	51	1
74.5481	video	40	1
74.5513	video	67	1
74.5531	voip	40	2
74.5556	video	116	1
74.5675	video	42	1
74.5707	video	47	1
74.5712	voip	15	1
74.5793	voip	40	2
74.582	gaming	145	2
74.5842	video	180	1
74.5871	gaming	179	1
74.5896	video	250	1
74.6056	voip	40	2
74.6318	voip	40	2
74.6405	gaming	103	1
74.6426	gaming	99	2
74.658	voip	40	2
74.6842	voip	40	2
74.6864	video	50	1
74.6945	gaming	218	2
74.696	gaming	128	1
74.6989	video	47	1
74.7028	video	108	1
74.7092	video	77	1
74.7105	voip	40	2
74.7121	video	46	1
74.7247	video	66	1
74.7273	video	50	1
74.7307	video	44	1
74.7312	voip	15	1
74.7341	video	119	1
74.7362	video	46	1
74.7369	voip	40	2
74.7469	gaming	149	1
74.7494	video	161	1
74.7506	gaming	100	2
74.7556	video	250	1
74.7612	video	250	1
74.7629	voip	40	2
74.7721	video	49	1
74.7753	video	40	1
74.7784	video	51	1
74.7892	voip	40	2
74.7908	video	42	1
74.7995	gaming	222	1
74.8022	gaming	172	2
74.8037	video	81	1
74.8064	video	67	1
74.8154	voip	40	2
74.8193	video	245	1
74.8416	voip	40	2
74.8564	gaming	201	2
74.8631	gaming	167	1
74.8679	voip	40	2
74.8908	voip	15	1
74.8941	voip	40	2
74.9136	gaming	106	2
74.9178	video	58	1
74.9205	gaming	100	1
74.9213	voip	40	2
74.9233	video	127	1
74.9301	video	42	1
74.9355	video	72	1
74.9395	video	63	1
74.9425	video	78	1
74.9459	video	52	1
74.9466	voip	40	2
74.9485	video	57	1
74.9512	video	46	1
74.9652	video	232	1
74.9675	video	155	1
74.9686	gaming	75	2
74.9697	video	87	1
74.9718	gaming	137	1
74.9728	voip	40	2
74.9821	video	106	1
74.9877	video	208	1
74.9942	video	59	1
74.999	voip	40	2
75.0066	video	55	1
75.0095	video	40	1
75.0143	video	41	1
75.018	video	106	1
75.0254	video	250	1
75.0262	voip	40	2
75.0277	gaming	108	2
75.0421	gaming	178	1
75.051	voip	40	1
75.0517	voip	40	2
75.0771	gaming	157	2
75.0778	voip	40	1
75.0786	voip	40	2
75.0994	gaming	80	1
75.1035	voip	40	1
75.1042	voip	40	2
75.1238	video	43	1
75.1297	voip	40	1
75.1304	voip	40	2
75.1379	video	250	1
75.1417	gaming	116	2
75.1457	video	48	1
75.1559	voip	40	1
75.1567	voip	40	2
75.1584	video	80	1
75.1632	video	250	1
75.1676	gaming	116	1
75.1741	video	51	1
75.1821	voip	40	1
75.1829	voip	40	2
75.1875	video	250	1
75.1902	video	44	1
75.196	video	99	1
75.1979	gaming	140	2
75.1988	video	51	1
75.2065	video	91	1
75.2084	voip	40	1
75.2091	voip	40	2
75.2119	video	148	1
75.2134	gaming	80	1
75.2154	video	85	1
75.2233	video	172	1
75.23	video	63	1
75.2336	video	62	1
75.2346	voip	40	1
75.2354	voip	40	2
75.2414	video	76	1
75.2442	video	54	1
75.2494	video	68	1
75.2557	video	92	1
75.2575	gaming	82	2
75.2608	voip	40	1
75.2616	voip	40	2
75.2735	gaming	92	1
75.2871	voip	40	1
75.2878	voip	40	2
75.3133	voip	40	1
75.314	voip	40	2
75.3161	gaming	164	2
75.3338	gaming	132	1
75.3395	voip	40	1
75.3403	voip	40	2
75.3554	video	59	1
75.3593	video	155	1
75.3628	video	55	1
75.3657	voip	40	1
75.3665	voip	40	2
75.3683	video	174	1
75.371	video	165	1
75.3725	gaming	127	2
75.3759	video	117	1
75.3826	video	79	1
75.386	video	120	1
75.3895	video	89	1
75.392	voip	40	1
75.3927	voip	40	2
75.3947	video	156	1
75.4001	gaming	169	1
75.408	video	250	1
75.4182	voip	40	1
75.419	voip	40	2
75.4197	video	40	1
75.4314	video	50	1
75.4368	gaming	123	2
75.4376	video	49	1
75.4401	video	45	1
75.4444	voip	40	1
75.4452	voip	40	2
75.4475	video	233	1
75.4495	video	54	1
75.462	video	60	1
75.4636	gaming	138	1
75.4662	video	58	1
75.4707	voip	40	1
75.4715	video	46	1
75.4722	voip	40	2
75.4961	gaming	168	2
75.4969	voip	40	1
75.4976	voip	40	2
75.5176	gaming	236	1
75.5231	voip	40	1
75.5239	voip	40	2
75.5494	voip	40	1
75.5501	voip	40	2
75.5628	gaming	124	2
75.5725	video	250	1
75.5734	video	48	1
75.5756	voip	40	1
75.5763	voip	40	2
75.5815	gaming	93	1
75.5868	video	162	1
75.5984	video	44	1
75.6018	voip	40	1
75.6026	voip	40	2
75.6106	video	85	1
75.6132	video	43	1
75.6186	video	133	1
75.6206	video	61	1
75.6276	video	41	1
75.6283	voip	40	1
75.6291	voip	40	2
75.6305	gaming	125	1
75.6316	video	75	1
75.6342	video	101	1
75.6393	gaming	193	2
75.6409	video	43	1
75.6535	video	57	1
75.6543	voip	40	1
75.655	voip	40	2
75.6675	video	250	1
75.6708	video	175	1
75.6759	video	222	1
75.6806	video	56	1
75.6813	voip	40	1
75.6821	voip	40	2
75.684	video	72	1
75.6861	gaming	167	1
75.6897	video	250	1
75.6915	video	62	1
75.7042	gaming	171	2
75.7067	voip	40	1
75.7075	voip	40	2
75.733	voip	40	1
75.7348	gaming	171	1
75.7355	voip	40	2
75.7592	voip	40	1
75.7599	voip	40	2
75.7638	gaming	123	2
75.7858	gaming	136	1
75.7866	voip	40	1
75.7873	voip	40	2
75.7913	video	41	1
75.8006	video	62	1
75.8068	video	73	1
75.8116	video	103	1
75.8123	voip	40	1
75.8131	voip	40	2
75.8156	video	250	1
75.8187	video	250	1
75.8279	gaming	133	2
75.8295	video	44	1
75.8329	video	40	1
75.8379	voip	40	1
75.8387	video	44	1
75.8394	voip	40	2
75.8437	video	47	1
75.8456	gaming	110	1
75.8507	video	192	1
75.862	video	50	1
75.8641	voip	40	1
75.8649	voip	40	2
75.867	video	99	1
75.8704	video	172	1
75.8789	video	82	1
75.8832	video	57	1
75.8866	video	72	1
75.8882	gaming	148	2
75.8903	voip	40	1
75.8911	voip	40	2
75.8923	video	47	1
75.8968	video	157	1
75.9	video	67	1
75.9066	gaming	111	1
75.9166	voip	40	1
75.9173	voip	40	2
75.9428	voip	40	1
75.9435	voip	40	2
75.9451	gaming	140	2
75.9636	gaming	230	1
75.969	voip	40	1
75.9698	voip	40	2
75.9953	voip	40	1
75.996	voip	40	2
75.9999	video	51	1
76.0024	video	44	1
76.0052	video	58	1
76.0083	video	67	1
76.0125	gaming	210	2
76.0133	video	47	1
76.0159	video	42	1
76.0198	gaming	138	1
76.0215	voip	40	1
76.0222	voip	40	2
76.029	video	108	1
76.0335	video	250	1
76.0368	video	250	1
76.0479	video	76	1
76.0487	voip	40	1
76.0494	voip	40	2
76.0523	video	53	1
76.055	video	46	1
76.0612	video	52	1
76.0687	video	42	1
76.0718	gaming	127	2
76.0739	voip	40	1
76.0747	voip	40	2
76.079	gaming	157	1
76.0815	video	86	1
76.0873	video	239	1
76.0931	video	41	1
76.1002	voip	40	1
76.1009	voip	40	2
76.1057	video	59	1
76.1134	video	250	1
76.1186	gaming	97	2
76.1209	video	40	1
76.1264	voip	40	1
76.1272	voip	40	2
76.1419	gaming	149	1
76.1526	voip	40	1
76.1534	voip	40	2
76.1789	voip	40	1
76.1796	voip	40	2
76.1831	gaming	157	2
76.1889	gaming	143	1
76.2051	voip	40	1
76.2058	voip	40	2
76.2215	video	111	1
76.225	video	41	1
76.2305	video	95	1
76.2311	voip	15	1
76.2319	voip	40	2
76.2341	video	121	1
76.2354	gaming	102	2
76.2398	video	63	1
76.2475	gaming	94	1
76.2538	video	250	1
76.2578	video	183	1
76.2586	voip	40	2
76.2604	video	70	1
76.266	video	73	1
76.2697	video	46	1
76.2722	video	48	1
76.2753	video	54	1
76.2806	video	43	1
76.2842	voip	40	2
76.289	video	178	1
76.2939	video	105	1
76.2966	gaming	231	2
76.3036	video	62	1
76.3085	gaming	228	1
76.3095	video	63	1
76.3105	voip	40	2
76.3116	video	50	1
76.3247	video	134	1
76.3296	video	50	1
76.3367	voip	40	2
76.3524	gaming	81	2
76.3629	voip	40	2
76.3769	gaming	148	1
76.3892	voip	40	2
76.3911	voip	15	1
76.4057	gaming	109	2
76.4154	voip	40	2
76.4312	video	250	1
76.4331	video	81	1
76.4362	gaming	188	1
76.437	video	42	1
76.4389	video	82	1
76.4416	voip	40	2
76.4474	video	90	1
76.45	video	55	1
76.4545	video	104	1
76.4598	gaming	130	2
76.4611	video	100	1
76.4631	video	79	1
76.4657	video	90	1
76.4679	voip	40	2
76.4686	video	40	1
76.4749	video	41	1
76.48	video	41	1
76.4827	video	46	1
76.4883	video	45	1
76.4923	video	126	1
76.4941	voip	40	2
76.4949	video	48	1
76.4965	gaming	141	1
76.4985	video	65	1
76.5041	video	250	1
76.5125	gaming	84	2
76.5154	video	91	1
76.5203	voip	40	2
76.5465	voip	40	2
76.5511	voip	15	1
76.5585	gaming	96	1
76.5728	voip	40	2
76.5872	gaming	179	2
76.599	voip	40	2
76.615	video	41	1
76.618	video	58	1
76.6238	gaming	136	1
76.6252	voip	40	2
76.6305	video	52	1
76.6372	video	116	1
76.6493	video	75	1
76.6515	voip	40	2
76.6528	gaming	114	2
76.6632	video	250	1
76.6672	video	113	1
76.6777	voip	40	2
76.6795	video	84	1
76.6836	video	69	1
76.6875	video	159	1
76.6893	gaming	171	1
76.6991	video	48	1
76.7037	gaming	108	2
76.7047	video	71	1
76.7054	voip	40	2
76.7066	video	87	1
76.7111	voip	15	1
76.714	video	250	1
76.7248	video	44	1
76.7301	voip	40	2
76.7321	video	57	1
76.7356	video	94	1
76.7493	video	250	1
76.7515	video	85	1
76.7549	gaming	150	1
76.7566	gaming	154	2
76.7573	voip	40	2
76.7583	video	70	1
76.7826	voip	40	2
76.8088	gaming	129	2
76.8096	voip	40	2
76.8176	gaming	116	1
76.8351	voip	40	2
76.8567	video	59	1
76.8616	video	99	1
76.8624	voip	40	2
76.8642	video	83	1
76.8684	gaming	73	2
76.8712	video	250	1
76.8717	voip	15	1
76.8752	gaming	187	1
76.8821	video	154	1
76.8875	voip	40	2
76.8884	video	54	1
76.8933	video	91	1
76.8984	video	250	1
76.9008	video	183	1
76.9129	video	249	1
76.9138	voip	40	2
76.9169	gaming	141	2
76.9182	video	100	1
76.9207	video	155	1
76.9223	video	42	1
76.934	video	123	1
76.9385	video	43	1
76.94	voip	40	2
76.942	gaming	164	1
76.9488	video	190	1
76.951	video	86	1
76.9535	video	65	1
76.9584	video	48	1
76.9641	gaming	161	2
76.9662	voip	40	2
76.9717	video	139	1
76.9924	voip	40	2
76.9944	gaming	84	1
77.0117	gaming	108	2
77.0187	voip	40	2
77.0313	voip	40	1
77.0449	voip	40	2
77.0467	gaming	175	1
77.0576	voip	40	1
77.0709	video	49	1
77.0717	voip	40	2
77.0745	video	61	1
77.0772	video	55	1
77.0786	gaming	118	2
77.0806	video	74	1
77.0838	voip	40	1
77.0855	video	149	1
77.0972	video	49	1
77.098	voip	40	2
77.1049	video	65	1
77.1075	gaming	100	1
77.1083	video	40	1
77.11	voip	40	1
77.1213	video	101	1
77.1236	voip	40	2
77.1244	video	45	1
77.1272	video	75	1
77.1348	gaming	126	2
77.1362	voip	40	1
77.1398	video	85	1
77.1484	video	46	1
77.1498	voip	40	2
77.1553	video	41	1
77.1585	video	59	1
77.1599	gaming	128	1
77.1625	voip	40	1
77.1636	video	41	1
77.1687	video	250	1
77.1709	video	58	1
77.176	voip	40	2
77.181	video	81	1
77.1845	video	93	1
77.1887	voip	40	1
77.1936	gaming	98	2
77.2023	voip	40	2
77.2149	voip	40	1
77.227	gaming	166	1
77.2285	voip	40	2
77.2412	voip	40	1
77.2486	gaming	104	2
77.2547	voip	40	2
77.2674	voip	40	1
77.281	voip	40	2
77.2841	video	42	1
77.2856	gaming	107	1
77.2873	video	57	1
77.2947	video	250	1
77.2955	voip	40	1
77.2979	video	250	1
77.3022	video	65	1
77.3072	voip	40	2
77.3101	gaming	164	2
77.3129	video	136	1
77.3194	video	41	1
77.3201	voip	40	1
77.3242	video	48	1
77.3334	voip	40	2
77.3346	gaming	97	1
77.3365	video	106	1
77.3406	video	70	1
77.3447	video	139	1
77.3461	voip	40	1
77.3566	video	73	1
77.3597	voip	40	2
77.3616	video	187	1
77.3642	video	211	1
77.3668	gaming	272	2
77.3684	video	142	1
77.3723	voip	40	1
77.3732	video	53	1
77.3791	video	250	1
77.3805	video	61	1
77.3841	video	45	1
77.3859	voip	40	2
77.3876	video	104	1
77.3967	gaming	128	1
77.3985	voip	40	1
77.4121	voip	40	2
77.4248	voip	40	1
77.4284	gaming	202	2
77.4383	voip	40	2
77.451	voip	40	1
77.4555	gaming	96	1
77.4646	voip	40	2
77.4772	voip	40	1
77.4873	video	71	1
77.49	video	42	1
77.4908	voip	40	2
77.4946	gaming	98	2
77.496	video	53	1
77.4998	video	62	1
77.5035	voip	40	1
77.5086	video	247	1
77.5104	gaming	89	1
77.5129	video	250	1
77.517	voip	40	2
77.5231	video	78	1
77.5297	voip	40	1
77.5355	video	60	1
77.5433	voip	40	2
77.5478	video	40	1
77.5525	gaming	92	2
77.5534	video	49	1
77.5559	voip	40	1
77.5609	video	42	1
77.5698	gaming	133	1
77.5705	voip	40	2
77.5735	video	54	1
77.5763	video	45	1
77.5809	video	250	1
77.5819	video	45	1
77.5826	voip	40	1
77.5898	video	250	1
77.5943	video	55	1
77.5957	voip	40	2
77.6066	video	56	1
77.6079	gaming	107	2
77.6086	voip	40	1
77.6107	video	84	1
77.6159	video	110	1
77.6217	gaming	118	1
77.6224	voip	40	2
77.6346	voip	40	1
77.6482	voip	40	2
77.6608	voip	40	1
77.6695	gaming	92	2
77.6744	voip	40	2
77.6777	gaming	125	1
77.6871	voip	40	1
77.7006	voip	40	2
77.7131	voip	15	1
77.7155	video	51	1
77.7177	gaming	110	2
77.7197	video	100	1
77.7231	video	45	1
77.7257	video	55	1
77.7269	voip	40	2
77.7298	video	171	1
77.7344	gaming	210	1
77.7413	video	47	1
77.7439	video	48	1
77.7466	video	40	1
77.7513	video	236	1
77.7528	video	109	1
77.7536	voip	40	2
77.7655	video	154	1
77.7691	video	54	1
77.7793	voip	40	2
77.7814	gaming	80	2
77.7824	video	68	1
77.7867	gaming	122	1
77.7895	video	250	1
77.8002	video	48	1
77.8056	video	70	1
77.8064	voip	40	2
77.8099	video	47	1
77.8183	video	187	1
77.8299	gaming	139	2
77.831	video	86	1
77.8318	voip	40	2
77.8335	video	45	1
77.8358	gaming	135	1
77.858	voip	40	2
77.8731	voip	15	1
77.8797	gaming	118	2
77.8842	voip	40	2
77.8915	gaming	99	1
77.9105	voip	40	2
77.9339	video	92	1
77.9367	voip	40	2
77.9376	video	63	1
77.9418	video	66	1
77.9457	gaming	112	2
77.9475	video	64	1
77.95	video	43	1
77.9529	video	95	1
77.9549	gaming	195	1
77.9573	video	250	1
77.9582	video	49	1
77.9608	video	49	1
77.9629	voip	40	2
77.9692	video	250	1
77.9703	video	54	1
77.9731	video	81	1
77.9761	video	83	1
77.9816	video	178	1
77.9839	video	40	1
77.9892	voip	40	2
77.9969	video	108	1
78.0003	gaming	57	2
78.0091	video	64	1
78.0121	video	62	1
78.0154	voip	40	2
78.0209	gaming	143	1
78.0239	video	155	1
78.0326	video	109	1
78.0331	voip	15	1
78.0416	voip	40	2
78.0519	gaming	132	2
78.0677	voip	15	2
78.0814	gaming	80	1
78.1117	gaming	119	2
78.1324	video	87	1
78.1389	video	250	1
78.1451	video	117	1
78.1461	gaming	68	1
78.1534	video	73	1
78.1558	video	52	1
78.1609	video	40	1
78.1653	video	188	1
78.1674	video	86	1
78.1767	gaming	111	2
78.1797	video	58	1
78.1836	video	150	1
78.1882	video	88	1
78.1931	voip	15	1
78.1999	video	66	1
78.2088	gaming	135	1
78.2096	video	44	1
78.2173	video	53	1
78.2207	video	62	1
78.2251	video	250	1
78.2277	voip	15	2
78.2296	video	69	1
78.2316	gaming	106	2
78.2409	video	69	1
78.2449	video	71	1
78.2475	video	69	1
78.2727	gaming	243	1
78.2841	gaming	169	2
78.3308	gaming	138	1
78.3426	gaming	98	2
78.3479	video	122	1
78.3531	voip	15	1
78.3539	video	48	1
78.3605	video	53	1
78.3705	video	123	1
78.3732	video	88	1
78.3767	video	41	1
78.3811	video	49	1
78.3855	gaming	99	1
78.3877	voip	15	2
78.3939	video	91	1
78.4	video	203	1
78.4042	video	189	1
78.4066	gaming	251	2
78.4074	video	41	1
78.4097	video	111	1
78.4125	video	92	1
78.4166	video	80	1
78.4205	video	89	1
78.4257	video	250	1
78.435	video	40	1
78.4403	video	250	1
78.4417	gaming	118	1
78.4517	video	113	1
78.4549	video	111	1
78.4617	gaming	114	2
78.4893	gaming	201	1
78.5131	voip	15	1
78.5209	gaming	258	2
78.5477	voip	15	2
78.554	gaming	157	1
78.555	video	70	1
78.5577	video	106	1
78.5662	video	98	1
78.5749	video	47	1
78.5782	video	61	1
78.5803	gaming	66	2
78.5833	video	81	1
78.5956	video	47	1
78.6076	gaming	109	1
78.6084	video	45	1
78.6109	video	89	1
78.6132	video	43	1
78.6193	video	52	1
78.6286	video	44	1
78.6317	video	41	1
78.6349	gaming	138	2
78.6357	video	41	1
78.6392	video	56	1
78.6516	video	43	1
78.6561	video	250	1
78.6586	gaming	116	1
78.6655	video	41	1
78.6712	video	110	1
78.6738	video	114	1
78.6744	voip	15	1
78.688	gaming	147	2
78.7077	voip	15	2
78.7124	gaming	90	1
78.7506	gaming	101	2
78.7669	gaming	150	1
78.7732	video	40	1
78.7814	video	48	1
78.7893	video	44	1
78.7919	video	40	1
78.7981	gaming	162	2
78.8005	video	250	1
78.8019	video	106	1
78.8049	video	104	1
78.8099	video	43	1
78.8176	video	78	1
78.8222	video	52	1
78.824	gaming	155	1
78.8331	voip	15	1
78.8356	video	160	1
78.8456	video	45	1
78.8492	video	53	1
78.8538	video	47	1
78.8566	video	69	1
78.8595	video	86	1
78.8679	gaming	140	2
78.8685	voip	15	2
78.8713	video	51	1
78.877	video	51	1
78.8788	gaming	135	1
78.8841	video	250	1
78.8871	video	42	1
78.9335	gaming	98	1
78.9347	gaming	95	2
78.9871	video	45	1
78.9908	video	86	1
78.9931	voip	15	1
78.9941	video	71	1
78.9996	gaming	100	2
79.0046	gaming	107	1
79.0057	video	85	1
79.009	video	54	1
79.0148	video	59	1
79.0272	video	46	1
79.0277	voip	15	2
79.0411	video	220	1
79.0458	video	46	1
79.0558	gaming	131	1
79.0599	video	250	1
79.0612	gaming	104	2
79.0652	video	250	1
79.0671	video	115	1
79.0749	video	250	1
79.076	video	59	1
79.09	video	250	1
79.092	video	64	1
79.0958	video	194	1
79.0977	video	99	1
79.1046	video	169	1
79.1062	gaming	150	1
79.1121	video	44	1
79.1164	gaming	196	2
79.1531	voip	15	1
79.1663	gaming	186	2
79.1688	gaming	130	1
79.1877	voip	15	2
79.213	gaming	271	2
79.2148	video	181	1
79.2157	video	58	1
79.2177	video	44	1
79.2259	gaming	146	1
79.231	video	145	1
79.2426	video	40	1
79.2554	video	70	1
79.2675	video	44	1
79.2706	video	65	1
79.2726	gaming	192	2
79.275	video	44	1
79.2836	video	250	1
79.2876	gaming	232	1
79.2884	video	52	1
79.2929	video	43	1
79.3057	video	79	1
79.3131	voip	15	1
79.3155	video	250	1
79.3224	video	202	1
79.3244	video	59	1
79.3284	video	55	1
79.3308	gaming	129	2
79.334	video	62	1
79.338	gaming	158	1
79.3457	video	41	1
79.3477	voip	15	2
79.358	video	40	1
79.3766	gaming	225	2
79.3904	gaming	83	1
79.4345	gaming	93	2
79.4534	gaming	82	1
79.4581	video	51	1
79.471	video	102	1
79.4733	voip	40	1
79.4834	video	92	1
79.4907	video	114	1
79.4932	gaming	260	2
79.4995	voip	40	1
79.5027	video	52	1
79.5077	voip	15	2
79.511	gaming	156	1
79.5119	video	60	1
79.5241	video	121	1
79.5257	voip	40	1
79.5267	video	62	1
79.5352	video	126	1
79.5403	video	63	1
79.5442	video	45	1
79.552	voip	40	1
79.557	video	250	1
79.5587	gaming	117	2
79.5596	video	56	1
79.5632	video	189	1
79.5648	gaming	150	1
79.5658	video	76	1
79.5684	video	49	1
79.5717	video	133	1
79.5756	video	113	1
79.5782	voip	40	1
79.5844	video	74	1
79.5959	video	115	1
79.6044	voip	40	1
79.6149	gaming	143	2
79.6307	voip	40	1
79.6323	gaming	152	1
79.6569	voip	40	1
79.664	gaming	145	2
79.6677	voip	15	2
79.6815	gaming	102	1
79.6831	voip	40	1
79.6953	video	42	1
79.7081	video	77	1
79.7094	voip	40	1
79.7132	video	72	1
79.7163	video	61	1
79.7193	video	91	1
79.722	video	110	1
79.7242	gaming	180	2
79.7282	video	220	1
79.7296	video	56	1
79.734	gaming	165	1
79.7356	voip	40	1
79.7421	video	54	1
79.753	video	94	1
79.7602	video	250	1
79.7618	voip	40	1
79.7653	video	174	1
79.7686	video	76	1
79.7813	video	95	1
79.7864	gaming	202	2
79.7879	video	90	1
79.7887	voip	40	1
79.7918	video	137	1
79.7948	video	46	1
79.7973	video	45	1
79.8028	video	250	1
79.8038	gaming	72	1
79.8052	video	55	1
79.8143	voip	40	1
79.8277	voip	15	2
79.8405	voip	40	1
79.8457	gaming	111	2
79.8568	gaming	139	1
79.8667	voip	40	1
79.893	voip	40	1
79.8995	gaming	86	2
79.9065	video	210	1
79.9094	video	45	1
79.9187	gaming	122	1
79.9194	voip	40	1
79.9222	video	88	1
79.9253	video	47	1
79.9285	video	125	1
79.9326	video	49	1
79.9357	video	63	1
79.9383	video	42	1
79.9454	voip	40	1
79.9475	video	53	1
79.9516	video	128	1
79.9578	video	250	1
79.9593	gaming	137	2
79.9617	video	250	1
79.9633	video	46	1
79.9716	voip	40	1
79.9758	video	53	1
79.9781	gaming	174	1
79.9877	voip	15	2
79.9884	video	45	1
79.9915	video	66	1
79.9957	video	44	1
79.9979	voip	40	1
80.0082	gaming	179	2
80.0091	video	51	1
80.0118	video	94	1
80.0177	video	183	1
80.0241	voip	40	1
80.0355	gaming	100	1
80.0503	voip	40	1
80.0597	gaming	108	2
80.0766	voip	40	1
80.0904	gaming	86	1
80.1028	voip	40	1
80.1148	gaming	128	2
80.1177	video	175	1
80.129	voip	40	1
80.1304	video	115	1
80.1351	video	67	1
80.1398	video	250	1
80.1414	video	72	1
80.1475	gaming	93	1
80.148	voip	15	2
80.149	video	45	1
80.1553	voip	40	1
80.1618	video	78	1
80.1668	gaming	123	2
80.17	video	41	1
80.1815	voip	40	1
80.1827	video	61	1
80.1873	video	63	1
80.1935	video	250	1
80.2002	video	55	1
80.2035	video	50	1
80.2083	ftp	536	1
80.2131	ftp	536	1
80.2178	ftp	536	1
80.2225	ftp	536	1
80.2272	ftp	536	1
80.2319	ftp	536	1
80.2367	ftp	536	1
80.2414	ftp	536	1
80.2461	ftp	536	1
80.2508	ftp	536	1
80.2555	ftp	536	1
80.2603	ftp	536	1
80.265	ftp	536	1
80.2697	ftp	536	1
80.2744	ftp	536	1
80.2791	ftp	536	1
80.2839	ftp	536	1
80.2886	ftp	536	1
80.2933	ftp	536	1
80.298	ftp	536	1
80.3027	ftp	536	1
80.3075	ftp	536	1
80.3122	ftp	536	1
80.3169	ftp	536	1
80.3216	ftp	536	1
80.3263	ftp	536	1
80.3311	ftp	536	1
80.3358	ftp	536	1
80.3405	ftp	536	1
80.3452	ftp	536	1
80.3499	ftp	536	1
80.3547	ftp	536	1
80.3594	ftp	536	1
80.3641	ftp	536	1
80.3688	ftp	536	1
80.3735	ftp	536	1
80.3783	ftp	536	1
80.383	ftp	536	1
80.3877	ftp	536	1
80.3924	ftp	536	1
80.3971	ftp	536	1
80.4019	ftp	536	1
80.4066	ftp	536	1
80.4113	ftp	536	1
80.416	ftp	536	1
80.4207	ftp	536	1
80.4255	ftp	536	1
80.4302	ftp	536	1
80.4349	ftp	536	1
80.4396	ftp	536	1
80.4443	ftp	536	1
80.4491	ftp	536	1
80.4498	voip	40	1
80.4506	video	41	1
80.453	gaming	250	1
80.4542	video	101	1
80.459	ftp	536	1
80.4637	ftp	536	1
80.4684	ftp	536	1
80.4692	video	43	1
80.4708	gaming	145	2
80.472	video	106	1
80.4768	ftp	536	1
80.4815	ftp	536	1
80.4862	ftp	536	1
80.4871	video	52	1
80.4878	voip	40	1
80.4925	ftp	536	1
80.4972	ftp	536	1
80.502	ftp	536	1
80.5028	video	53	1
80.5037	video	50	1
80.5084	ftp	536	1
80.5131	ftp	536	1
80.5178	ftp	536	1
80.5225	ftp	536	1
80.5273	ftp	536	1
80.532	ftp	536	1
80.5327	voip	40	1
80.5374	ftp	536	1
80.5422	ftp	536	1
80.5469	ftp	536	1
80.5486	gaming	163	1
80.5533	ftp	536	1
80.5581	ftp	536	1
80.5628	ftp	536	1
80.5642	gaming	129	2
80.569	ftp	536	1
80.5737	ftp	536	1
80.5784	ftp	536	1
80.5792	voip	40	1
80.5839	ftp	536	1
80.5886	ftp	536	1
80.5933	ftp	536	1
80.598	ftp	536	1
80.6028	ftp	536	1
80.6075	ftp	536	1
80.608	voip	15	2
80.6128	ftp	536	1
80.6175	ftp	536	1
80.6222	ftp	536	1
80.6229	voip	40	1
80.6277	ftp	536	1
80.6324	ftp	536	1
80.6371	ftp	536	1
80.6387	gaming	151	1
80.6435	ftp	536	1
80.6482	ftp	536	1
80.6529	ftp	536	1
80.6542	gaming	104	2
80.6589	ftp	536	1
80.6636	ftp	536	1
80.6683	ftp	536	1
80.6708	video	250	1
80.6715	voip	40	1
80.6723	video	46	1
80.677	ftp	536	1
80.6818	ftp	536	1
80.6865	ftp	536	1
80.6887	video	229	1
80.6899	video	96	1
80.6947	ftp	536	1
80.6994	ftp	536	1
80.7041	ftp	536	1
80.7049	video	47	1
80.7057	voip	40	1
80.7104	ftp	536	1
80.7151	ftp	536	1
80.7198	ftp	536	1
80.7222	video	250	1
80.7232	video	71	1
80.728	ftp	536	1
80.7327	ftp	536	1
80.7374	ftp	536	1
80.7385	video	80	1
80.7409	video	250	1
80.7456	ftp	536	1
80.7504	ftp	536	1
80.7551	ftp	536	1
80.7563	gaming	104	1
80.7588	video	250	1
80.7595	voip	40	1
80.761	gaming	133	2
80.7618	video	48	1
80.7633	video	125	1
80.7648	video	132	1
80.7655	video	40	1
80.7663	voip	40	1
80.771	ftp	536	1
80.7718	video	45	1
80.7731	gaming	111	1
80.7738	voip	40	1
80.7786	ftp	536	1
80.7833	ftp	536	1
80.7847	video	118	1
80.7854	video	42	1
80.7874	video	188	1
80.7898	video	250	1
80.7922	video	250	1
80.7935	gaming	111	2
80.7941	voip	15	2
80.7948	voip	40	1
80.7996	ftp	536	1
80.8043	ftp	536	1
80.809	ftp	536	1
80.8137	ftp	536	1
80.8184	ftp	536	1
80.8232	ftp	536	1
80.8279	ftp	536	1
80.8286	voip	40	1
80.831	gaming	243	1
80.8357	ftp	536	1
80.8405	ftp	536	1
80.8452	ftp	536	1
80.8499	ftp	536	1
80.8546	ftp	536	1
80.8554	voip	40	1
80.8601	ftp	536	1
80.8613	gaming	94	2
80.8809	voip	40	1
80.8823	gaming	125	1
80.888	video	58	1
80.8983	video	61	1
80.8991	voip	40	1
80.8998	video	42	1
80.9006	video	45	1
80.9014	video	40	1
80.9026	gaming	101	2
80.905	video	250	1
80.9061	video	81	1
80.9074	gaming	108	1
80.9086	video	92	1
80.9093	video	40	1
80.9106	video	97	1
80.9166	video	106	1
80.9171	voip	15	2
80.9273	voip	40	1
80.928	voip	40	1
80.9292	video	90	1
80.93	voip	40	1
80.9309	video	60	1
80.9326	gaming	169	2
80.9341	gaming	123	1
80.9365	video	250	1
80.9374	video	63	1
80.9388	video	122	1
80.9401	video	100	1
80.9414	video	106	1
80.9422	video	48	1
80.9429	video	42	1
80.9531	voip	40	1
80.968	voip	40	1
80.9692	gaming	92	2
80.9893	gaming	99	1
80.9901	voip	40	1
81.0239	voip	40	1
81.0349	gaming	148	2
81.0829	video	43	1
81.0836	voip	40	1
81.0842	voip	15	2
81.0854	gaming	100	1
81.0862	video	45	1
81.1013	video	60	1
81.1025	video	97	1
81.1044	video	186	1
81.1052	video	43	1
81.1063	video	86	1
81.1073	video	64	1
81.108	voip	40	1
81.1089	gaming	53	2
81.1199	video	147	1
81.1212	video	101	1
81.1219	video	44	1
81.1232	gaming	100	1
81.124	video	50	1
81.125	video	75	1
81.1258	voip	40	1
81.1265	voip	40	1
81.133	gaming	158	2
81.1386	video	60	1
81.1398	video	98	1
81.1412	video	119	1
81.1429	video	155	1
81.1436	voip	40	1
81.1455	video	183	1
81.1465	video	65	1
81.1621	gaming	137	1
81.1677	video	51	1
81.1921	voip	40	1
81.2457	gaming	163	2
81.2653	voip	40	1
81.2716	gaming	139	1
81.2722	voip	15	2
81.2918	voip	40	1
81.3073	gaming	115	2
81.3222	voip	40	1
81.3325	video	56	1
81.335	video	250	1
81.3364	video	119	1
81.3378	video	121	1
81.3385	video	44	1
81.3396	video	76	1
81.3403	video	42	1
81.3414	video	80	1
81.343	video	149	1
81.344	video	71	1
81.3452	gaming	85	1
81.3459	voip	40	1
81.3467	voip	40	1
81.3486	gaming	183	2
81.3589	video	55	1
81.3598	video	65	1
81.3608	video	72	1
81.3618	video	65	1
81.3637	video	188	1
81.3653	video	146	1
81.3666	gaming	102	1
81.3681	video	141	1
81.3689	video	42	1
81.3709	video	194	1
81.3718	video	65	1
81.3726	voip	40	1
81.3733	voip	40	1
81.3746	gaming	104	2
81.3799	voip	15	2
81.4107	gaming	256	1
81.4209	voip	40	1
81.4506	gaming	120	2
81.4647	ftp	5360	1
81.4796	voip	40	1
81.4891	ftp	1072	1
81.4938	ftp	6432	1
81.505	gaming	170	1
81.5058	voip	40	1
81.5247	ftp	9648	1
81.5255	video	51	1
81.5263	video	41	1
81.5272	video	67	1
81.5297	video	250	1
81.5306	video	61	1
81.533	video	250	1
81.5339	video	57	1
81.5351	video	90	1
81.5374	video	239	1
81.5391	gaming	161	2
81.5399	voip	40	1
81.5406	voip	40	1
81.5418	gaming	88	1
81.5426	video	50	1
81.5439	video	113	1
81.5464	video	250	1
81.5469	voip	15	2
81.5477	video	41	1
81.5486	video	59	1
81.551	video	250	1
81.552	video	70	1
81.5528	video	50	1
81.5553	video	250	1
81.557	gaming	167	2
81.5578	voip	40	1
81.5585	voip	40	1
81.56	gaming	130	1
81.5655	voip	40	1
81.5672	gaming	159	2
81.5776	video	66	1
81.5784	video	51	1
81.5831	ftp	2680	1
81.5839	voip	40	1
81.5981	ftp	1608	1
81.6028	ftp	5360	1
81.6358	ftp	9648	1
81.6418	gaming	100	1
81.657	gaming	82	2
81.6578	voip	40	1
81.6861	ftp	3752	1
81.6965	video	63	1
81.7012	ftp	3752	1
81.7036	video	250	1
81.7138	voip	40	1
81.716	video	225	1
81.7177	gaming	149	1
81.7248	video	250	1
81.7259	video	79	1
81.7279	gaming	204	2
81.7287	voip	40	1
81.7295	video	44	1
81.7303	video	49	1
81.7309	voip	15	2
81.7319	video	82	1
81.733	video	72	1
81.7337	video	43	1
81.7362	video	250	1
81.7378	gaming	149	1
81.748	voip	40	1
81.7487	voip	40	1
81.75	video	108	1
81.752	gaming	190	2
81.7532	video	102	1
81.7546	video	122	1
81.7556	video	71	1
81.7564	voip	40	1
81.7574	video	79	1
81.7584	video	68	1
81.7593	video	50	1
81.7651	video	82	1
81.7664	video	112	1
81.768	gaming	141	1
81.7781	voip	40	1
81.7949	gaming	269	2
81.8381	voip	40	1
81.9002	voip	40	1
81.9061	gaming	86	1
81.9255	voip	15	2
81.9271	gaming	146	2
81.9279	voip	40	1
81.9432	video	93	1
81.9456	video	245	1
81.9465	video	60	1
81.9489	video	250	1
81.9504	video	124	1
81.9514	gaming	71	1
81.9521	voip	40	1
81.9545	video	250	1
81.9562	gaming	160	2
81.957	voip	40	1
81.9578	video	49	1
81.9603	video	250	1
81.9708	video	78	1
81.9715	voip	40	1
81.9723	video	41	1
81.9739	gaming	149	1
81.9747	video	42	1
81.9754	video	41	1
81.9762	video	50	1
81.9773	video	78	1
81.9781	video	40	1
81.9793	gaming	96	2
81.9817	video	250	1
81.9841	video	250	1
81.999	voip	40	1
81.9998	video	44	1
82.0008	video	66	1
82.0015	voip	40	1
82.0032	video	150	1
82.0376	gaming	122	1
82.0382	voip	15	2
82.0625	voip	40	1
82.0781	gaming	123	2
82.1166	voip	40	1
82.1323	gaming	143	1
82.1378	voip	40	1
82.145	video	250	1
82.1514	gaming	166	2
82.1522	video	47	1
82.1537	video	126	1
82.1544	voip	40	1
82.1607	gaming	141	1
82.1615	video	42	1
82.1686	video	250	1
82.1694	video	40	1
82.1718	video	250	1
82.1731	video	102	1
82.1739	video	55	1
82.1748	video	47	1
82.1758	video	71	1
82.1768	video	71	1
82.1776	video	46	1
82.1783	voip	40	1
82.1791	voip	40	1
82.1824	gaming	367	2
82.1838	gaming	122	1
82.1844	voip	15	2
82.195	video	94	1
82.1956	voip	15	1
82.2068	video	177	1
82.2083	gaming	126	2
82.2091	video	43	1
82.2114	video	234	1
82.2127	video	117	1
82.2138	video	73	1
82.2199	gaming	124	1
82.2208	video	54	1
82.3262	gaming	143	1
82.3277	gaming	139	2
82.3719	video	164	1
82.3776	video	62	1
82.3831	video	43	1
82.3884	voip	15	2
82.3908	video	250	1
82.3973	gaming	167	1
82.3986	gaming	112	2
82.3992	voip	15	1
82.4	video	54	1
82.4008	video	49	1
82.4018	video	64	1
82.4035	video	162	1
82.4044	video	54	1
82.4052	video	49	1
82.4076	video	250	1
82.4131	video	41	1
82.4195	gaming	157	2
82.4259	gaming	149	1
82.4268	video	58	1
82.4276	video	51	1
82.4286	video	68	1
82.4298	video	98	1
82.4309	video	78	1
82.4411	video	41	1
82.4661	video	128	1
82.481	video	41	1
82.4869	gaming	95	2
82.4881	gaming	96	1
82.5076	voip	15	2
82.5176	voip	15	1
82.5189	gaming	114	2
82.5297	gaming	109	1
82.56	video	194	1
82.5656	video	66	1
82.5763	gaming	96	2
82.5819	video	56	1
82.5842	gaming	234	1
82.5944	video	45	1
82.6063	video	250	1
82.6074	video	81	1
82.6129	video	42	1
82.62	video	250	1
82.6302	video	43	1
82.6318	video	139	1
82.6385	video	200	1
82.6488	video	49	1
82.6545	video	70	1
82.6605	gaming	111	1
82.6622	gaming	150	2
82.6677	video	43	1
82.6748	video	250	1
82.6763	video	133	1
82.6912	video	43	1
82.6918	voip	15	2
82.6926	video	48	1
82.6932	voip	15	1
82.6986	video	40	1
82.7095	gaming	120	1
82.7108	gaming	106	2
82.7118	video	73	1
82.7507	gaming	93	1
82.7649	ftp	536	1
82.7665	gaming	156	2
82.7674	video	51	1
82.7682	video	52	1
82.7691	video	56	1
82.7704	gaming	107	1
82.7715	video	79	1
82.7723	video	45	1
82.7731	video	46	1
82.7743	gaming	105	2
82.7752	video	54	1
82.7759	voip	40	2
82.7772	video	106	1
82.7778	voip	15	1
82.7786	video	50	1
82.7794	video	42	1
82.7806	video	95	1
82.7814	video	48	1
82.7821	voip	40	2
82.7834	video	103	1
82.785	gaming	142	1
82.7862	video	102	1
82.7876	video	122	1
82.7884	voip	40	2
82.7892	video	44	1
82.7914	video	233	1
82.7927	gaming	103	2
82.7937	video	74	1
82.7952	video	126	1
82.7959	voip	40	2
82.7968	video	62	1
82.798	gaming	88	1
82.7987	voip	40	2
82.8	gaming	99	2
82.8007	voip	40	2
82.8022	gaming	135	1
82.803	voip	40	2
82.8035	voip	15	1
82.806	video	250	1
82.8067	voip	40	2
82.8079	video	96	1
82.8087	video	47	1
82.8096	video	59	1
82.8118	gaming	218	2
82.8126	video	41	1
82.8141	gaming	137	1
82.815	video	59	1
82.8157	voip	40	2
82.8166	video	48	1
82.819	video	250	1
82.8237	ftp	13400	1
82.8284	ftp	15008	1
82.8309	video	250	1
82.8316	video	40	1
82.834	video	250	1
82.8348	voip	40	2
82.8364	video	148	1
82.8376	video	100	1
82.8384	video	43	1
82.8399	gaming	129	2
82.8423	video	250	1
82.8431	voip	40	2
82.8452	video	218	1
82.8464	video	86	1
82.8472	video	50	1
82.8496	gaming	245	1
82.8516	video	194	1
82.8563	ftp	96480	1
82.861	ftp	536	1
82.8657	ftp	536	1
82.8705	ftp	536	1
82.8752	ftp	536	1
82.8799	ftp	536	1
82.8846	ftp	536	1
82.8893	ftp	536	1
82.8941	ftp	536	1
82.8988	ftp	536	1
82.9035	ftp	536	1
82.9082	ftp	536	1
82.9101	ftp	176	1
82.9148	ftp	536	1
82.9195	ftp	536	1
82.9242	ftp	536	1
82.9289	ftp	536	1
82.9337	ftp	536	1
82.9384	ftp	536	1
82.9431	ftp	536	1
82.9478	ftp	536	1
82.9525	ftp	536	1
82.9573	ftp	536	1
82.962	ftp	536	1
82.9667	ftp	536	1
82.9714	ftp	536	1
82.9761	ftp	536	1
82.9809	ftp	536	1
82.9856	ftp	536	1
82.9903	ftp	536	1
82.995	ftp	536	1
82.9997	ftp	536	1
83.0045	ftp	536	1
83.0092	ftp	536	1
83.0139	ftp	536	1
83.0186	ftp	536	1
83.0233	ftp	536	1
83.0274	ftp	448	1
83.0321	ftp	536	1
83.0368	ftp	536	1
83.0415	ftp	536	1
83.0462	ftp	536	1
83.051	ftp	536	1
83.0557	ftp	536	1
83.0604	ftp	536	1
83.0651	ftp	536	1
83.0698	ftp	536	1
83.0746	ftp	536	1
83.0793	ftp	536	1
83.084	ftp	536	1
83.0887	ftp	536	1
83.0934	ftp	536	1
83.0982	ftp	536	1
83.1029	ftp	536	1
83.1076	ftp	536	1
83.1086	video	78	1
83.1094	voip	40	2
83.1111	gaming	162	2
83.1158	ftp	536	1
83.1166	voip	40	2
83.1213	ftp	536	1
83.126	ftp	536	1
83.1308	ftp	536	1
83.1321	gaming	116	1
83.1327	voip	15	1
83.1374	ftp	536	1
83.1421	ftp	536	1
83.1468	ftp	536	1
83.1516	ftp	536	1
83.1563	ftp	536	1
83.161	ftp	536	1
83.1617	voip	40	2
83.1665	ftp	536	1
83.1712	ftp	536	1
83.1759	ftp	536	1
83.1806	ftp	536	1
83.1853	ftp	536	1
83.1901	ftp	536	1
83.1913	gaming	98	2
83.196	ftp	536	1
83.2007	ftp	536	1
83.2054	ftp	536	1
83.2062	voip	40	2
83.2083	gaming	205	1
83.213	ftp	536	1
83.2177	ftp	536	1
83.2224	ftp	536	1
83.2271	ftp	536	1
83.2319	ftp	536	1
83.2366	ftp	536	1
83.2375	video	64	1
83.2383	video	42	1
83.2398	video	129	1
83.2445	ftp	536	1
83.2492	ftp	536	1
83.2539	ftp	536	1
83.2547	voip	40	2
83.2561	video	128	1
83.258	video	174	1
83.2627	ftp	536	1
83.2674	ftp	536	1
83.2721	ftp	536	1
83.2768	ftp	536	1
83.2816	ftp	536	1
83.2863	ftp	536	1
83.2885	video	219	1
83.2896	gaming	85	2
83.2903	voip	40	2
83.295	ftp	536	1
83.2998	ftp	536	1
83.3045	ftp	536	1
83.3061	gaming	146	1
83.3074	video	116	1
83.3122	ftp	536	1
83.3169	ftp	536	1
83.3216	ftp	536	1
83.3224	video	46	1
83.3271	ftp	536	1
83.3318	ftp	536	1
83.3366	ftp	536	1
83.3377	video	89	1
83.3385	voip	40	2
83.3409	video	250	1
83.3456	ftp	536	1
83.3503	ftp	536	1
83.355	ftp	536	1
83.3559	video	50	1
83.3606	ftp	536	1
83.3653	ftp	536	1
83.37	ftp	536	1
83.3711	video	79	1
83.3735	video	250	1
83.3783	ftp	536	1
83.383	ftp	536	1
83.3877	ftp	536	1
83.3884	voip	40	2
83.3932	ftp	536	1
83.3979	ftp	536	1
83.3996	gaming	163	1
83.4021	video	250	1
83.4028	video	43	1
83.4036	video	44	1
83.4046	video	64	1
83.406	gaming	125	2
83.4065	voip	15	1
83.4073	voip	40	2
83.412	ftp	536	1
83.4167	ftp	536	1
83.4175	video	45	1
83.4195	video	197	1
83.4208	gaming	98	1
83.4216	video	57	1
83.4224	voip	40	2
83.4237	gaming	110	2
83.4245	voip	40	2
83.4292	ftp	536	1
83.4339	ftp	536	1
83.4386	ftp	536	1
83.4433	ftp	536	1
83.4481	ftp	536	1
83.4528	ftp	536	1
83.4575	ftp	536	1
83.4582	voip	40	2
83.463	ftp	536	1
83.4677	ftp	536	1
83.4724	ftp	536	1
83.4771	ftp	536	1
83.4818	ftp	536	1
83.4866	ftp	536	1
83.4879	gaming	118	1
83.4887	voip	40	2
83.4897	gaming	69	2
83.4906	video	56	1
83.5008	video	45	1
83.5032	video	250	1
83.5048	video	139	1
83.5056	video	45	1
83.5063	voip	40	2
83.5069	voip	15	1
83.5081	video	100	1
83.5105	video	245	1
83.5112	voip	40	2
83.5124	gaming	90	1
83.5136	video	101	1
83.5146	video	68	1
83.5154	video	44	1
83.5178	video	250	1
83.5203	video	250	1
83.5216	video	115	1
83.5227	gaming	83	2
83.5235	voip	40	2
83.5387	video	79	1
83.5397	video	71	1
83.5404	voip	40	2
83.5413	video	51	1
83.5473	gaming	112	1
83.5482	video	62	1
83.5494	video	89	1
83.5518	video	250	1
83.5528	video	71	1
83.554	gaming	96	2
83.5595	voip	40	2
83.5838	voip	40	2
83.6038	gaming	75	1
83.6045	voip	40	2
83.6199	gaming	97	2
83.6252	voip	15	1
83.6306	voip	40	2
83.655	video	42	1
83.656	video	66	1
83.6568	video	48	1
83.658	video	102	1
83.6589	video	58	1
83.6597	voip	40	2
83.6611	gaming	121	1
83.6623	gaming	102	2
83.6883	video	250	1
83.6894	video	75	1
83.6902	video	50	1
83.6924	video	215	1
83.6931	voip	40	2
83.7049	video	245	1
83.7108	video	86	1
83.7164	video	60	1
83.7172	voip	40	2
83.7185	gaming	117	1
83.7207	gaming	212	2
83.7231	video	250	1
83.724	video	60	1
83.7248	video	40	1
83.7268	video	204	1
83.7288	video	195	1
83.7349	video	119	1
83.7357	video	45	1
83.7459	voip	40	2
83.7468	video	54	1
83.7475	voip	40	2
83.7583	gaming	108	1
83.7834	gaming	137	2
83.7887	voip	15	1
83.8036	voip	40	2
83.8562	voip	40	2
83.9009	gaming	213	2
83.9016	voip	40	2
83.9029	gaming	103	1
83.917	ftp	1608	1
83.9179	video	55	1
83.9186	video	40	1
83.9211	video	250	1
83.9224	video	109	1
83.9231	voip	40	2
83.935	video	248	1
83.9359	video	63	1
83.9378	gaming	175	2
83.9385	voip	40	2
83.9396	video	83	1
83.9408	gaming	97	1
83.9527	video	250	1
83.9534	voip	40	2
83.9546	video	85	1
83.9554	video	49	1
83.9578	video	250	1
83.9586	video	48	1
83.9689	video	48	1
83.9804	video	206	1
83.9817	video	114	1
83.9823	voip	15	1
83.983	voip	40	2
83.9843	gaming	108	1
83.9856	gaming	106	2
83.9912	video	56	1
83.992	video	43	1
83.9992	video	250	1
84.0006	video	129	1
84.0014	voip	40	2
84.0116	video	51	1
84.0313	voip	40	2
84.0325	gaming	97	1
84.044	gaming	200	2
84.0447	voip	40	2
84.0643	voip	40	2
84.0753	gaming	135	1
84.0775	gaming	220	2
84.083	voip	40	2
84.0885	video	51	1
84.0943	video	79	1
84.105	video	106	1
84.1106	video	59	1
84.1112	voip	15	1
84.112	voip	40	2
84.1176	video	59	1
84.1231	video	41	1
84.13	video	229	1
84.1309	video	50	1
84.1368	video	97	1
84.1424	video	52	1
84.1478	voip	40	2
84.1492	gaming	114	2
84.1503	gaming	90	1
84.1512	video	50	1
84.152	video	45	1
84.1527	video	40	1
84.1535	video	44	1
84.1543	video	44	1
84.1555	video	99	1
84.1564	video	56	1
84.1622	video	86	1
84.1677	voip	40	2
84.1684	voip	40	2
84.1693	video	52	1
84.1709	video	149	1
84.173	gaming	202	2
84.1751	gaming	216	1
84.1995	voip	40	2
84.2474	voip	40	2
84.268	gaming	160	2
84.2697	gaming	154	1
84.2704	voip	40	2
84.271	voip	15	1
84.2906	voip	40	2
84.2916	video	65	1
84.2971	video	48	1
84.3026	video	44	1
84.3133	video	97	1
84.3157	video	250	1
84.3168	gaming	79	1
84.323	gaming	141	2
84.3238	voip	40	2
84.3246	video	49	1
84.3301	video	44	1
84.331	video	57	1
84.3319	video	56	1
84.3425	video	97	1
84.348	video	41	1
84.3488	voip	40	2
84.3559	video	250	1
84.3616	video	69	1
84.3632	video	140	1
84.364	video	54	1
84.3699	gaming	89	2
84.3755	video	55	1
84.3762	voip	40	2
84.3783	gaming	203	1
84.3791	video	43	1
84.3847	video	57	1
84.3949	video	47	1
84.3957	voip	40	2
84.3969	video	101	1
84.4124	gaming	116	2
84.4226	voip	40	2
84.4279	voip	15	1
84.4296	gaming	159	1
84.4398	voip	40	2
84.4547	voip	40	2
84.4609	gaming	128	2
84.4668	gaming	98	1
84.4782	video	187	1
84.4884	voip	40	2
84.4891	video	40	1
84.4949	video	74	1
84.4957	video	43	1
84.5012	video	48	1
84.5115	video	51	1
84.5122	voip	40	2
84.5185	gaming	138	2
84.5294	video	133	1
84.5354	video	109	1
84.5371	gaming	147	1
84.5382	video	83	1
84.5436	voip	40	2
84.5492	video	54	1
84.5547	video	44	1
84.5654	gaming	108	2
84.5662	voip	40	2
84.567	video	44	1
84.5694	video	250	1
84.57	voip	15	1
84.5755	video	43	1
84.5763	video	45	1
84.5784	gaming	208	1
84.584	video	64	1
84.5848	video	40	1
84.5856	video	44	1
84.5863	voip	40	2
84.5921	video	86	1
84.6028	video	103	1
84.6139	gaming	146	2
84.6146	voip	40	2
84.6255	gaming	123	1
84.631	voip	40	2
84.6553	voip	40	2
84.6566	gaming	112	2
84.6768	gaming	106	1
84.6776	voip	40	2
84.6925	video	44	1
84.6935	video	75	1
84.7041	video	91	1
84.7055	video	115	1
84.711	voip	40	2
84.7129	video	189	1
84.7139	video	73	1
84.7208	gaming	217	2
84.7219	video	82	1
84.7226	voip	40	1
84.7283	video	65	1
84.7343	gaming	100	1
84.7367	video	250	1
84.7422	voip	40	2
84.748	video	84	1
84.7535	voip	40	1
84.7543	video	52	1
84.7701	video	149	1
84.7708	voip	40	2
84.7716	video	42	1
84.7724	video	48	1
84.7787	gaming	135	2
84.7796	video	59	1
84.7803	voip	40	1
84.7916	video	171	1
84.7971	video	44	1
84.7986	gaming	138	1
84.7994	voip	40	2
84.8003	video	61	1
84.8105	voip	40	1
84.8165	video	114	1
84.819	video	249	1
84.8291	voip	40	2
84.8305	gaming	116	2
84.836	voip	40	1
84.8462	voip	40	2
84.8521	gaming	92	1
84.8528	voip	40	1
84.8677	voip	40	2
84.8779	voip	40	1
84.8839	gaming	107	2
84.8941	voip	40	2
84.9008	gaming	196	1
84.9063	voip	40	1
84.912	video	73	1
84.9129	video	54	1
84.9184	video	49	1
84.9239	voip	40	2
84.9342	video	46	1
84.9349	voip	40	1
84.9404	video	40	1
84.9469	gaming	173	2
84.9477	video	48	1
84.9549	video	250	1
84.9556	voip	40	2
84.964	video	147	1
84.9648	voip	40	1
84.9657	video	65	1
84.9719	gaming	129	1
84.9734	video	141	1
84.9799	video	167	1
84.9807	voip	40	2
84.9815	video	50	1
84.9824	video	55	1
84.9891	video	193	1
84.9898	voip	40	1
85.0002	video	56	1
85.001	video	52	1
85.0065	voip	40	2
85.0076	video	83	1
85.0147	video	250	1
85.0159	gaming	89	2
85.0166	voip	40	1
85.028	video	193	1
85.0335	video	44	1
85.0349	gaming	113	1
85.0356	voip	40	2
85.0411	voip	40	1
85.056	voip	40	2
85.0576	gaming	148	2
85.0678	voip	40	1
85.078	voip	40	2
85.08	gaming	189	1
85.0902	voip	40	1
85.1051	voip	40	2
85.1153	voip	40	1
85.1217	gaming	157	2
85.1226	video	61	1
85.1332	video	94	1
85.134	voip	40	2
85.1407	gaming	199	1
85.1421	video	122	1
85.1476	voip	40	1
85.1536	video	105	1
85.156	video	250	1
85.1662	voip	40	2
85.1686	video	250	1
85.1741	voip	40	1
85.1788	ftp	2680	1
85.1798	video	67	1
85.1808	video	75	1
85.1828	gaming	191	2
85.1835	voip	40	2
85.1851	video	142	1
85.1863	gaming	99	1
85.1874	video	76	1
85.1885	video	86	1
85.1895	video	68	1
85.1902	voip	40	1
85.1916	video	124	1
85.193	video	119	1
85.1938	voip	40	2
85.1946	video	48	1
85.1954	video	51	1
85.1962	voip	40	1
85.1972	video	78	1
85.1981	video	49	1
85.1995	video	122	1
85.201	video	137	1
85.2031	gaming	210	2
85.2039	voip	40	2
85.2053	gaming	121	1
85.206	voip	40	1
85.2068	voip	40	2
85.2075	voip	40	1
85.2091	gaming	143	2
85.2098	voip	40	2
85.2112	gaming	121	1
85.212	voip	40	1
85.2128	voip	40	2
85.2135	voip	40	1
85.2143	video	40	1
85.215	video	41	1
85.2158	voip	40	2
85.2179	gaming	209	1
85.2187	video	51	1
85.2195	voip	40	1
85.2207	gaming	102	2
85.2216	video	51	1
85.2223	voip	40	2
85.2232	video	54	1
85.2242	video	76	1
85.225	voip	40	1
85.226	video	75	1
85.2273	video	105	1
85.228	voip	40	2
85.2288	video	45	1
85.2296	voip	40	1
85.2308	gaming	107	1
85.2333	video	250	1
85.2344	video	91	1
85.236	gaming	144	2
85.2368	voip	40	2
85.2388	video	197	1
85.2395	voip	40	1
85.2443	ftp	5360	1
85.249	ftp	122944	1
85.2537	ftp	536	1
85.2584	ftp	536	1
85.2631	ftp	536	1
85.2679	ftp	536	1
85.2686	video	43	1
85.2699	video	106	1
85.2707	voip	40	2
85.2715	video	54	1
85.2723	voip	40	1
85.2742	gaming	183	1
85.275	video	54	1
85.2775	video	250	1
85.2794	video	185	1
85.2808	video	122	1
85.2815	voip	40	2
85.2828	gaming	99	2
85.2837	video	65	1
85.2845	voip	40	1
85.2882	ftp	416	1
85.293	ftp	536	1
85.2977	ftp	536	1
85.3024	ftp	536	1
85.3071	ftp	536	1
85.3118	ftp	536	1
85.3166	ftp	536	1
85.3213	ftp	536	1
85.326	ftp	536	1
85.3307	ftp	536	1
85.3335	ftp	296	1
85.3343	voip	40	2
85.339	ftp	536	1
85.3397	voip	40	1
85.3445	ftp	536	1
85.3492	ftp	536	1
85.3539	ftp	536	1
85.3586	ftp	536	1
85.3601	gaming	132	1
85.3648	ftp	536	1
85.3695	ftp	536	1
85.3743	ftp	536	1
85.379	ftp	536	1
85.3797	voip	40	2
85.3807	gaming	65	2
85.3814	voip	40	1
85.3862	ftp	536	1
85.3909	ftp	536	1
85.3956	ftp	536	1
85.4003	ftp	536	1
85.4011	voip	40	2
85.4058	ftp	536	1
85.4105	ftp	536	1
85.4152	ftp	536	1
85.42	ftp	536	1
85.4207	voip	40	1
85.4254	ftp	536	1
85.4301	ftp	536	1
85.4349	ftp	536	1
85.4396	ftp	536	1
85.4406	gaming	71	1
85.4453	ftp	536	1
85.45	ftp	536	1
85.4547	ftp	536	1
85.4595	ftp	536	1
85.4603	video	53	1
85.4611	voip	40	2
85.4658	ftp	536	1
85.4705	ftp	536	1
85.4752	ftp	536	1
85.48	ftp	536	1
85.4824	video	250	1
85.4845	gaming	210	2
85.4852	voip	40	1
85.49	ftp	536	1
85.4947	ftp	536	1
85.4994	ftp	536	1
85.5004	video	70	1
85.5051	ftp	536	1
85.5098	ftp	536	1
85.5146	ftp	536	1
85.5193	ftp	536	1
85.52	voip	40	2
85.5208	video	40	1
85.5255	ftp	536	1
85.5302	ftp	536	1
85.5349	ftp	536	1
85.5397	ftp	536	1
85.541	video	113	1
85.5416	voip	15	1
85.5425	video	70	1
85.5473	ftp	536	1
85.552	ftp	536	1
85.5567	ftp	536	1
85.5614	ftp	536	1
85.5639	video	250	1
85.5646	voip	40	2
85.5693	ftp	536	1
85.574	ftp	536	1
85.5751	video	78	1
85.577	gaming	178	1
85.5817	ftp	536	1
85.5864	ftp	536	1
85.5878	gaming	122	2
85.5886	video	42	1
85.5897	video	85	1
85.5944	ftp	536	1
85.5991	ftp	536	1
85.6	video	58	1
85.6008	voip	40	2
85.6017	video	62	1
85.6029	video	90	1
85.6076	ftp	536	1
85.6123	ftp	536	1
85.6145	video	221	1
85.6192	ftp	536	1
85.6239	ftp	536	1
85.6249	video	64	1
85.6296	ftp	536	1
85.6343	ftp	536	1
85.6351	voip	40	2
85.636	video	63	1
85.637	video	73	1
85.6417	ftp	536	1
85.6465	ftp	536	1
85.6483	gaming	173	1
85.6497	gaming	118	2
85.6514	video	163	1
85.6561	ftp	536	1
85.6608	ftp	536	1
85.6621	video	108	1
85.6646	video	250	1
85.6653	voip	40	2
85.67	ftp	536	1
85.6748	ftp	536	1
85.6795	ftp	536	1
85.6842	ftp	536	1
85.6889	ftp	536	1
85.6936	ftp	536	1
85.6984	ftp	536	1
85.6989	voip	15	2
85.7036	ftp	536	1
85.7083	ftp	536	1
85.7096	gaming	100	2
85.7143	ftp	536	1
85.719	ftp	536	1
85.7208	gaming	174	1
85.7256	ftp	536	1
85.7303	ftp	536	1
85.7308	voip	15	1
85.7356	ftp	536	1
85.7403	ftp	536	1
85.745	ftp	536	1
85.7497	ftp	536	1
85.7544	ftp	536	1
85.7592	ftp	536	1
85.7616	video	250	1
85.7663	ftp	536	1
85.771	ftp	536	1
85.7722	video	97	1
85.7739	gaming	156	1
85.7747	video	45	1
85.7794	ftp	536	1
85.7841	ftp	536	1
85.7889	ftp	536	1
85.7913	video	250	1
85.7929	gaming	149	2
85.7976	ftp	536	1
85.8024	ftp	536	1
85.8032	video	53	1
85.8041	video	52	1
85.8056	video	144	1
85.8065	video	52	1
85.8112	ftp	536	1
85.8159	ftp	536	1
85.8173	video	117	1
85.8184	video	77	1
85.8202	video	180	1
85.8249	ftp	536	1
85.8297	ftp	536	1
85.8305	video	52	1
85.832	video	136	1
85.8368	ftp	536	1
85.8415	ftp	536	1
85.8423	video	53	1
85.8437	gaming	122	2
85.8462	video	250	1
85.8471	video	64	1
85.8518	ftp	536	1
85.8566	ftp	536	1
85.8584	gaming	175	1
85.8605	video	213	1
85.8614	video	61	1
85.8623	video	54	1
85.867	ftp	536	1
85.8717	ftp	536	1
85.8723	voip	15	2
85.8732	video	60	1
85.8779	ftp	536	1
85.8826	ftp	536	1
85.8874	ftp	536	1
85.8921	ftp	536	1
85.8937	gaming	142	1
85.8984	ftp	536	1
85.9031	ftp	536	1
85.9036	voip	15	1
85.9053	gaming	150	2
85.91	ftp	536	1
85.9147	ftp	536	1
85.9194	ftp	536	1
85.9242	ftp	536	1
85.9289	ftp	536	1
85.9336	ftp	536	1
85.9383	ftp	536	1
85.943	ftp	536	1
85.9478	ftp	536	1
85.9494	gaming	147	1
85.9541	ftp	536	1
85.9588	ftp	536	1
85.9635	ftp	536	1
85.9682	ftp	536	1
85.969	video	40	1
85.9698	video	50	1
85.9746	ftp	536	1
85.9793	ftp	536	1
85.9803	video	73	1
85.9821	gaming	172	2
85.9841	video	199	1
85.9888	ftp	536	1
85.9936	ftp	536	1
85.9945	video	58	1
85.9992	ftp	536	1
86.0039	ftp	536	1
86.0047	video	49	1
86.0094	ftp	536	1
86.0142	ftp	536	1
86.0149	video	41	1
86.0158	video	53	1
86.0168	video	70	1
86.0215	ftp	536	1
86.0262	ftp	536	1
86.0309	ftp	536	1
86.0317	video	44	1
86.0333	gaming	148	1
86.0339	voip	15	2
86.0352	gaming	112	2
86.0399	ftp	536	1
86.0446	ftp	536	1
86.0456	video	67	1
86.0465	video	55	1
86.0473	video	44	1
86.048	video	40	1
86.0527	ftp	536	1
86.0575	ftp	536	1
86.0599	video	250	1
86.0623	video	250	1
86.067	ftp	536	1
86.0718	ftp	536	1
86.0723	voip	15	1
86.0733	video	65	1
86.0745	gaming	105	1
86.0761	video	146	1
86.0809	ftp	536	1
86.0856	ftp	536	1
86.0864	video	52	1
86.0881	gaming	154	2
86.0928	ftp	536	1
86.0975	ftp	536	1
86.0983	video	46	1
86.1031	ftp	536	1
86.1078	ftp	536	1
86.1125	ftp	536	1
86.1172	ftp	536	1
86.1219	ftp	536	1
86.1267	ftp	536	1
86.1283	gaming	152	1
86.133	ftp	536	1
86.1377	ftp	536	1
86.1425	ftp	536	1
86.1472	ftp	536	1
86.1519	ftp	536	1
86.1533	gaming	117	2
86.158	ftp	536	1
86.1627	ftp	536	1
86.1674	ftp	536	1
86.1722	ftp	536	1
86.1769	ftp	536	1
86.1816	ftp	536	1
86.1832	gaming	152	1
86.188	ftp	536	1
86.1927	ftp	536	1
86.1932	voip	15	2
86.1947	video	130	1
86.1994	ftp	536	1
86.2041	ftp	536	1
86.2061	video	192	1
86.2108	ftp	536	1
86.2156	ftp	536	1
86.2163	video	40	1
86.2173	gaming	74	2
86.2183	video	70	1
86.223	ftp	536	1
86.2278	ftp	536	1
86.2285	voip	40	1
86.2332	ftp	536	1
86.238	ftp	536	1
86.2391	video	95	1
86.24	video	56	1
86.241	video	63	1
86.2457	ftp	536	1
86.2504	ftp	536	1
86.2515	video	79	1
86.2523	video	45	1
86.2538	gaming	144	1
86.2586	ftp	536	1
86.2633	ftp	536	1
86.268	ftp	536	1
86.2688	voip	40	1
86.2696	video	56	1
86.2744	ftp	536	1
86.2791	ftp	536	1
86.2803	gaming	99	2
86.2815	video	93	1
86.2828	video	111	1
86.2875	ftp	536	1
86.2922	ftp	536	1
86.2935	video	107	1
86.2943	voip	40	1
86.2951	video	44	1
86.2962	video	93	1
86.301	ftp	536	1
86.3057	ftp	536	1
86.3065	video	45	1
86.3112	ftp	536	1
86.3159	ftp	536	1
86.3167	voip	40	1
86.3179	video	100	1
86.3187	video	42	1
86.3198	video	89	1
86.3245	ftp	536	1
86.3292	ftp	536	1
86.3301	video	48	1
86.3312	gaming	92	1
86.3359	ftp	536	1
86.3407	ftp	536	1
86.3421	gaming	120	2
86.3428	voip	40	1
86.3475	ftp	536	1
86.3522	ftp	536	1
86.357	ftp	536	1
86.3617	ftp	536	1
86.3622	voip	15	2
86.367	ftp	536	1
86.3717	ftp	536	1
86.3724	voip	40	1
86.3772	ftp	536	1
86.3819	ftp	536	1
86.3866	ftp	536	1
86.388	gaming	118	1
86.3927	ftp	536	1
86.3974	ftp	536	1
86.3982	voip	40	1
86.4003	gaming	210	2
86.405	ftp	536	1
86.4097	ftp	536	1
86.4144	ftp	536	1
86.4192	ftp	536	1
86.4239	ftp	536	1
86.4286	ftp	536	1
86.4293	voip	40	1
86.4341	ftp	536	1
86.4388	ftp	536	1
86.4396	video	51	1
86.4407	video	76	1
86.4414	video	44	1
86.4429	gaming	128	1
86.4476	ftp	536	1
86.4523	ftp	536	1
86.4533	video	65	1
86.454	voip	40	1
86.4553	video	98	1
86.46	ftp	536	1
86.4647	ftp	536	1
86.4657	video	70	1
86.4669	video	99	1
86.4681	video	90	1
86.4728	ftp	536	1
86.4775	ftp	536	1
86.4791	video	140	1
86.4805	gaming	123	2
86.4829	video	250	1
86.4842	video	102	1
86.4889	ftp	536	1
86.4936	ftp	536	1
86.4944	voip	40	1
86.4954	video	81	1
86.5002	ftp	536	1
86.5049	ftp	536	1
86.5096	ftp	536	1
86.5104	video	42	1
86.5151	ftp	536	1
86.5198	ftp	536	1
86.5211	video	108	1
86.5218	voip	40	1
86.5235	video	157	1
86.5253	gaming	168	1
86.5261	video	44	1
86.5308	ftp	536	1
86.5355	ftp	536	1
86.5363	video	46	1
86.5377	video	117	1
86.5383	voip	15	2
86.5402	gaming	188	2
86.5449	ftp	536	1
86.5496	ftp	536	1
86.5504	voip	40	1
86.5528	video	250	1
86.5575	ftp	536	1
86.5623	ftp	536	1
86.5634	video	85	1
86.5681	ftp	536	1
86.5728	ftp	536	1
86.5736	voip	40	1
86.5752	gaming	157	1
86.58	ftp	536	1
86.5847	ftp	536	1
86.5863	gaming	152	2
86.5911	ftp	536	1
86.5958	ftp	536	1
86.5965	voip	40	1
86.6012	ftp	536	1
86.606	ftp	536	1
86.6107	ftp	536	1
86.6154	ftp	536	1
86.6201	ftp	536	1
86.6248	ftp	536	1
86.6296	ftp	536	1
86.6303	voip	40	1
86.635	ftp	536	1
86.6398	ftp	536	1
86.6445	ftp	536	1
86.6492	ftp	536	1
86.6505	gaming	113	1
86.6519	gaming	121	2
86.6527	voip	40	1
86.6574	ftp	536	1
86.6621	ftp	536	1
86.6643	video	217	1
86.6652	video	57	1
86.6699	ftp	536	1
86.6746	ftp	536	1
86.6754	video	41	1
86.6762	video	53	1
86.681	ftp	536	1
86.6857	ftp	536	1
86.6864	voip	40	1
86.6878	video	117	1
86.6925	ftp	536	1
86.6972	ftp	536	1
86.6986	video	122	1
86.6996	video	63	1
86.7043	ftp	536	1
86.709	ftp	536	1
86.7098	video	48	1
86.7114	gaming	135	2
86.7119	voip	15	2
86.713	gaming	87	1
86.7138	voip	40	1
86.7158	video	194	1
86.7205	ftp	536	1
86.7252	ftp	536	1
86.7276	video	250	1
86.7324	ftp	536	1
86.7371	ftp	536	1
86.7381	video	70	1
86.739	video	60	1
86.7397	voip	40	1
86.7445	ftp	536	1
86.7492	ftp	536	1
86.7539	ftp	536	1
86.755	video	83	1
86.7559	video	60	1
86.7568	video	56	1
86.7577	video	60	1
86.7624	ftp	536	1
86.7671	ftp	536	1
86.7679	video	45	1
86.7687	voip	40	1
86.7696	video	59	1
86.7705	video	59	1
86.7721	gaming	142	1
86.7768	ftp	536	1
86.7815	ftp	536	1
86.7826	gaming	86	2
86.7834	video	40	1
86.7881	ftp	536	1
86.7928	ftp	536	1
86.7936	voip	40	1
86.7983	ftp	536	1
86.803	ftp	536	1
86.8077	ftp	536	1
86.8124	ftp	536	1
86.8136	gaming	93	1
86.8144	voip	40	1
86.8191	ftp	536	1
86.8238	ftp	536	1
86.8285	ftp	536	1
86.8332	ftp	536	1
86.8346	gaming	121	2
86.8354	voip	40	1
86.8401	ftp	536	1
86.8448	ftp	536	1
86.8496	ftp	536	1
86.8543	ftp	536	1
86.8555	gaming	99	1
86.8602	ftp	536	1
86.8649	ftp	536	1
86.8697	ftp	536	1
86.8702	voip	15	2
86.871	voip	40	1
86.8757	ftp	536	1
86.8804	ftp	536	1
86.8814	video	64	1
86.8825	video	89	1
86.8837	video	102	1
86.8885	ftp	536	1
86.8932	ftp	536	1
86.8944	video	92	1
86.8963	gaming	190	2
86.901	ftp	536	1
86.9057	ftp	536	1
86.9065	video	46	1
86.9073	voip	40	1
86.909	video	153	1
86.9104	video	132	1
86.9152	ftp	536	1
86.9199	ftp	536	1
86.9246	ftp	536	1
86.9293	ftp	536	1
86.9308	video	127	1
86.9332	video	245	1
86.9344	gaming	107	1
86.9352	voip	40	1
86.9362	video	76	1
86.941	ftp	536	1
86.9457	ftp	536	1
86.9472	video	134	1
86.9485	video	108	1
86.9532	ftp	536	1
86.9579	ftp	536	1
86.9587	video	49	1
86.9612	video	250	1
86.963	video	180	1
86.9638	voip	40	1
86.9685	ftp	536	1
86.9732	ftp	536	1
86.9745	gaming	98	2
86.9754	video	59	1
86.9801	ftp	536	1
86.9848	ftp	536	1
86.9856	video	41	1
86.9903	ftp	536	1
86.995	ftp	536	1
86.9997	ftp	536	1
87.0005	voip	40	1
87.0018	video	118	1
87.0026	video	45	1
87.004	gaming	116	1
87.0087	ftp	536	1
87.0134	ftp	536	1
87.0146	video	95	1
87.0154	voip	40	1
87.0201	ftp	536	1
87.0248	ftp	536	1
87.0263	gaming	128	2
87.031	ftp	536	1
87.0357	ftp	536	1
87.0404	ftp	536	1
87.0452	ftp	536	1
87.0459	voip	40	1
87.0465	voip	15	2
87.0512	ftp	536	1
87.0559	ftp	536	1
87.0579	gaming	195	1
87.0626	ftp	536	1
87.0673	ftp	536	1
87.0681	voip	40	1
87.0728	ftp	536	1
87.0775	ftp	536	1
87.079	gaming	135	2
87.0838	ftp	536	1
87.0885	ftp	536	1
87.0892	voip	40	1
87.094	ftp	536	1
87.0987	ftp	536	1
87.1034	ftp	536	1
87.1081	ftp	536	1
87.1128	ftp	536	1
87.1137	video	59	1
87.1145	video	45	1
87.1192	ftp	536	1
87.124	ftp	536	1
87.125	video	72	1
87.1257	voip	40	1
87.1267	video	69	1
87.1291	gaming	241	1
87.13	video	58	1
87.1347	ftp	536	1
87.1394	ftp	536	1
87.1404	video	67	1
87.1428	video	250	1
87.1475	ftp	536	1
87.1522	ftp	536	1
87.1548	gaming	268	2
87.1562	video	123	1
87.157	voip	40	1
87.1617	ftp	536	1
87.1664	ftp	536	1
87.1674	video	66	1
87.1721	ftp	536	1
87.1768	ftp	536	1
87.1776	video	47	1
87.1787	video	82	1
87.1834	ftp	536	1
87.1882	ftp	536	1
87.1889	voip	40	1
87.1898	video	60	1
87.191	video	98	1
87.1958	ftp	536	1
87.2005	ftp	536	1
87.2021	gaming	148	1
87.203	video	61	1
87.2048	video	166	1
87.2056	video	50	1
87.2074	gaming	167	2
87.2121	ftp	536	1
87.2168	ftp	536	1
87.2176	voip	40	1
87.2184	video	47	1
87.2208	video	250	1
87.2214	voip	15	2
87.2261	ftp	536	1
87.227	video	66	1
87.2281	video	79	1
87.2328	ftp	536	1
87.2376	ftp	536	1
87.2423	ftp	536	1
87.247	ftp	536	1
87.2477	voip	40	1
87.2525	ftp	536	1
87.2572	ftp	536	1
87.2584	gaming	104	1
87.2607	gaming	231	2
87.2615	voip	40	1
87.2662	ftp	536	1
87.2709	ftp	536	1
87.2756	ftp	536	1
87.2804	ftp	536	1
87.2851	ftp	536	1
87.2898	ftp	536	1
87.2906	voip	40	1
87.2953	ftp	536	1
87.3	ftp	536	1
87.3011	gaming	87	1
87.3058	ftp	536	1
87.3106	ftp	536	1
87.3118	gaming	95	2
87.3125	voip	40	1
87.3172	ftp	536	1
87.3219	ftp	536	1
87.3228	video	55	1
87.3275	ftp	536	1
87.3323	ftp	536	1
87.3332	video	66	1
87.3356	video	250	1
87.3404	ftp	536	1
87.3451	ftp	536	1
87.3458	voip	40	1
87.3483	video	250	1
87.3492	video	65	1
87.3502	video	65	1
87.3549	ftp	536	1
87.3596	ftp	536	1
87.3643	ftp	536	1
87.3668	video	250	1
87.3715	ftp	536	1
87.3762	ftp	536	1
87.3773	gaming	86	1
87.3787	video	112	1
87.3794	voip	40	1
87.3818	video	250	1
87.3834	video	147	1
87.3845	video	82	1
87.3868	video	226	1
87.3873	voip	15	2
87.392	ftp	536	1
87.3968	ftp	536	1
87.4015	ftp	536	1
87.4027	gaming	93	2
87.4034	voip	40	1
87.4043	video	52	1
87.406	video	163	1
87.4068	video	47	1
87.4092	video	250	1
87.414	ftp	536	1
87.4187	ftp	536	1
87.4234	ftp	536	1
87.4243	video	55	1
87.425	voip	40	1
87.426	video	74	1
87.427	video	70	1
87.4289	gaming	181	1
87.4298	video	61	1
87.4346	ftp	536	1
87.4393	ftp	536	1
87.444	ftp	536	1
87.4487	ftp	536	1
87.4495	voip	40	1
87.4511	gaming	145	2
87.4558	ftp	536	1
87.4605	ftp	536	1
87.4652	ftp	536	1
87.4699	ftp	536	1
87.4747	ftp	536	1
87.4794	ftp	536	1
87.4801	voip	40	1
87.4849	ftp	536	1
87.4896	ftp	536	1
87.4943	ftp	536	1
87.499	ftp	536	1
87.5037	ftp	536	1
87.5085	ftp	536	1
87.5132	ftp	536	1
87.5139	voip	40	1
87.5186	ftp	536	1
87.5234	ftp	536	1
87.5249	gaming	134	2
87.5263	gaming	119	1
87.531	ftp	536	1
87.5357	ftp	536	1
87.5364	voip	40	1
87.5373	video	56	1
87.542	ftp	536	1
87.5468	ftp	536	1
87.5473	voip	15	2
87.5483	video	64	1
87.553	ftp	536	1
87.5577	ftp	536	1
87.5586	video	53	1
87.5593	voip	40	1
87.5602	video	56	1
87.5649	ftp	536	1
87.5696	ftp	536	1
87.5722	gaming	265	2
87.5736	gaming	121	1
87.5783	ftp	536	1
87.583	ftp	536	1
87.5838	video	40	1
87.5852	video	130	1
87.586	video	45	1
87.5869	video	50	1
87.5916	ftp	536	1
87.5963	ftp	536	1
87.601	ftp	536	1
87.6018	voip	40	1
87.6028	video	77	1
87.6039	video	79	1
87.6047	video	45	1
87.6055	video	43	1
87.6063	video	54	1
87.6071	video	40	1
87.6118	ftp	536	1
87.6165	ftp	536	1
87.6175	video	67	1
87.6222	ftp	536	1
87.6245	gaming	227	2
87.6266	gaming	214	1
87.6274	voip	40	1
87.6281	voip	40	1
87.6292	video	79	1
87.63	video	46	1
87.6324	video	250	1
87.6345	video	205	1
87.6357	video	103	1
87.6404	ftp	536	1
87.6452	ftp	536	1
87.6459	voip	40	1
87.6506	ftp	536	1
87.6554	ftp	536	1
87.6601	ftp	536	1
87.6648	ftp	536	1
87.6695	ftp	536	1
87.6742	ftp	536	1
87.679	ftp	536	1
87.6837	ftp	536	1
87.6884	ftp	536	1
87.6931	ftp	536	1
87.6945	gaming	115	2
87.6952	voip	40	1
87.6974	gaming	215	1
87.7021	ftp	536	1
87.7068	ftp	536	1
87.7074	voip	15	2
87.7121	ftp	536	1
87.7168	ftp	536	1
87.7215	ftp	536	1
87.7223	voip	40	1
87.727	ftp	536	1
87.7317	ftp	536	1
87.7364	ftp	536	1
87.7412	ftp	536	1
87.7459	ftp	536	1
87.7466	voip	40	1
87.7514	ftp	536	1
87.7561	ftp	536	1
87.7574	gaming	107	1
87.7584	video	76	1
87.7602	gaming	168	2
87.7612	video	72	1
87.7625	video	114	1
87.7672	ftp	536	1
87.772	ftp	536	1
87.7741	video	217	1
87.775	video	60	1
87.7758	voip	40	1
87.7767	video	61	1
87.7775	video	40	1
87.7822	ftp	536	1
87.7869	ftp	536	1
87.7893	video	250	1
87.7918	video	250	1
87.7928	video	80	1
87.7936	voip	40	1
87.7952	gaming	145	1
87.7966	gaming	123	2
87.8013	ftp	536	1
87.806	ftp	536	1
87.8085	video	250	1
87.8092	video	42	1
87.8101	video	54	1
87.8109	video	41	1
87.8118	video	61	1
87.8125	voip	40	1
87.8135	video	60	1
87.8144	video	63	1
87.8191	ftp	536	1
87.8238	ftp	536	1
87.8246	voip	40	1
87.8265	gaming	184	1
87.8281	video	153	1
87.8329	ftp	536	1
87.8376	ftp	536	1
87.8381	voip	15	2
87.8389	video	42	1
87.8397	video	43	1
87.8409	gaming	95	2
87.8416	voip	40	1
87.8463	ftp	536	1
87.8511	ftp	536	1
87.8558	ftp	536	1
87.8605	ftp	536	1
87.8652	ftp	536	1
87.8699	ftp	536	1
87.8747	ftp	536	1
87.8758	gaming	92	1
87.8806	ftp	536	1
87.8853	ftp	536	1
87.886	voip	40	1
87.8907	ftp	536	1
87.8955	ftp	536	1
87.9002	ftp	536	1
87.9049	ftp	536	1
87.9096	ftp	536	1
87.9143	ftp	536	1
87.9191	ftp	536	1
87.93	gaming	128	2
87.9402	voip	40	1
87.9607	gaming	151	1
87.9614	voip	40	1
87.9766	video	69	1
87.987	video	70	1
87.9989	video	250	1
87.9996	voip	40	1
88.0009	gaming	103	2
88.0074	gaming	172	1
88.0083	video	53	1
88.0138	video	42	1
88.0152	video	132	1
88.016	voip	40	1
88.0262	voip	40	2
88.0271	video	61	1
88.0279	video	47	1
88.029	video	80	1
88.0303	video	105	1
88.0312	video	66	1
88.0328	gaming	146	2
88.0336	video	40	1
88.0344	video	44	1
88.0363	video	190	1
88.0371	video	46	1
88.0379	voip	40	1
88.0386	voip	40	1
88.0394	video	42	1
88.041	video	150	1
88.0422	video	94	1
88.0429	voip	40	2
88.0531	voip	40	2
88.0544	gaming	105	1
88.0556	video	94	1
88.0563	voip	40	1
88.0572	video	49	1
88.0819	gaming	83	2
88.0826	voip	40	2
88.1117	voip	40	1
88.136	voip	40	2
88.1371	gaming	75	1
88.152	voip	40	1
88.1622	voip	40	2
88.1724	voip	40	1
88.183	gaming	89	2
88.1889	video	94	1
88.1896	video	43	1
88.1904	video	44	1
88.1914	video	71	1
88.1922	voip	40	2
88.1929	voip	40	1
88.1944	gaming	136	1
88.1954	video	64	1
88.197	video	148	1
88.1978	video	48	1
88.1986	video	40	1
88.1996	video	70	1
88.201	video	127	1
88.2027	gaming	160	2
88.2035	voip	40	2
88.2059	video	250	1
88.2083	video	250	1
88.2096	video	98	1
88.2104	video	47	1
88.2112	video	54	1
88.212	voip	40	2
88.2127	voip	40	2
88.2135	voip	40	1
88.2142	voip	40	1
88.215	voip	40	1
88.2163	gaming	106	1
88.2265	voip	40	2
88.2319	voip	40	1
88.2334	gaming	135	2
88.2359	video	250	1
88.2371	video	94	1
88.2388	video	161	1
88.249	voip	40	2
88.2499	video	58	1
88.2508	video	62	1
88.2563	voip	40	1
88.294	ftp	32696	1
88.2987	ftp	536	1
88.3035	ftp	536	1
88.3082	ftp	536	1
88.3129	ftp	536	1
88.3176	ftp	536	1
88.3223	ftp	536	1
88.3231	voip	40	2
88.3278	ftp	536	1
88.3297	gaming	185	1
88.3312	gaming	126	2
88.3319	voip	40	1
88.3366	ftp	536	1
88.3414	ftp	536	1
88.3461	ftp	536	1
88.3508	ftp	536	1
88.3555	ftp	536	1
88.3563	voip	40	2
88.361	ftp	536	1
88.362	video	68	1
88.3627	voip	40	1
88.3674	ftp	536	1
88.3685	video	84	1
88.3733	ftp	536	1
88.3743	video	77	1
88.3757	video	122	1
88.3765	video	43	1
88.3777	video	92	1
88.3788	video	85	1
88.3797	video	58	1
88.3805	video	47	1
88.3812	voip	40	2
88.382	voip	40	2
88.3827	voip	40	1
88.3835	voip	40	1
88.3852	gaming	159	1
88.3867	gaming	135	2
88.3914	ftp	536	1
88.3922	video	40	1
88.3931	video	61	1
88.394	video	54	1
88.3951	video	91	1
88.3959	video	43	1
88.3968	video	53	1
88.3975	voip	40	2
88.3983	voip	40	1
88.399	voip	40	2
88.4003	gaming	112	1
88.4018	gaming	126	2
88.4025	voip	40	1
88.4072	ftp	536	1
88.412	ftp	536	1
88.4167	ftp	536	1
88.4191	video	250	1
88.4216	video	250	1
88.4225	video	66	1
88.4234	video	53	1
88.4258	video	250	1
88.4305	ftp	536	1
88.4352	ftp	536	1
88.436	voip	40	2
88.4407	ftp	536	1
88.4454	ftp	536	1
88.4502	ftp	536	1
88.4549	ftp	536	1
88.4596	ftp	536	1
88.4643	ftp	536	1
88.469	ftp	536	1
88.4698	voip	40	1
88.4745	ftp	536	1
88.4753	voip	40	2
88.48	ftp	536	1
88.4807	voip	40	1
88.482	gaming	102	2
88.4833	gaming	112	1
88.488	ftp	536	1
88.4888	voip	40	2
88.4935	ftp	536	1
88.4982	ftp	536	1
88.499	voip	40	1
88.5037	ftp	536	1
88.5084	ftp	536	1
88.5131	ftp	536	1
88.5139	voip	40	2
88.5186	ftp	536	1
88.5233	ftp	536	1
88.5242	video	55	1
88.5258	gaming	143	1
88.5265	voip	40	1
88.5312	ftp	536	1
88.5322	video	61	1
88.5369	ftp	536	1
88.5379	video	79	1
88.5387	video	42	1
88.5434	ftp	536	1
88.5482	ftp	536	1
88.5506	video	250	1
88.5513	voip	40	2
88.5521	video	47	1
88.5569	ftp	536	1
88.5616	ftp	536	1
88.5663	ftp	536	1
88.5672	video	57	1
88.568	video	50	1
88.5688	voip	40	1
88.5698	gaming	69	2
88.5745	ftp	536	1
88.5792	ftp	536	1
88.5801	video	61	1
88.5848	ftp	536	1
88.5856	voip	40	2
88.5903	ftp	536	1
88.5923	video	200	1
88.594	video	155	1
88.5987	ftp	536	1
88.6035	ftp	536	1
88.6082	ftp	536	1
88.6089	voip	40	1
88.6105	gaming	147	1
88.6113	voip	40	2
88.6132	video	188	1
88.614	video	49	1
88.6152	gaming	89	2
88.617	video	166	1
88.6189	video	194	1
88.6199	video	65	1
88.6219	video	200	1
88.6229	video	63	1
88.6276	ftp	536	1
88.6323	ftp	536	1
88.637	ftp	536	1
88.6378	voip	40	1
88.6385	voip	40	2
88.6432	ftp	536	1
88.648	ftp	536	1
88.6488	video	56	1
88.6498	video	66	1
88.6506	voip	40	1
88.6553	ftp	536	1
88.66	ftp	536	1
88.6647	ftp	536	1
88.6667	gaming	197	1
88.6675	voip	40	2
88.6722	ftp	536	1
88.6769	ftp	536	1
88.6777	voip	40	1
88.6792	gaming	139	2
88.6839	ftp	536	1
88.6886	ftp	536	1
88.6894	voip	40	2
88.6941	ftp	536	1
88.6988	ftp	536	1
88.6996	voip	40	1
88.7043	ftp	536	1
88.709	ftp	536	1
88.7138	ftp	536	1
88.7145	voip	40	2
88.7192	ftp	536	1
88.7239	ftp	536	1
88.7247	voip	40	1
88.7294	ftp	536	1
88.7341	ftp	536	1
88.7359	gaming	164	1
88.7406	ftp	536	1
88.7453	ftp	536	1
88.7469	gaming	145	2
88.7477	voip	40	2
88.7485	video	56	1
88.7533	ftp	536	1
88.758	ftp	536	1
88.7587	voip	40	1
88.7595	video	44	1
88.7603	video	44	1
88.765	ftp	536	1
88.7697	ftp	536	1
88.7705	video	46	1
88.773	video	250	1
88.7737	voip	40	2
88.7784	ftp	536	1
88.7832	ftp	536	1
88.7839	voip	40	1
88.786	video	207	1
88.7907	ftp	536	1
88.7954	ftp	536	1
88.7963	video	58	1
88.798	video	157	1
88.7988	video	48	1
88.8008	video	196	1
88.8017	video	56	1
88.8025	voip	40	2
88.8072	ftp	536	1
88.8119	ftp	536	1
88.8127	video	40	1
88.8136	video	63	1
88.8145	video	62	1
88.8151	voip	15	1
88.8162	gaming	91	1
88.821	ftp	536	1
88.8257	ftp	536	1
88.8304	ftp	536	1
88.8324	video	192	1
88.8332	video	43	1
88.8351	video	191	1
88.8359	video	49	1
88.8373	gaming	117	2
88.8381	voip	40	2
88.8428	ftp	536	1
88.8475	ftp	536	1
88.8522	ftp	536	1
88.8531	video	51	1
88.8538	video	42	1
88.8585	ftp	536	1
88.8633	ftp	536	1
88.864	voip	40	2
88.8687	ftp	536	1
88.8735	ftp	536	1
88.8782	ftp	536	1
88.8799	gaming	164	2
88.8846	ftp	536	1
88.8894	ftp	536	1
88.8901	voip	40	2
88.8914	gaming	107	1
88.8961	ftp	536	1
88.9008	ftp	536	1
88.9016	voip	40	2
88.9063	ftp	536	1
88.911	ftp	536	1
88.9158	ftp	536	1
88.9205	ftp	536	1
88.9252	ftp	536	1
88.9299	ftp	536	1
88.9307	voip	40	2
88.932	gaming	109	2
88.9328	video	51	1
88.9375	ftp	536	1
88.9422	ftp	536	1
88.9447	video	250	1
88.9471	video	250	1
88.9485	gaming	125	1
88.9494	video	53	1
88.9541	ftp	536	1
88.9588	ftp	536	1
88.9636	ftp	536	1
88.9644	video	57	1
88.9652	voip	40	2
88.9664	video	93	1
88.9711	ftp	536	1
88.9758	ftp	536	1
88.9764	voip	15	1
88.9811	ftp	536	1
88.9858	ftp	536	1
88.9869	video	78	1
88.9877	video	55	1
88.9925	ftp	536	1
88.9972	ftp	536	1
88.9979	voip	40	2
88.9988	video	52	1
89.0002	video	125	1
89.0049	ftp	536	1
89.0096	ftp	536	1
89.0111	gaming	129	2
89.0126	video	138	1
89.0174	ftp	536	1
89.0221	ftp	536	1
89.0231	gaming	77	1
89.0248	video	159	1
89.0256	voip	40	2
89.0264	video	52	1
89.0312	ftp	536	1
89.0359	ftp	536	1
89.0367	video	45	1
89.0375	video	51	1
89.0422	ftp	536	1
89.047	ftp	536	1
89.049	video	204	1
89.0514	video	250	1
89.0522	voip	40	2
89.0535	video	108	1
89.0582	ftp	536	1
89.0629	ftp	536	1
89.0643	gaming	120	2
89.0651	video	47	1
89.0699	ftp	536	1
89.0746	ftp	536	1
89.0758	video	94	1
89.0765	voip	40	2
89.078	gaming	128	1
89.0827	ftp	536	1
89.0874	ftp	536	1
89.0921	ftp	536	1
89.0968	ftp	536	1
89.1016	ftp	536	1
89.1023	voip	40	2
89.1041	gaming	169	2
89.1088	ftp	536	1
89.1135	ftp	536	1
89.1183	ftp	536	1
89.123	ftp	536	1
89.1237	voip	40	2
89.1254	gaming	150	1
89.1301	ftp	536	1
89.1348	ftp	536	1
89.1354	voip	15	1
89.1401	ftp	536	1
89.1448	ftp	536	1
89.1456	voip	40	2
89.1503	ftp	536	1
89.155	ftp	536	1
89.1569	gaming	190	2
89.1617	ftp	536	1
89.1664	ftp	536	1
89.1673	video	61	1
89.1682	video	52	1
89.1729	ftp	536	1
89.1776	ftp	536	1
89.1823	ftp	536	1
89.1837	video	116	1
89.1844	voip	40	2
89.1852	video	43	1
89.186	video	50	1
89.1908	ftp	536	1
89.1955	ftp	536	1
89.1964	video	67	1
89.1979	gaming	125	1
89.1988	video	61	1
89.2035	ftp	536	1
89.2082	ftp	536	1
89.2105	video	226	1
89.2129	video	250	1
89.2176	ftp	536	1
89.2223	ftp	536	1
89.2231	voip	40	2
89.2242	video	86	1
89.2262	video	193	1
89.2284	gaming	216	2
89.2331	ftp	536	1
89.2378	ftp	536	1
89.2386	video	45	1
89.2394	video	46	1
89.2401	voip	40	2
89.2449	ftp	536	1
89.2496	ftp	536	1
89.2503	video	41	1
89.2528	video	250	1
89.2575	ftp	536	1
89.2622	ftp	536	1
89.264	video	167	1
89.2664	video	250	1
89.2711	ftp	536	1
89.2758	ftp	536	1
89.2766	voip	40	2
89.279	video	250	1
89.2802	gaming	88	2
89.2814	gaming	95	1
89.2823	video	65	1
89.2835	video	98	1
89.2882	ftp	536	1
89.293	ftp	536	1
89.2977	ftp	536	1
89.3024	ftp	536	1
89.3032	voip	40	2
89.3079	ftp	536	1
89.3126	ftp	536	1
89.3173	ftp	536	1
89.3179	voip	15	1
89.3226	ftp	536	1
89.3273	ftp	536	1
89.3281	voip	40	2
89.3293	gaming	102	2
89.334	ftp	536	1
89.3388	ftp	536	1
89.3402	gaming	132	1
89.345	ftp	536	1
89.3497	ftp	536	1
89.3504	voip	40	2
89.3552	ftp	536	1
89.3599	ftp	536	1
89.3646	ftp	536	1
89.3693	ftp	536	1
89.3701	voip	40	2
89.3748	ftp	536	1
89.3795	ftp	536	1
89.3816	video	208	1
89.3826	gaming	71	1
89.3873	ftp	536	1
89.392	ftp	536	1
89.394	gaming	190	2
89.3964	video	250	1
89.3972	voip	40	2
89.4019	ftp	536	1
89.4066	ftp	536	1
89.4113	ftp	536	1
89.4134	video	204	1
89.4142	video	48	1
89.4189	ftp	536	1
89.4237	ftp	536	1
89.4244	video	43	1
89.4254	video	68	1
89.4301	ftp	536	1
89.4348	ftp	536	1
89.4356	voip	40	2
89.4364	video	41	1
89.4411	ftp	536	1
89.4458	ftp	536	1
89.4467	video	57	1
89.4483	gaming	147	1
89.453	ftp	536	1
89.4577	ftp	536	1
89.4592	gaming	126	2
89.46	video	48	1
89.4607	voip	40	2
89.4655	ftp	536	1
89.4702	ftp	536	1
89.4716	video	124	1
89.4763	ftp	536	1
89.481	ftp	536	1
89.4827	video	154	1
89.4836	video	58	1
89.4844	video	47	1
89.485	voip	15	1
89.4863	video	114	1
89.491	ftp	536	1
89.4958	ftp	536	1
89.4965	voip	40	2
89.4974	video	58	1
89.4987	gaming	109	1
89.5034	ftp	536	1
89.5081	ftp	536	1
89.5097	gaming	146	2
89.5109	video	96	1
89.5134	video	249	1
89.5141	voip	40	2
89.5149	video	49	1
89.5197	ftp	536	1
89.5205	video	48	1
89.5252	ftp	536	1
89.5299	ftp	536	1
89.5346	ftp	536	1
89.5356	video	69	1
89.5364	voip	40	2
89.5411	ftp	536	1
89.5458	ftp	536	1
89.5505	ftp	536	1
89.5553	ftp	536	1
89.56	ftp	536	1
89.561	gaming	74	1
89.5624	gaming	115	2
89.5631	voip	40	2
89.5678	ftp	536	1
89.5725	ftp	536	1
89.5773	ftp	536	1
89.582	ftp	536	1
89.5827	voip	40	2
89.5875	ftp	536	1
89.5922	ftp	536	1
89.5969	ftp	536	1
89.6016	ftp	536	1
89.6032	gaming	142	1
89.6079	ftp	536	1
89.6126	ftp	536	1
89.6144	gaming	165	2
89.6151	voip	40	2
89.6198	ftp	536	1
89.6246	ftp	536	1
89.6253	video	40	1
89.63	ftp	536	1
89.6348	ftp	536	1
89.6357	video	58	1
89.6364	voip	40	1
89.6372	voip	40	2
89.6419	ftp	536	1
89.6466	ftp	536	1
89.6475	video	53	1
89.6522	ftp	536	1
89.6569	ftp	536	1
89.6578	video	58	1
89.6587	video	56	1
89.661	gaming	231	1
89.6657	ftp	536	1
89.6704	ftp	536	1
89.6751	ftp	536	1
89.6759	voip	40	1
89.6766	voip	40	2
89.6778	video	96	1
89.6825	ftp	536	1
89.6837	gaming	95	2
89.6884	ftp	536	1
89.6893	video	54	1
89.6903	video	65	1
89.6911	video	45	1
89.6918	voip	40	1
89.6926	voip	40	2
89.695	video	250	1
89.6974	video	250	1
89.6983	video	56	1
89.6993	video	76	1
89.7014	video	203	1
89.7061	ftp	536	1
89.7108	ftp	536	1
89.7123	gaming	129	1
89.7131	voip	40	1
89.7138	voip	40	2
89.7146	video	43	1
89.7154	video	49	1
89.7167	gaming	110	2
89.7183	video	138	1
89.7191	video	50	1
89.7198	voip	40	1
89.7206	voip	40	2
89.7215	video	57	1
89.7223	video	43	1
89.727	ftp	536	1
89.7317	ftp	536	1
89.7364	ftp	536	1
89.7411	ftp	536	1
89.7459	ftp	536	1
89.7466	voip	40	1
89.7474	voip	40	2
89.7521	ftp	536	1
89.7568	ftp	536	1
89.7615	ftp	536	1
89.7625	gaming	73	1
89.7673	ftp	536	1
89.772	ftp	536	1
89.7767	ftp	536	1
89.7814	ftp	536	1
89.7861	ftp	536	1
89.7909	ftp	536	1
89.7916	voip	40	1
89.7935	gaming	187	2
89.7943	voip	40	2
89.799	ftp	536	1
89.8037	ftp	536	1
89.8084	ftp	536	1
89.8132	ftp	536	1
89.8179	ftp	536	1
89.8226	ftp	536	1
89.8273	ftp	536	1
89.832	ftp	536	1
89.8368	ftp	536	1
89.8375	voip	40	1
89.8383	voip	40	2
89.843	ftp	536	1
89.8477	ftp	536	1
89.8494	gaming	153	1
89.8501	video	41	1
89.8519	gaming	165	2
89.8566	ftp	536	1
89.8574	voip	40	1
89.8581	voip	40	2
89.8589	video	49	1
89.86	video	76	1
89.8608	video	48	1
89.8655	ftp	536	1
89.8663	voip	40	1
89.867	voip	40	2
89.8679	video	52	1
89.8687	video	55	1
89.8734	ftp	536	1
89.8751	gaming	149	1
89.8758	voip	40	1
89.877	gaming	95	2
89.8778	voip	40	2
89.8793	video	135	1
89.8809	video	153	1
89.8818	video	56	1
89.883	video	97	1
89.8838	video	41	1
89.8847	video	61	1
89.8894	ftp	536	1
89.8907	video	103	1
89.8914	voip	40	1
89.8922	voip	40	2
89.8969	ftp	536	1
89.9016	ftp	536	1
89.9024	video	45	1
89.9048	video	250	1
89.9062	gaming	121	1
89.9078	video	134	1
89.9086	video	52	1
89.9094	video	51	1
89.9117	gaming	229	2
89.9126	video	54	1
89.9133	voip	40	1
89.9141	voip	40	2
89.9243	video	45	1
89.9251	voip	40	1
89.94	voip	40	2
89.9848	gaming	242	1
89.9903	voip	40	1
89.9958	voip	40	2
90.0258	gaming	166	2
90.036	voip	40	1
90.0368	voip	40	2
90.0659	voip	40	1
90.0666	voip	40	2
90.0679	gaming	111	1
90.0694	gaming	129	2
90.0715	video	208	1
90.0817	voip	40	1
90.0824	voip	40	2
90.0849	video	250	1
90.0915	video	185	1
90.0934	video	178	1
90.0941	voip	40	1
90.0949	voip	40	2
90.0962	gaming	118	2
90.0975	gaming	100	1
90.0983	video	55	1
90.0991	video	42	1
90.1007	video	151	1
90.1016	video	47	1
90.104	video	250	1
90.1142	voip	40	1
90.1149	voip	40	2
90.116	video	85	1
90.1168	video	44	1
90.1472	video	200	1
90.1479	voip	40	1
90.1534	voip	40	2
90.1685	video	63	1
90.1851	video	250	1
90.186	video	60	1
90.1868	video	42	1
90.1879	gaming	86	1
90.1894	gaming	136	2
90.1949	voip	40	1
90.1956	voip	40	2
90.1965	video	53	1
90.2084	video	250	1
90.214	video	62	1
90.2249	video	128	1
90.2304	voip	40	1
90.2358	voip	40	2
90.2406	ftp	26264	1
90.2508	voip	40	1
90.2515	voip	40	2
90.2574	gaming	90	1
90.2635	gaming	117	2
90.2689	voip	40	1
90.2744	voip	40	2
90.2893	voip	40	1
90.2901	voip	40	2
90.2917	gaming	148	1
90.2984	video	195	1
90.3043	video	92	1
90.3056	video	103	1
90.3123	gaming	194	2
90.313	voip	40	1
90.3138	voip	40	2
90.3146	video	45	1
90.3155	video	60	1
90.3164	video	59	1
90.3171	video	41	1
90.3181	video	65	1
90.319	video	57	1
90.3197	video	43	1
90.3206	video	57	1
90.3215	video	59	1
90.3223	video	44	1
90.3328	video	78	1
90.3338	video	64	1
90.3348	gaming	75	1
90.336	gaming	93	2
90.3367	voip	40	1
90.3375	voip	40	1
90.3382	voip	40	2
90.339	voip	40	2
90.3414	video	250	1
90.3517	video	53	1
90.3667	video	51	1
90.3691	video	250	1
90.3702	video	73	1
90.3709	voip	40	1
90.3811	voip	40	2
90.3823	gaming	91	2
90.3924	voip	40	1
90.3936	gaming	92	1
90.3944	voip	40	2
90.4093	voip	40	1
90.41	voip	40	2
90.4162	gaming	123	2
90.4264	voip	40	1
90.4271	voip	40	2
90.4338	gaming	198	1
90.4394	video	53	1
90.4441	ftp	21440	1
90.4449	voip	40	1
90.4496	ftp	536	1
90.4504	voip	40	2
90.4523	video	182	1
90.457	ftp	536	1
90.4578	video	44	1
90.4591	gaming	112	2
90.4638	ftp	536	1
90.4646	video	50	1
90.4671	video	250	1
90.4718	ftp	536	1
90.4725	video	40	1
90.4773	ftp	536	1
90.478	voip	40	1
90.4798	video	166	1
90.4845	ftp	536	1
90.4892	ftp	536	1
90.49	voip	40	2
90.4947	ftp	536	1
90.4994	ftp	536	1
90.5002	video	41	1
90.5017	gaming	140	1
90.5064	ftp	536	1
90.5072	video	47	1
90.5086	video	110	1
90.5133	ftp	536	1
90.514	voip	40	1
90.5148	voip	40	2
90.5195	ftp	536	1
90.5204	video	56	1
90.5218	video	126	1
90.5243	video	250	1
90.5266	gaming	236	2
90.5313	ftp	536	1
90.536	ftp	536	1
90.5368	video	41	1
90.5375	voip	40	1
90.5383	voip	40	2
90.543	ftp	536	1
90.5438	video	45	1
90.5485	ftp	536	1
90.5532	ftp	536	1
90.554	video	47	1
90.5588	ftp	536	1
90.5612	video	250	1
90.5659	ftp	536	1
90.5667	voip	40	1
90.5674	video	41	1
90.568	voip	15	2
90.5691	video	83	1
90.5738	ftp	536	1
90.5746	video	48	1
90.5757	gaming	88	1
90.5805	ftp	536	1
90.5819	gaming	126	2
90.5825	voip	15	1
90.5872	ftp	536	1
90.5919	ftp	536	1
90.5966	ftp	536	1
90.6013	ftp	536	1
90.6061	ftp	536	1
90.6108	ftp	536	1
90.6155	ftp	536	1
90.617	gaming	128	1
90.6217	ftp	536	1
90.6264	ftp	536	1
90.6282	gaming	170	2
90.6329	ftp	536	1
90.6376	ftp	536	1
90.6423	ftp	536	1
90.6471	ftp	536	1
90.6518	ftp	536	1
90.6565	ftp	536	1
90.6573	video	48	1
90.662	ftp	536	1
90.6636	video	141	1
90.6644	video	46	1
90.6655	video	89	1
90.6703	ftp	536	1
90.6729	gaming	270	1
90.6736	video	40	1
90.6753	gaming	156	2
90.68	ftp	536	1
90.6847	ftp	536	1
90.6857	video	67	1
90.6867	video	72	1
90.6891	video	250	1
90.69	video	55	1
90.6947	ftp	536	1
90.6994	ftp	536	1
90.7004	video	70	1
90.7052	ftp	536	1
90.7099	ftp	536	1
90.7107	video	51	1
90.7115	video	49	1
90.714	video	250	1
90.7145	voip	15	2
90.7192	ftp	536	1
90.724	ftp	536	1
90.7255	video	142	1
90.7266	gaming	77	1
90.7276	video	69	1
90.7323	ftp	536	1
90.737	ftp	536	1
90.7378	video	51	1
90.7384	voip	15	1
90.7392	video	48	1
90.7439	ftp	536	1
90.7487	ftp	536	1
90.7534	ftp	536	1
90.7546	gaming	101	2
90.7561	video	134	1
90.7608	ftp	536	1
90.7656	ftp	536	1
90.7665	video	58	1
90.7676	video	93	1
90.7724	ftp	536	1
90.7771	ftp	536	1
90.779	gaming	183	1
90.7837	ftp	536	1
90.7884	ftp	536	1
90.7931	ftp	536	1
90.7978	ftp	536	1
90.7999	gaming	199	2
90.8046	ftp	536	1
90.8093	ftp	536	1
90.814	ftp	536	1
90.8188	ftp	536	1
90.8235	ftp	536	1
90.8282	ftp	536	1
90.8294	gaming	94	1
90.8341	ftp	536	1
90.8388	ftp	536	1
90.8435	ftp	536	1
90.8483	ftp	536	1
90.8497	gaming	128	2
90.8507	video	67	1
90.8554	ftp	536	1
90.8601	ftp	536	1
90.8609	video	48	1
90.8657	ftp	536	1
90.8704	ftp	536	1
90.8709	voip	15	2
90.8756	ftp	536	1
90.8804	ftp	536	1
90.8828	video	250	1
90.8875	ftp	536	1
90.8922	ftp	536	1
90.8938	video	138	1
90.8943	voip	15	1
90.8951	video	45	1
90.8965	gaming	121	1
90.8977	video	98	1
90.9025	ftp	536	1
90.9072	ftp	536	1
90.908	video	43	1
90.9104	video	250	1
90.9116	video	100	1
90.9128	video	92	1
90.9141	gaming	115	2
90.9189	ftp	536	1
90.9236	ftp	536	1
90.9243	video	41	1
90.9252	video	49	1
90.9299	ftp	536	1
90.9346	ftp	536	1
90.9354	video	42	1
90.9401	ftp	536	1
90.9448	ftp	536	1
90.9495	ftp	536	1
90.9504	video	56	1
90.9515	video	83	1
90.9525	video	65	1
90.9549	video	250	1
90.9558	video	62	1
90.9605	ftp	536	1
90.9653	ftp	536	1
90.9662	video	66	1
90.9687	gaming	252	1
90.9697	video	77	1
90.9706	gaming	52	2
90.9753	ftp	536	1
90.98	ftp	536	1
90.9847	ftp	536	1
90.9894	ftp	536	1
90.9942	ftp	536	1
90.9989	ftp	536	1
91.0036	ftp	536	1
91.0083	ftp	536	1
91.013	ftp	536	1
91.0178	ftp	536	1
91.0192	gaming	121	1
91.0205	gaming	109	2
91.0252	ftp	536	1
91.0299	ftp	536	1
91.0305	voip	15	2
91.0352	ftp	536	1
91.0399	ftp	536	1
91.0446	ftp	536	1
91.0493	ftp	536	1
91.0499	voip	15	1
91.0546	ftp	536	1
91.0593	ftp	536	1
91.0603	video	67	1
91.065	ftp	536	1
91.0697	ftp	536	1
91.0713	video	142	1
91.0729	video	149	1
91.074	video	77	1
91.0787	ftp	536	1
91.0834	ftp	536	1
91.0843	video	52	1
91.0857	gaming	127	1
91.0866	video	63	1
91.0877	video	78	1
91.0924	ftp	536	1
91.0971	ftp	536	1
91.0981	video	60	1
91.0994	gaming	112	2
91.1041	ftp	536	1
91.1088	ftp	536	1
91.1135	ftp	536	1
91.1144	video	51	1
91.1153	video	61	1
91.1165	video	91	1
91.1212	ftp	536	1
91.1259	ftp	536	1
91.1267	video	44	1
91.1275	video	42	1
91.1322	ftp	536	1
91.1369	ftp	536	1
91.1377	video	49	1
91.139	video	102	1
91.1437	ftp	536	1
91.1484	ftp	536	1
91.1497	video	112	1
91.1516	gaming	178	1
91.1526	video	71	1
91.1573	ftp	536	1
91.162	ftp	536	1
91.1632	video	90	1
91.164	video	53	1
91.1688	ftp	536	1
91.1735	ftp	536	1
91.1748	gaming	109	2
91.1758	video	75	1
91.1805	ftp	536	1
91.1853	ftp	536	1
91.19	ftp	536	1
91.1947	ftp	536	1
91.1954	voip	40	2
91.2002	ftp	536	1
91.2049	ftp	536	1
91.2067	gaming	172	1
91.2114	ftp	536	1
91.2161	ftp	536	1
91.2167	voip	15	1
91.2183	gaming	142	2
91.219	voip	40	2
91.2237	ftp	536	1
91.2284	ftp	536	1
91.2332	ftp	536	1
91.2379	ftp	536	1
91.2426	ftp	536	1
91.2473	ftp	536	1
91.2481	voip	40	2
91.2528	ftp	536	1
91.2575	ftp	536	1
91.2593	gaming	163	1
91.264	ftp	536	1
91.2687	ftp	536	1
91.2695	video	49	1
91.2703	voip	40	2
91.275	ftp	536	1
91.2797	ftp	536	1
91.2805	video	41	1
91.2852	ftp	536	1
91.2899	ftp	536	1
91.2907	video	50	1
91.2927	gaming	190	2
91.2936	video	65	1
91.2984	ftp	536	1
91.3031	ftp	536	1
91.3038	voip	40	2
91.3086	ftp	536	1
91.3133	ftp	536	1
91.3143	video	75	1
91.3151	video	44	1
91.3159	video	45	1
91.3206	ftp	536	1
91.3253	ftp	536	1
91.33	ftp	536	1
91.3315	gaming	127	1
91.3324	video	61	1
91.3332	video	43	1
91.3339	voip	40	2
91.3387	ftp	536	1
91.3434	ftp	536	1
91.3442	video	53	1
91.3467	video	250	1
91.3493	gaming	278	2
91.354	ftp	536	1
91.3588	ftp	536	1
91.3595	video	40	1
91.3603	voip	40	2
91.365	ftp	536	1
91.3697	ftp	536	1
91.3712	video	134	1
91.3759	ftp	536	1
91.3807	ftp	536	1
91.3814	video	44	1
91.3822	video	47	1
91.3828	voip	15	1
91.3875	ftp	536	1
91.3922	ftp	536	1
91.393	voip	40	2
91.3938	video	44	1
91.3951	gaming	108	1
91.3967	video	145	1
91.3987	video	199	1
91.4002	video	130	1
91.4026	video	250	1
91.4073	ftp	536	1
91.412	ftp	536	1
91.4168	ftp	536	1
91.4215	ftp	536	1
91.4222	voip	40	2
91.4269	ftp	536	1
91.4317	ftp	536	1
91.4333	gaming	154	2
91.438	ftp	536	1
91.4428	ftp	536	1
91.4435	voip	40	2
91.4448	gaming	107	1
91.4495	ftp	536	1
91.4542	ftp	536	1
91.459	ftp	536	1
91.4637	ftp	536	1
91.4644	voip	40	2
91.4692	ftp	536	1
91.4739	ftp	536	1
91.4786	ftp	536	1
91.4833	ftp	536	1
91.4847	gaming	118	2
91.4894	ftp	536	1
91.4941	ftp	536	1
91.4989	ftp	536	1
91.5006	gaming	165	1
91.5014	voip	40	2
91.5061	ftp	536	1
91.5108	ftp	536	1
91.5132	video	250	1
91.5157	video	250	1
91.5204	ftp	536	1
91.5251	ftp	536	1
91.526	video	64	1
91.5268	voip	40	2
91.5315	ftp	536	1
91.5362	ftp	536	1
91.5371	video	50	1
91.5418	ftp	536	1
91.5465	ftp	536	1
91.5487	video	217	1
91.5502	gaming	132	2
91.5512	video	73	1
91.5524	gaming	92	1
91.5571	ftp	536	1
91.5618	ftp	536	1
91.5642	video	250	1
91.565	voip	40	2
91.5674	video	250	1
91.568	voip	15	1
91.5688	video	57	1
91.5736	ftp	536	1
91.5783	ftp	536	1
91.5807	video	250	1
91.5854	ftp	536	1
91.5902	ftp	536	1
91.5909	voip	40	2
91.5921	video	89	1
91.5968	ftp	536	1
91.6015	ftp	536	1
91.6024	video	65	1
91.6072	ftp	536	1
91.6119	ftp	536	1
91.6131	gaming	96	2
91.6138	voip	40	2
91.6146	video	41	1
91.6158	gaming	100	1
91.6206	ftp	536	1
91.6253	ftp	536	1
91.6269	video	145	1
91.6282	video	114	1
91.6329	ftp	536	1
91.6376	ftp	536	1
91.6389	video	102	1
91.6403	video	117	1
91.641	voip	40	2
91.6457	ftp	536	1
91.6505	ftp	536	1
91.6515	video	80	1
91.6524	video	53	1
91.6571	ftp	536	1
91.6618	ftp	536	1
91.6628	video	74	1
91.6636	voip	40	2
91.6648	gaming	98	1
91.6669	gaming	206	2
91.6716	ftp	536	1
91.6763	ftp	536	1
91.6811	ftp	536	1
91.6858	ftp	536	1
91.6905	ftp	536	1
91.6952	ftp	536	1
91.696	voip	40	2
91.7007	ftp	536	1
91.7054	ftp	536	1
91.7072	gaming	175	1
91.712	ftp	536	1
91.7167	ftp	536	1
91.7174	voip	40	2
91.719	gaming	136	2
91.7195	voip	15	1
91.7242	ftp	536	1
91.7289	ftp	536	1
91.7337	ftp	536	1
91.7384	ftp	536	1
91.7431	ftp	536	1
91.7478	ftp	536	1
91.7486	voip	40	2
91.7494	video	47	1
91.7541	ftp	536	1
91.7588	ftp	536	1
91.7635	ftp	536	1
91.765	gaming	131	1
91.7659	video	58	1
91.7706	ftp	536	1
91.7754	ftp	536	1
91.7761	voip	40	2
91.7775	gaming	115	2
91.7783	video	46	1
91.7807	video	250	1
91.7854	ftp	536	1
91.7901	ftp	536	1
91.7909	video	44	1
91.7919	video	66	1
91.7932	video	106	1
91.7979	ftp	536	1
91.8026	ftp	536	1
91.8034	video	45	1
91.8058	video	250	1
91.8066	voip	40	2
91.8079	video	107	1
91.8126	ftp	536	1
91.8173	ftp	536	1
91.8184	video	78	1
91.8192	video	45	1
91.8199	video	42	1
91.8207	video	46	1
91.8254	ftp	536	1
91.8302	ftp	536	1
91.8323	gaming	218	1
91.8331	voip	40	2
91.8345	video	127	1
91.8393	ftp	536	1
91.844	ftp	536	1
91.8461	gaming	216	2
91.8471	video	71	1
91.8496	video	250	1
91.8543	ftp	536	1
91.859	ftp	536	1
91.8602	video	94	1
91.8609	voip	40	2
91.8617	video	42	1
91.8664	ftp	536	1
91.8712	ftp	536	1
91.8721	video	64	1
91.8768	ftp	536	1
91.8815	ftp	536	1
91.8823	voip	40	2
91.8843	gaming	195	1
91.889	ftp	536	1
91.8937	ftp	536	1
91.8945	voip	40	1
91.8992	ftp	536	1
91.9039	ftp	536	1
91.9057	gaming	165	2
91.9064	voip	40	2
91.9111	ftp	536	1
91.9159	ftp	536	1
91.9166	voip	40	1
91.9213	ftp	536	1
91.926	ftp	536	1
91.9275	gaming	127	1
91.9282	voip	40	2
91.933	ftp	536	1
91.9377	ftp	536	1
91.9384	voip	40	1
91.9432	ftp	536	1
91.9479	ftp	536	1
91.9526	ftp	536	1
91.9573	ftp	536	1
91.9587	gaming	122	2
91.9595	voip	40	2
91.9642	ftp	536	1
91.9689	ftp	536	1
91.9697	voip	40	1
91.9705	video	55	1
91.973	video	250	1
91.9777	ftp	536	1
91.9824	ftp	536	1
91.9832	voip	40	2
91.9857	gaming	260	1
91.9865	video	51	1
91.9912	ftp	536	1
91.996	ftp	536	1
91.9967	voip	40	1
91.9979	video	96	1
92.0026	ftp	536	1
92.0074	ftp	536	1
92.0086	video	103	1
92.0133	ftp	536	1
92.018	ftp	536	1
92.0188	voip	40	2
92.0198	video	68	1
92.0207	video	57	1
92.0254	ftp	536	1
92.0301	ftp	536	1
92.0309	voip	40	1
92.0333	video	249	1
92.0348	gaming	135	2
92.0395	ftp	536	1
92.0442	ftp	536	1
92.049	ftp	536	1
92.0508	video	175	1
92.0517	video	55	1
92.0531	gaming	123	1
92.0555	video	250	1
92.0563	voip	40	2
92.061	ftp	536	1
92.0657	ftp	536	1
92.0667	video	73	1
92.0675	video	41	1
92.0682	voip	40	1
92.0695	video	110	1
92.0743	ftp	536	1
92.079	ftp	536	1
92.0803	video	108	1
92.0827	video	250	1
92.0835	voip	40	2
92.0846	video	86	1
92.0893	ftp	536	1
92.094	ftp	536	1
92.0949	video	55	1
92.0956	voip	40	1
92.0972	gaming	138	2
92.0981	video	62	1
92.1028	ftp	536	1
92.1075	ftp	536	1
92.1084	video	58	1
92.1103	gaming	182	1
92.1111	voip	40	2
92.1158	ftp	536	1
92.1205	ftp	536	1
92.1213	voip	40	1
92.126	ftp	536	1
92.1307	ftp	536	1
92.1315	voip	40	2
92.1331	gaming	155	2
92.1379	ftp	536	1
92.1426	ftp	536	1
92.1433	voip	40	1
92.148	ftp	536	1
92.1528	ftp	536	1
92.1535	voip	40	2
92.1582	ftp	536	1
92.163	ftp	536	1
92.1637	voip	40	1
92.1684	ftp	536	1
92.1732	ftp	536	1
92.1747	gaming	134	1
92.1794	ftp	536	1
92.1841	ftp	536	1
92.1848	voip	40	2
92.1856	voip	40	1
92.1903	ftp	536	1
92.195	ftp	536	1
92.1969	gaming	179	2
92.1977	video	45	1
92.2024	ftp	536	1
92.2071	ftp	536	1
92.2079	voip	40	2
92.2087	video	49	1
92.2134	ftp	536	1
92.2182	ftp	536	1
92.2189	voip	40	1
92.2209	video	193	1
92.2256	ftp	536	1
92.2303	ftp	536	1
92.2311	video	49	1
92.2319	voip	40	2
92.2366	ftp	536	1
92.2413	ftp	536	1
92.2431	gaming	169	1
92.2439	video	46	1
92.2447	voip	40	1
92.2494	ftp	536	1
92.2541	ftp	536	1
92.2549	video	45	1
92.256	video	82	1
92.2577	gaming	156	2
92.2624	ftp	536	1
92.2671	ftp	536	1
92.2679	voip	40	2
92.2687	video	46	1
92.2696	video	66	1
92.2704	voip	40	1
92.2751	ftp	536	1
92.2798	ftp	536	1
92.2807	video	55	1
92.2831	video	250	1
92.2856	video	250	1
92.2863	voip	40	2
92.291	ftp	536	1
92.2918	voip	40	1
92.2937	video	189	1
92.2945	video	44	1
92.2954	video	64	1
92.2971	gaming	147	1
92.3018	ftp	536	1
92.3032	gaming	125	2
92.3047	video	131	1
92.3054	voip	40	2
92.3102	ftp	536	1
92.3109	voip	40	1
92.3156	ftp	536	1
92.3165	video	49	1
92.3181	video	153	1
92.319	video	59	1
92.3237	ftp	536	1
92.3245	video	42	1
92.3253	voip	40	2
92.33	ftp	536	1
92.3347	ftp	536	1
92.3394	ftp	536	1
92.3441	ftp	536	1
92.3449	voip	40	1
92.3496	ftp	536	1
92.3543	ftp	536	1
92.3563	gaming	191	1
92.361	ftp	536	1
92.3618	voip	40	2
92.3665	ftp	536	1
92.3712	ftp	536	1
92.3727	gaming	128	2
92.3734	voip	40	1
92.3781	ftp	536	1
92.3828	ftp	536	1
92.3836	voip	40	2
92.3883	ftp	536	1
92.393	ftp	536	1
92.3936	voip	15	1
92.3983	ftp	536	1
92.403	ftp	536	1
92.4054	gaming	241	1
92.4101	ftp	536	1
92.4148	ftp	536	1
92.4156	voip	40	2
92.4173	gaming	160	2
92.422	ftp	536	1
92.4267	ftp	536	1
92.4276	video	56	1
92.4288	video	91	1
92.4335	ftp	536	1
92.4382	ftp	536	1
92.4392	video	69	1
92.44	voip	40	2
92.4447	ftp	536	1
92.4494	ftp	536	1
92.4503	video	62	1
92.455	ftp	536	1
92.4598	ftp	536	1
92.4618	video	197	1
92.4665	ftp	536	1
92.4712	ftp	536	1
92.472	voip	40	2
92.4733	video	116	1
92.4747	gaming	124	2
92.4758	video	73	1
92.4776	gaming	178	1
92.4823	ftp	536	1
92.4833	video	69	1
92.488	ftp	536	1
92.4928	ftp	536	1
92.4975	ftp	536	1
92.4989	video	128	1
92.4997	voip	40	2
92.5006	video	57	1
92.503	video	250	1
92.5054	video	250	1
92.5071	video	154	1
92.5118	ftp	536	1
92.5165	ftp	536	1
92.5213	ftp	536	1
92.5223	video	79	1
92.527	ftp	536	1
92.528	video	64	1
92.5287	voip	40	2
92.5335	ftp	536	1
92.5348	gaming	114	2
92.5395	ftp	536	1
92.5417	video	213	1
92.5434	gaming	157	1
92.5441	video	42	1
92.5449	video	44	1
92.5466	video	155	1
92.5513	ftp	536	1
92.556	ftp	536	1
92.5568	voip	40	2
92.5578	video	77	1
92.5625	ftp	536	1
92.5631	voip	15	1
92.5678	ftp	536	1
92.5725	ftp	536	1
92.5772	ftp	536	1
92.578	voip	40	2
92.5827	ftp	536	1
92.5874	ftp	536	1
92.5892	gaming	160	1
92.5907	gaming	141	2
92.5954	ftp	536	1
92.6002	ftp	536	1
92.6009	voip	40	2
92.6056	ftp	536	1
92.6103	ftp	536	1
92.6151	ftp	536	1
92.6198	ftp	536	1
92.6205	voip	40	2
92.6253	ftp	536	1
92.63	ftp	536	1
92.6347	ftp	536	1
92.6394	ftp	536	1
92.6411	gaming	154	1
92.6437	gaming	279	2
92.6446	video	54	1
92.6454	voip	40	2
92.6478	video	250	1
92.6525	ftp	536	1
92.6572	ftp	536	1
92.6584	video	92	1
92.6593	video	56	1
92.664	ftp	536	1
92.6687	ftp	536	1
92.6712	video	250	1
92.6759	ftp	536	1
92.6806	ftp	536	1
92.683	video	250	1
92.6838	voip	40	2
92.6847	video	67	1
92.6895	ftp	536	1
92.6942	ftp	536	1
92.695	video	43	1
92.6997	ftp	536	1
92.7044	ftp	536	1
92.7052	voip	40	2
92.7073	gaming	215	1
92.7088	video	132	1
92.7135	ftp	536	1
92.7182	ftp	536	1
92.719	video	41	1
92.7203	video	106	1
92.721	video	40	1
92.7216	voip	15	1
92.7263	ftp	536	1
92.731	ftp	536	1
92.7323	gaming	104	2
92.734	video	162	1
92.7364	video	240	1
92.7411	ftp	536	1
92.7458	ftp	536	1
92.7466	voip	40	2
92.749	video	250	1
92.7537	ftp	536	1
92.7584	ftp	536	1
92.7594	video	73	1
92.761	gaming	144	1
92.7635	video	250	1
92.7642	voip	40	2
92.7689	ftp	536	1
92.7736	ftp	536	1
92.7751	video	128	1
92.7759	video	40	1
92.7806	ftp	536	1
92.7853	ftp	536	1
92.7863	video	72	1
92.7875	gaming	98	2
92.7883	voip	40	2
92.793	ftp	536	1
92.7977	ftp	536	1
92.8024	ftp	536	1
92.8072	ftp	536	1
92.8119	ftp	536	1
92.8166	ftp	536	1
92.8173	voip	40	2
92.8187	gaming	115	1
92.8202	gaming	129	2
92.8249	ftp	536	1
92.8296	ftp	536	1
92.8304	voip	40	2
92.8351	ftp	536	1
92.8398	ftp	536	1
92.8445	ftp	536	1
92.8492	ftp	536	1
92.854	ftp	536	1
92.8587	ftp	536	1
92.8594	voip	40	2
92.8608	gaming	123	1
92.8656	ftp	536	1
92.8703	ftp	536	1
92.8717	video	124	1
92.8725	video	51	1
92.8731	voip	15	1
92.8739	video	48	1
92.8786	ftp	536	1
92.8834	ftp	536	1
92.8842	video	49	1
92.8866	video	250	1
92.8874	voip	40	2
92.8885	video	83	1
92.8932	ftp	536	1
92.8979	ftp	536	1
92.8987	video	45	1
92.8996	video	62	1
92.9006	video	67	1
92.9053	ftp	536	1
92.91	ftp	536	1
92.9112	video	98	1
92.9132	gaming	191	2
92.9179	ftp	536	1
92.9226	ftp	536	1
92.9234	voip	40	2
92.9258	video	250	1
92.9281	gaming	231	1
92.9303	video	217	1
92.935	ftp	536	1
92.9397	ftp	536	1
92.9411	video	120	1
92.9424	video	104	1
92.9471	ftp	536	1
92.9518	ftp	536	1
92.9526	voip	40	2
92.9534	video	54	1
92.9559	video	250	1
92.9606	ftp	536	1
92.9653	ftp	536	1
92.9669	gaming	144	2
92.9678	video	67	1
92.9726	ftp	536	1
92.9773	ftp	536	1
92.9785	video	95	1
92.9792	voip	40	2
92.9804	video	87	1
92.9828	video	250	1
92.9875	ftp	536	1
92.9922	ftp	536	1
92.9935	gaming	108	1
92.9982	ftp	536	1
93.003	ftp	536	1
93.0037	voip	40	2
93.0084	ftp	536	1
93.0132	ftp	536	1
93.0147	gaming	141	2
93.0194	ftp	536	1
93.0242	ftp	536	1
93.0249	voip	40	2
93.0296	ftp	536	1
93.0344	ftp	536	1
93.0349	voip	15	1
93.0364	gaming	133	1
93.0411	ftp	536	1
93.0458	ftp	536	1
93.0466	voip	40	2
93.0513	ftp	536	1
93.056	ftp	536	1
93.0576	gaming	142	2
93.0623	ftp	536	1
93.067	ftp	536	1
93.0678	voip	40	2
93.069	video	101	1
93.0738	ftp	536	1
93.0785	ftp	536	1
93.0796	video	91	1
93.0844	ftp	536	1
93.0891	ftp	536	1
93.0904	video	116	1
93.0929	video	250	1
93.0936	voip	40	2
93.0983	ftp	536	1
93.1031	ftp	536	1
93.1038	video	41	1
93.1052	gaming	117	1
93.1066	gaming	122	2
93.1113	ftp	536	1
93.116	ftp	536	1
93.117	video	70	1
93.1185	video	125	1
93.1232	ftp	536	1
93.1279	ftp	536	1
93.1286	voip	40	2
93.1334	ftp	536	1
93.1381	ftp	536	1
93.1397	video	142	1
93.1405	video	46	1
93.1452	ftp	536	1
93.1499	ftp	536	1
93.1511	video	95	1
93.152	video	59	1
93.1527	voip	40	2
93.1536	video	55	1
93.1583	ftp	536	1
93.1631	ftp	536	1
93.1641	video	73	1
93.1653	video	103	1
93.1667	gaming	120	1
93.1685	gaming	164	2
93.1709	video	250	1
93.1717	video	52	1
93.1765	ftp	536	1
93.1812	ftp	536	1
93.1821	video	55	1
93.1828	voip	40	2
93.184	video	89	1
93.1887	ftp	536	1
93.1934	ftp	536	1
93.1945	video	86	1
93.1953	video	40	1
93.2	ftp	536	1
93.2047	ftp	536	1
93.2053	voip	15	1
93.206	voip	40	2
93.2107	ftp	536	1
93.2154	ftp	536	1
93.2166	gaming	93	1
93.2183	gaming	151	2
93.223	ftp	536	1
93.2277	ftp	536	1
93.2285	voip	40	2
93.2332	ftp	536	1
93.2379	ftp	536	1
93.2426	ftp	536	1
93.2473	ftp	536	1
93.2481	voip	40	2
93.2528	ftp	536	1
93.2575	ftp	536	1
93.2587	gaming	89	1
93.2603	gaming	154	2
93.2651	ftp	536	1
93.2698	ftp	536	1
93.2705	voip	40	2
93.2752	ftp	536	1
93.28	ftp	536	1
93.2807	video	43	1
93.2855	ftp	536	1
93.2902	ftp	536	1
93.2923	video	211	1
93.2934	video	87	1
93.2943	video	51	1
93.299	ftp	536	1
93.3037	ftp	536	1
93.3045	voip	40	2
93.3061	video	148	1
93.3085	video	250	1
93.3132	ftp	536	1
93.318	ftp	536	1
93.3191	video	86	1
93.3202	gaming	84	1
93.321	video	43	1
93.3226	gaming	149	2
93.3273	ftp	536	1
93.332	ftp	536	1
93.3328	voip	40	2
93.3336	video	46	1
93.3383	ftp	536	1
93.343	ftp	536	1
93.3454	video	250	1
93.3479	video	250	1
93.3503	video	250	1
93.355	ftp	536	1
93.3597	ftp	536	1
93.3607	video	68	1
93.3619	video	96	1
93.3625	voip	15	1
93.3634	video	60	1
93.3681	ftp	536	1
93.3728	ftp	536	1
93.3736	voip	40	2
93.3745	video	63	1
93.3753	video	44	1
93.3764	gaming	83	1
93.3811	ftp	536	1
93.3858	ftp	536	1
93.3883	video	250	1
93.3892	video	60	1
93.3901	video	64	1
93.3917	gaming	149	2
93.3925	voip	40	2
93.3972	ftp	536	1
93.4019	ftp	536	1
93.4067	ftp	536	1
93.4114	ftp	536	1
93.4161	ftp	536	1
93.4208	ftp	536	1
93.4216	voip	40	2
93.4263	ftp	536	1
93.431	ftp	536	1
93.4332	gaming	222	1
93.4379	ftp	536	1
93.4427	ftp	536	1
93.4434	voip	40	2
93.445	gaming	147	2
93.4497	ftp	536	1
93.4545	ftp	536	1
93.4592	ftp	536	1
93.4639	ftp	536	1
93.4646	voip	40	2
93.4694	ftp	536	1
93.4741	ftp	536	1
93.4749	video	46	1
93.4796	ftp	536	1
93.4843	ftp	536	1
93.4853	video	65	1
93.486	voip	40	2
93.4868	video	44	1
93.489	gaming	213	1
93.4937	ftp	536	1
93.4984	ftp	536	1
93.4992	video	42	1
93.5001	video	59	1
93.5048	ftp	536	1
93.5095	ftp	536	1
93.5119	video	250	1
93.5125	voip	15	1
93.5132	voip	40	2
93.518	ftp	536	1
93.5227	ftp	536	1
93.5243	gaming	145	2
93.5267	video	250	1
93.5279	video	91	1
93.5326	ftp	536	1
93.5373	ftp	536	1
93.5381	video	44	1
93.5391	video	77	1
93.5416	video	250	1
93.5431	video	133	1
93.5478	ftp	536	1
93.5525	ftp	536	1
93.5533	voip	40	2
93.5541	video	46	1
93.5588	ftp	536	1
93.5635	ftp	536	1
93.5646	gaming	86	1
93.5657	video	78	1
93.5664	video	41	1
93.5673	video	50	1
93.572	ftp	536	1
93.5767	ftp	536	1
93.5775	video	40	1
93.5791	gaming	147	2
93.5798	voip	40	2
93.5845	ftp	536	1
93.5893	ftp	536	1
93.59	video	44	1
93.5948	ftp	536	1
93.5995	ftp	536	1
93.6003	video	52	1
93.6018	video	126	1
93.6025	voip	40	2
93.6072	ftp	536	1
93.612	ftp	536	1
93.6143	gaming	239	1
93.619	ftp	536	1
93.6237	ftp	536	1
93.6245	voip	40	2
93.6292	ftp	536	1
93.6339	ftp	536	1
93.6351	gaming	93	2
93.6398	ftp	536	1
93.6446	ftp	536	1
93.6453	voip	40	2
93.65	ftp	536	1
93.6547	ftp	536	1
93.6564	gaming	149	1
93.6611	ftp	536	1
93.6658	ftp	536	1
93.6666	voip	40	2
93.6671	voip	15	1
93.6718	ftp	536	1
93.6766	ftp	536	1
93.6779	gaming	112	2
93.6826	ftp	536	1
93.6873	ftp	536	1
93.6882	video	56	1
93.6895	video	110	1
93.6903	voip	40	2
93.695	ftp	536	1
93.6997	ftp	536	1
93.701	video	108	1
93.7018	video	40	1
93.7036	video	173	1
93.7083	ftp	536	1
93.713	ftp	536	1
93.7145	gaming	135	1
93.7158	video	107	1
93.7168	video	76	1
93.7216	ftp	536	1
93.7263	ftp	536	1
93.727	voip	40	2
93.7279	video	50	1
93.7326	ftp	536	1
93.7373	ftp	536	1
93.7386	video	113	1
93.7434	ftp	536	1
93.7481	ftp	536	1
93.7489	video	42	1
93.7504	gaming	144	2
93.7512	video	41	1
93.752	video	43	1
93.7527	voip	40	2
93.7546	video	185	1
93.7594	ftp	536	1
93.7641	ftp	536	1
93.7649	video	43	1
93.7657	video	46	1
93.7667	video	80	1
93.7685	gaming	166	1
93.7732	ftp	536	1
93.7779	ftp	536	1
93.7788	video	61	1
93.7803	video	131	1
93.7815	video	90	1
93.7822	voip	40	2
93.787	ftp	536	1
93.7917	ftp	536	1
93.7929	video	102	1
93.7976	ftp	536	1
93.8024	ftp	536	1
93.8031	voip	40	2
93.8078	ftp	536	1
93.8126	ftp	536	1
93.8141	gaming	136	2
93.816	gaming	188	1
93.8207	ftp	536	1
93.8254	ftp	536	1
93.8262	voip	40	2
93.8309	ftp	536	1
93.8356	ftp	536	1
93.8362	voip	15	1
93.8409	ftp	536	1
93.8456	ftp	536	1
93.8464	voip	40	2
93.8511	ftp	536	1
93.8558	ftp	536	1
93.8576	gaming	164	2
93.8623	ftp	536	1
93.867	ftp	536	1
93.8688	gaming	169	1
93.8735	ftp	536	1
93.8782	ftp	536	1
93.879	voip	40	2
93.8799	video	60	1
93.8846	ftp	536	1
93.8893	ftp	536	1
93.8918	video	250	1
93.8965	ftp	536	1
93.9012	ftp	536	1
93.902	voip	40	2
93.9067	ftp	536	1
93.9114	ftp	536	1
93.9123	video	53	1
93.913	video	40	1
93.9152	gaming	226	1
93.9167	gaming	130	2
93.9214	ftp	536	1
93.9262	ftp	536	1
93.9273	video	86	1
93.932	ftp	536	1
93.9367	ftp	536	1
93.9375	voip	40	2
93.9386	video	92	1
93.9434	ftp	536	1
93.9481	ftp	536	1
93.9494	video	115	1
93.9518	video	239	1
93.9565	ftp	536	1
93.9612	ftp	536	1
93.9622	video	71	1
93.963	voip	40	2
93.9638	video	49	1
93.9645	video	40	1
93.9693	ftp	536	1
93.974	ftp	536	1
93.9755	video	131	1
93.9768	gaming	108	1
93.9776	video	52	1
93.9823	ftp	536	1
93.987	ftp	536	1
93.988	video	65	1
93.9897	gaming	153	2
93.9904	voip	40	2
93.9951	ftp	536	1
93.9998	ftp	536	1
94.0006	voip	40	1
94.0021	video	137	1
94.0068	ftp	536	1
94.0116	ftp	536	1
94.0129	video	114	1
94.014	video	85	1
94.0148	voip	40	2
94.0195	ftp	536	1
94.0242	ftp	536	1
94.0263	video	205	1
94.027	voip	40	1
94.0278	video	46	1
94.0294	gaming	139	2
94.0341	ftp	536	1
94.0388	ftp	536	1
94.0413	video	250	1
94.042	voip	40	2
94.044	gaming	200	1
94.0488	ftp	536	1
94.0535	ftp	536	1
94.0542	voip	40	1
94.059	ftp	536	1
94.0637	ftp	536	1
94.0644	voip	40	2
94.0691	ftp	536	1
94.0739	ftp	536	1
94.0746	voip	40	1
94.0793	ftp	536	1
94.0841	ftp	536	1
94.0857	gaming	146	2
94.0864	voip	40	2
94.0911	ftp	536	1
94.0958	ftp	536	1
94.0966	voip	40	1
94.0977	gaming	86	1
94.1024	ftp	536	1
94.1072	ftp	536	1
94.1119	ftp	536	1
94.1166	ftp	536	1
94.1174	voip	40	2
94.1221	ftp	536	1
94.1268	ftp	536	1
94.1275	voip	40	1
94.1289	gaming	112	2
94.1336	ftp	536	1
94.1383	ftp	536	1
94.1407	video	250	1
94.142	video	105	1
94.1428	voip	40	2
94.1435	video	40	1
94.1482	ftp	536	1
94.153	ftp	536	1
94.1537	voip	40	1
94.1553	video	139	1
94.1564	gaming	95	1
94.1612	ftp	536	1
94.1659	ftp	536	1
94.1683	video	249	1
94.1694	video	83	1
94.1741	ftp	536	1
94.1788	ftp	536	1
94.1797	video	47	1
94.1804	voip	40	2
94.1812	voip	40	1
94.1859	ftp	536	1
94.1906	ftp	536	1
94.1914	video	42	1
94.1933	video	190	1
94.1944	gaming	80	2
94.1952	video	48	1
94.196	video	43	1
94.2007	ftp	536	1
94.2054	ftp	536	1
94.2062	voip	40	2
94.2073	video	90	1
94.2082	video	60	1
94.2092	video	63	1
94.2099	voip	40	1
94.2146	ftp	536	1
94.2194	ftp	536	1
94.2241	ftp	536	1
94.2254	gaming	116	1
94.2262	voip	40	2
94.2274	video	96	1
94.2284	video	70	1
94.2295	video	90	1
94.2303	video	44	1
94.2314	video	81	1
94.233	video	142	1
94.2337	voip	40	1
94.2384	ftp	536	1
94.2432	ftp	536	1
94.2479	ftp	536	1
94.2526	ftp	536	1
94.2534	voip	40	2
94.2547	gaming	113	2
94.2554	voip	40	1
94.2602	ftp	536	1
94.2649	ftp	536	1
94.2675	gaming	276	1
94.2722	ftp	536	1
94.277	ftp	536	1
94.2817	ftp	536	1
94.2824	voip	40	2
94.2832	voip	40	1
94.2879	ftp	536	1
94.2926	ftp	536	1
94.2974	ftp	536	1
94.3021	ftp	536	1
94.3028	voip	40	2
94.3075	ftp	536	1
94.3123	ftp	536	1
94.3136	gaming	114	2
94.3144	voip	40	1
94.3191	ftp	536	1
94.3238	ftp	536	1
94.3251	gaming	114	1
94.3274	video	224	1
94.3281	voip	40	2
94.3328	ftp	536	1
94.3376	ftp	536	1
94.3383	voip	40	1
94.3398	video	134	1
94.3445	ftp	536	1
94.3493	ftp	536	1
94.3516	video	240	1
94.3537	video	202	1
94.3547	video	72	1
94.3594	ftp	536	1
94.3601	voip	40	2
94.3649	ftp	536	1
94.3669	video	206	1
94.3677	voip	40	1
94.3701	gaming	251	2
94.3748	ftp	536	1
94.3796	ftp	536	1
94.3813	gaming	164	1
94.3821	video	44	1
94.3828	voip	40	2
94.3836	video	46	1
94.3848	video	86	1
94.3855	voip	40	1
94.3863	video	41	1
94.3871	video	53	1
94.3919	ftp	536	1
94.3941	video	225	1
94.3948	voip	40	2
94.3956	video	43	1
94.3966	video	66	1
94.3973	voip	40	1
94.402	ftp	536	1
94.403	video	61	1
94.4042	gaming	97	1
94.4055	gaming	109	2
94.4102	ftp	536	1
94.4149	ftp	536	1
94.417	video	209	1
94.4178	voip	40	2
94.4191	video	114	1
94.4199	voip	40	1
94.4207	video	50	1
94.4217	video	76	1
94.4225	video	43	1
94.4272	ftp	536	1
94.432	ftp	536	1
94.4367	ftp	536	1
94.4374	voip	40	2
94.4422	ftp	536	1
94.4469	ftp	536	1
94.4516	ftp	536	1
94.4523	voip	40	1
94.4571	ftp	536	1
94.4618	ftp	536	1
94.4665	ftp	536	1
94.4712	ftp	536	1
94.4759	ftp	536	1
94.4807	ftp	536	1
94.4854	ftp	536	1
94.4901	ftp	536	1
94.4919	gaming	170	2
94.4932	gaming	112	1
94.494	voip	40	2
94.4947	voip	40	1
94.4994	ftp	536	1
94.5042	ftp	536	1
94.5089	ftp	536	1
94.5136	ftp	536	1
94.5144	voip	40	2
94.5191	ftp	536	1
94.5238	ftp	536	1
94.5246	voip	40	1
94.5293	ftp	536	1
94.534	ftp	536	1
94.5387	ftp	536	1
94.5434	ftp	536	1
94.5442	voip	40	2
94.5449	voip	40	1
94.5464	video	133	1
94.5512	ftp	536	1
94.5559	ftp	536	1
94.5578	gaming	193	1
94.5626	ftp	536	1
94.5673	ftp	536	1
94.5681	video	42	1
94.5692	gaming	84	2
94.5699	voip	40	2
94.5707	video	42	1
94.5731	video	250	1
94.5778	ftp	536	1
94.5826	ftp	536	1
94.5833	voip	40	1
94.5842	video	55	1
94.585	video	43	1
94.5897	ftp	536	1
94.5944	ftp	536	1
94.5953	video	64	1
94.5961	voip	40	2
94.6008	ftp	536	1
94.6016	voip	40	1
94.6063	ftp	536	1
94.6072	video	57	1
94.6083	video	84	1
94.6097	gaming	127	1
94.6122	video	250	1
94.613	video	54	1
94.6138	video	41	1
94.6152	gaming	124	2
94.616	video	40	1
94.617	video	76	1
94.6179	video	55	1
94.6186	voip	40	2
94.621	video	250	1
94.6218	voip	40	1
94.6265	ftp	536	1
94.6312	ftp	536	1
94.632	voip	40	2
94.6327	voip	40	1
94.6352	video	250	1
94.6363	video	92	1
94.6411	ftp	536	1
94.6458	ftp	536	1
94.6505	ftp	536	1
94.6552	ftp	536	1
94.6599	ftp	536	1
94.6613	video	118	1
94.6622	video	51	1
94.6636	gaming	124	1
94.6683	ftp	536	1
94.673	ftp	536	1
94.6777	ftp	536	1
94.6825	ftp	536	1
94.6832	voip	40	2
94.684	voip	40	1
94.6859	gaming	193	2
94.6907	ftp	536	1
94.6954	ftp	536	1
94.6961	voip	40	2
94.7009	ftp	536	1
94.7056	ftp	536	1
94.7063	voip	40	1
94.7077	gaming	116	1
94.7124	ftp	536	1
94.7171	ftp	536	1
94.7218	ftp	536	1
94.7266	ftp	536	1
94.7273	voip	40	2
94.7289	gaming	142	2
94.7296	voip	40	1
94.7344	ftp	536	1
94.7391	ftp	536	1
94.7438	ftp	536	1
94.7485	ftp	536	1
94.7493	voip	40	2
94.754	ftp	536	1
94.7587	ftp	536	1
94.7595	voip	40	1
94.7642	ftp	536	1
94.7689	ftp	536	1
94.7703	gaming	122	1
94.7712	video	53	1
94.7721	video	64	1
94.7737	video	147	1
94.7784	ftp	536	1
94.7832	ftp	536	1
94.7842	video	78	1
94.785	voip	40	2
94.786	gaming	72	2
94.7867	voip	40	1
94.7875	video	42	1
94.7922	ftp	536	1
94.7935	video	105	1
94.7982	ftp	536	1
94.7998	video	147	1
94.8007	video	52	1
94.8014	voip	40	2
94.8022	voip	40	1
94.8038	gaming	155	1
94.8086	ftp	536	1
94.8133	ftp	536	1
94.8143	video	70	1
94.8153	video	73	1
94.816	voip	40	2
94.8178	video	160	1
94.8186	video	50	1
94.8202	gaming	146	2
94.8209	voip	40	1
94.8257	ftp	536	1
94.8304	ftp	536	1
94.8314	video	73	1
94.8361	ftp	536	1
94.8369	voip	40	2
94.8416	ftp	536	1
94.8463	ftp	536	1
94.851	ftp	536	1
94.8524	video	118	1
94.8533	video	54	1
94.8546	video	119	1
94.8571	video	250	1
94.8583	video	98	1
94.859	voip	40	1
94.8638	ftp	536	1
94.8685	ftp	536	1
94.8692	voip	40	2
94.874	ftp	536	1
94.8756	video	145	1
94.8766	gaming	75	1
94.8813	ftp	536	1
94.8821	voip	40	1
94.8829	video	48	1
94.8876	ftp	536	1
94.8923	ftp	536	1
94.897	ftp	536	1
94.8984	gaming	122	2
94.9032	ftp	536	1
94.9079	ftp	536	1
94.9126	ftp	536	1
94.9134	voip	40	2
94.9141	voip	40	1
94.9188	ftp	536	1
94.9235	ftp	536	1
94.9283	ftp	536	1
94.933	ftp	536	1
94.9337	voip	40	2
94.9385	ftp	536	1
94.9432	ftp	536	1
94.9439	voip	40	1
94.9453	gaming	113	1
94.95	ftp	536	1
94.9547	ftp	536	1
94.9561	gaming	124	2
94.9608	ftp	536	1
94.9656	ftp	536	1
94.9663	voip	40	2
94.9671	voip	40	1
94.9718	ftp	536	1
94.9765	ftp	536	1
94.9812	ftp	536	1
94.986	ftp	536	1
94.9867	voip	40	2
94.9875	video	40	1
94.9922	ftp	536	1
94.9969	ftp	536	1
94.9976	voip	40	1
94.999	video	119	1
95.0004	gaming	120	2
95.0051	ftp	536	1
95.0099	ftp	536	1
95.0113	gaming	131	1
95.0121	video	40	1
95.0128	voip	40	2
95.0153	video	250	1
95.02	ftp	536	1
95.0247	ftp	536	1
95.0294	ftp	536	1
95.0302	voip	40	1
95.0309	video	40	1
95.0318	video	48	1
95.0329	video	93	1
95.0337	voip	40	2
95.0384	ftp	536	1
95.0431	ftp	536	1
95.0478	ftp	536	1
95.0488	video	67	1
95.0496	video	41	1
95.0508	video	102	1
95.0519	video	81	1
95.0533	gaming	117	1
95.054	voip	40	1
95.0587	ftp	536	1
95.0635	ftp	536	1
95.0651	video	152	1
95.0659	voip	40	2
95.0706	ftp	536	1
95.0713	voip	40	1
95.0761	ftp	536	1
95.0808	ftp	536	1
95.0855	ftp	536	1
95.0863	video	45	1
95.0874	video	84	1
95.0886	video	103	1
95.0934	ftp	536	1
95.0981	ftp	536	1
95.1028	ftp	536	1
95.1036	voip	40	2
95.1044	video	46	1
95.1059	gaming	136	2
95.1066	voip	40	1
95.1075	video	52	1
95.1084	video	59	1
95.1131	ftp	536	1
95.1178	ftp	536	1
95.1186	video	43	1
95.1197	gaming	80	1
95.1204	voip	40	2
95.1212	voip	40	1
95.1259	ftp	536	1
95.1268	video	64	1
95.1316	ftp	536	1
95.1363	ftp	536	1
95.141	ftp	536	1
95.1426	gaming	150	2
95.1434	voip	40	2
95.1481	ftp	536	1
95.1528	ftp	536	1
95.1536	voip	40	1
95.1583	ftp	536	1
95.163	ftp	536	1
95.1677	ftp	536	1
95.1725	ftp	536	1
95.1732	voip	40	2
95.1749	gaming	160	1
95.1757	voip	40	1
95.1804	ftp	536	1
95.1851	ftp	536	1
95.1898	ftp	536	1
95.1946	ftp	536	1
95.1961	gaming	141	2
95.1969	voip	40	2
95.2016	ftp	536	1
95.2063	ftp	536	1
95.2071	voip	40	1
95.2118	ftp	536	1
95.2165	ftp	536	1
95.2185	video	195	1
95.2232	ftp	536	1
95.2279	ftp	536	1
95.2287	voip	40	2
95.2311	video	250	1
95.2324	gaming	108	1
95.2343	video	187	1
95.2351	voip	40	1
95.2398	ftp	536	1
95.2445	ftp	536	1
95.2459	video	120	1
95.2484	video	250	1
95.2531	ftp	536	1
95.2542	video	89	1
95.255	voip	40	2
95.2557	voip	40	1
95.2572	gaming	130	2
95.2581	video	56	1
95.2592	video	85	1
95.26	video	46	1
95.2647	ftp	536	1
95.2657	video	65	1
95.2704	ftp	536	1
95.2711	voip	40	2
95.2719	voip	40	1
95.273	gaming	86	1
95.2777	ftp	536	1
95.2785	video	47	1
95.2793	video	47	1
95.2801	video	43	1
95.2816	video	134	1
95.2824	voip	40	2
95.2871	ftp	536	1
95.2918	ftp	536	1
95.2965	ftp	536	1
95.3012	ftp	536	1
95.306	ftp	536	1
95.3067	voip	40	1
95.3075	video	44	1
95.3085	video	71	1
95.3104	gaming	189	2
95.3152	ftp	536	1
95.3199	ftp	536	1
95.3212	video	107	1
95.3259	ftp	536	1
95.3266	voip	40	2
95.3291	video	250	1
95.33	video	59	1
95.3307	voip	40	1
95.3323	gaming	147	1
95.3371	ftp	536	1
95.3418	ftp	536	1
95.3425	video	40	1
95.3433	voip	40	2
95.348	ftp	536	1
95.3527	ftp	536	1
95.3535	voip	40	1
95.3582	ftp	536	1
95.3629	ftp	536	1
95.364	gaming	75	2
95.3789	voip	40	2
95.3938	voip	40	1
95.3953	gaming	140	1
95.415	voip	40	2
95.4252	voip	40	1
95.4266	gaming	133	2
95.4368	voip	40	2
95.447	voip	40	1
95.4573	video	46	1
95.4595	gaming	226	1
95.4619	video	250	1
95.4631	video	94	1
95.4647	video	140	1
95.4655	video	50	1
95.4804	voip	40	2
95.4812	voip	40	1
95.4819	video	40	1
95.4827	video	48	1
95.4836	video	56	1
95.4856	gaming	190	2
95.4877	gaming	207	1
95.4885	video	56	1
95.4895	video	71	1
95.4907	video	92	1
95.5056	voip	40	2
95.5066	video	67	1
95.5074	video	44	1
95.5081	voip	40	2
95.5089	voip	40	1
95.5096	voip	40	1
95.5198	video	43	1
95.5304	video	89	1
95.5357	voip	15	2
95.5373	video	147	1
95.5392	gaming	180	1
95.5399	voip	40	1
95.5409	video	65	1
95.5418	video	55	1
95.5428	video	75	1
95.5533	gaming	77	2
95.5692	video	162	1
95.5746	voip	40	1
95.6142	gaming	176	1
95.615	voip	40	1
95.6252	voip	40	1
95.6361	gaming	129	2
95.6658	gaming	114	1
95.6665	voip	40	1
95.6712	ftp	28944	1
95.6726	video	117	1
95.6773	ftp	536	1
95.6797	video	250	1
95.6808	video	79	1
95.6855	ftp	536	1
95.6863	voip	40	1
95.6873	gaming	70	2
95.688	video	43	1
95.6928	ftp	536	1
95.6936	video	44	1
95.6983	ftp	536	1
95.703	ftp	536	1
95.7035	voip	15	2
95.7043	video	46	1
95.7055	video	90	1
95.7062	voip	40	1
95.7072	video	60	1
95.7119	ftp	536	1
95.713	video	84	1
95.7148	gaming	167	1
95.7195	ftp	536	1
95.7202	video	43	1
95.7213	video	81	1
95.7221	video	48	1
95.7269	ftp	536	1
95.7316	ftp	536	1
95.7323	voip	40	1
95.7334	video	80	1
95.7342	video	42	1
95.7355	gaming	116	2
95.7367	video	92	1
95.7414	ftp	536	1
95.7429	video	128	1
95.7441	video	96	1
95.7448	voip	40	1
95.7496	ftp	536	1
95.7506	video	80	1
95.7531	video	250	1
95.7544	gaming	117	1
95.7591	ftp	536	1
95.7601	video	65	1
95.7648	ftp	536	1
95.7656	voip	40	1
95.7703	ftp	536	1
95.7718	gaming	137	2
95.7765	ftp	536	1
95.7813	ftp	536	1
95.782	voip	40	1
95.7867	ftp	536	1
95.7881	gaming	122	1
95.7929	ftp	536	1
95.7936	voip	40	1
95.7983	ftp	536	1
95.803	ftp	536	1
95.8042	gaming	85	2
95.8089	ftp	536	1
95.8094	voip	15	2
95.81	voip	15	1
95.8147	ftp	536	1
95.8194	ftp	536	1
95.8202	video	41	1
95.8249	ftp	536	1
95.8273	video	250	1
95.8286	gaming	106	1
95.8333	ftp	536	1
95.8342	video	54	1
95.835	video	45	1
95.8397	ftp	536	1
95.8408	video	85	1
95.8455	ftp	536	1
95.8503	ftp	536	1
95.851	video	41	1
95.8524	gaming	113	2
95.8571	ftp	536	1
95.8618	ftp	536	1
95.8631	video	107	1
95.8678	ftp	536	1
95.8693	video	135	1
95.874	ftp	536	1
95.8749	video	50	1
95.8758	video	61	1
95.8805	ftp	536	1
95.8852	ftp	536	1
95.89	ftp	536	1
95.8911	video	92	1
95.8926	gaming	125	1
95.8933	video	42	1
95.898	ftp	536	1
95.9028	ftp	536	1
95.9036	video	51	1
95.9083	ftp	536	1
95.913	ftp	536	1
95.9178	ftp	536	1
95.9187	video	65	1
95.9234	ftp	536	1
95.9282	ftp	536	1
95.9329	ftp	536	1
95.9337	video	50	1
95.9352	gaming	129	2
95.9365	video	109	1
95.9412	ftp	536	1
95.9459	ftp	536	1
95.9475	video	148	1
95.9498	gaming	236	1
95.9512	video	118	1
95.952	video	43	1
95.9567	ftp	536	1
95.9614	ftp	536	1
95.9624	video	60	1
95.9671	ftp	536	1
95.9718	ftp	536	1
95.9723	voip	15	2
95.9729	voip	15	1
95.9776	ftp	536	1
95.9823	ftp	536	1
95.9837	gaming	119	2
95.9849	gaming	99	1
95.9897	ftp	536	1
95.9944	ftp	536	1
95.9991	ftp	536	1
96.0038	ftp	536	1
96.0085	ftp	536	1
96.0133	ftp	536	1
96.018	ftp	536	1
96.0227	ftp	536	1
96.0274	ftp	536	1
96.0321	ftp	536	1
96.0369	ftp	536	1
96.0387	gaming	170	2
96.0406	gaming	188	1
96.0453	ftp	536	1
96.05	ftp	536	1
96.0512	video	86	1
96.0524	video	101	1
96.0537	video	106	1
96.0584	ftp	536	1
96.0631	ftp	536	1
96.0645	video	114	1
96.0692	ftp	536	1
96.0739	ftp	536	1
96.0763	video	250	1
96.0771	video	41	1
96.0818	ftp	536	1
96.0865	ftp	536	1
96.0912	ftp	536	1
96.092	video	45	1
96.0945	video	250	1
96.0962	gaming	165	1
96.098	gaming	163	2
96.1027	ftp	536	1
96.1074	ftp	536	1
96.1082	video	47	1
96.1092	video	64	1
96.1139	ftp	536	1
96.1186	ftp	536	1
96.1194	video	46	1
96.1215	video	213	1
96.1262	ftp	536	1
96.131	ftp	536	1
96.1317	video	43	1
96.1323	voip	15	2
96.1328	voip	15	1
96.1337	video	49	1
96.1384	ftp	536	1
96.1431	ftp	536	1
96.1439	video	47	1
96.1449	video	67	1
96.1465	video	148	1
96.1512	ftp	536	1
96.1559	ftp	536	1
96.1576	gaming	151	2
96.1623	ftp	536	1
96.167	ftp	536	1
96.1689	video	186	1
96.1702	gaming	97	1
96.1711	video	63	1
96.1719	video	48	1
96.1766	ftp	536	1
96.1813	ftp	536	1
96.1861	ftp	536	1
96.1908	ftp	536	1
96.1955	ftp	536	1
96.2002	ftp	536	1
96.2049	ftp	536	1
96.2097	ftp	536	1
96.2144	ftp	536	1
96.2162	gaming	171	2
96.2209	ftp	536	1
96.2256	ftp	536	1
96.2268	gaming	99	1
96.2316	ftp	536	1
96.2363	ftp	536	1
96.241	ftp	536	1
96.2457	ftp	536	1
96.2504	ftp	536	1
96.2552	ftp	536	1
96.2599	ftp	536	1
96.2646	ftp	536	1
96.2693	ftp	536	1
96.274	ftp	536	1
96.2788	ftp	536	1
96.2795	video	42	1
96.2807	video	96	1
96.2828	gaming	200	2
96.2875	ftp	536	1
96.2922	ftp	536	1
96.293	video	48	1
96.2941	video	86	1
96.2958	gaming	157	1
96.297	video	98	1
96.2976	voip	15	2
96.3023	ftp	536	1
96.307	ftp	536	1
96.3076	voip	15	1
96.3084	video	49	1
96.3131	ftp	536	1
96.3179	ftp	536	1
96.3187	video	52	1
96.3196	video	60	1
96.322	video	250	1
96.3268	ftp	536	1
96.3315	ftp	536	1
96.3324	video	58	1
96.3337	gaming	107	2
96.3347	video	78	1
96.3394	ftp	536	1
96.3442	ftp	536	1
96.345	video	51	1
96.3471	video	205	1
96.3495	video	250	1
96.3542	ftp	536	1
96.359	ftp	536	1
96.3598	video	53	1
96.3622	video	250	1
96.367	ftp	536	1
96.3717	ftp	536	1
96.3731	gaming	127	1
96.3742	video	85	1
96.3756	video	113	1
96.3779	video	231	1
96.3826	ftp	536	1
96.3873	ftp	536	1
96.392	ftp	536	1
96.3934	video	119	1
96.3981	ftp	536	1
96.4028	ftp	536	1
96.4046	gaming	166	2
96.4093	ftp	536	1
96.414	ftp	536	1
96.4188	ftp	536	1
96.4235	ftp	536	1
96.4282	ftp	536	1
96.4329	ftp	536	1
96.4345	gaming	141	1
96.4392	ftp	536	1
96.4439	ftp	536	1
96.4486	ftp	536	1
96.4534	ftp	536	1
96.455	gaming	149	2
96.4597	ftp	536	1
96.4644	ftp	536	1
96.465	voip	15	2
96.4657	voip	40	1
96.4704	ftp	536	1
96.4752	ftp	536	1
96.4766	gaming	120	1
96.4813	ftp	536	1
96.486	ftp	536	1
96.4884	video	244	1
96.4892	video	43	1
96.4939	ftp	536	1
96.4986	ftp	536	1
96.4994	video	42	1
96.5015	video	208	1
96.5022	voip	40	1
96.5069	ftp	536	1
96.5117	ftp	536	1
96.5164	ftp	536	1
96.5176	video	101	1
96.5185	video	57	1
96.5199	gaming	120	2
96.5223	video	250	1
96.527	ftp	536	1
96.5318	ftp	536	1
96.5327	video	58	1
96.5374	ftp	536	1
96.5421	ftp	536	1
96.5429	voip	40	1
96.5437	video	46	1
96.545	gaming	108	1
96.5497	ftp	536	1
96.5544	ftp	536	1
96.5553	video	57	1
96.5561	video	50	1
96.558	video	182	1
96.5627	ftp	536	1
96.5674	ftp	536	1
96.5682	voip	40	1
96.569	video	42	1
96.5737	ftp	536	1
96.5784	ftp	536	1
96.5795	video	87	1
96.5842	ftp	536	1
96.589	ftp	536	1
96.5897	voip	40	1
96.5905	video	44	1
96.5928	gaming	230	2
96.5935	video	42	1
96.5983	ftp	536	1
96.603	ftp	536	1
96.6038	video	53	1
96.6086	ftp	536	1
96.6133	ftp	536	1
96.614	voip	40	1
96.6148	video	40	1
96.6159	video	84	1
96.6175	gaming	145	1
96.6222	ftp	536	1
96.6269	ftp	536	1
96.6316	ftp	536	1
96.6341	video	250	1
96.6348	voip	40	1
96.6354	voip	15	2
96.6401	ftp	536	1
96.6448	ftp	536	1
96.6495	ftp	536	1
96.6543	ftp	536	1
96.6555	gaming	106	2
96.6603	ftp	536	1
96.665	ftp	536	1
96.6657	voip	40	1
96.6704	ftp	536	1
96.6752	ftp	536	1
96.6767	gaming	142	1
96.6815	ftp	536	1
96.6862	ftp	536	1
96.6909	ftp	536	1
96.6956	ftp	536	1
96.6962	voip	15	1
96.7009	ftp	536	1
96.7056	ftp	536	1
96.7103	ftp	536	1
96.715	ftp	536	1
96.7198	ftp	536	1
96.7245	ftp	536	1
96.7261	gaming	145	2
96.7269	video	44	1
96.7278	video	62	1
96.7295	video	164	1
96.7343	ftp	536	1
96.739	ftp	536	1
96.7401	video	91	1
96.7449	ftp	536	1
96.7496	ftp	536	1
96.7503	video	42	1
96.7513	video	62	1
96.7534	gaming	212	1
96.7543	video	53	1
96.759	ftp	536	1
96.7637	ftp	536	1
96.7684	ftp	536	1
96.7692	video	46	1
96.7739	ftp	536	1
96.7787	ftp	536	1
96.7803	video	150	1
96.7814	video	87	1
96.7826	gaming	93	2
96.7835	video	54	1
96.7882	ftp	536	1
96.7929	ftp	536	1
96.7945	video	145	1
96.7992	ftp	536	1
96.8039	ftp	536	1
96.805	video	81	1
96.8056	voip	15	2
96.8066	video	76	1
96.8074	video	41	1
96.81	gaming	282	1
96.8148	ftp	536	1
96.8195	ftp	536	1
96.8206	video	83	1
96.8213	video	41	1
96.8261	ftp	536	1
96.8308	ftp	536	1
96.8317	video	66	1
96.8365	ftp	536	1
96.8412	ftp	536	1
96.8423	gaming	87	2
96.8433	video	65	1
96.848	ftp	536	1
96.8527	ftp	536	1
96.8537	video	76	1
96.8543	voip	15	1
96.859	ftp	536	1
96.8637	ftp	536	1
96.8653	gaming	138	1
96.87	ftp	536	1
96.8747	ftp	536	1
96.8794	ftp	536	1
96.8842	ftp	536	1
96.886	gaming	171	2
96.8907	ftp	536	1
96.8954	ftp	536	1
96.9001	ftp	536	1
96.9048	ftp	536	1
96.9096	ftp	536	1
96.9143	ftp	536	1
96.919	ftp	536	1
96.9215	gaming	256	1
96.9262	ftp	536	1
96.9309	ftp	536	1
96.9356	ftp	536	1
96.9404	ftp	536	1
96.9419	gaming	134	2
96.9428	video	60	1
96.9475	ftp	536	1
96.9522	ftp	536	1
96.9546	video	250	1
96.9594	ftp	536	1
96.9641	ftp	536	1
96.9655	video	118	1
96.966	voip	15	2
96.967	video	73	1
96.9717	ftp	536	1
96.9765	ftp	536	1
96.9773	video	48	1
96.9781	video	54	1
96.979	video	47	1
96.9837	ftp	536	1
96.9884	ftp	536	1
96.9893	video	54	1
96.9903	gaming	77	1
96.9914	video	86	1
96.9961	ftp	536	1
97.0009	ftp	536	1
97.0022	gaming	112	2
97.003	video	44	1
97.0077	ftp	536	1
97.0124	ftp	536	1
97.0133	video	54	1
97.018	ftp	536	1
97.0227	ftp	536	1
97.0239	video	91	1
97.0244	voip	15	1
97.0269	video	250	1
97.0293	video	250	1
97.0301	video	47	1
97.0348	ftp	536	1
97.0395	ftp	536	1
97.0403	video	41	1
97.045	ftp	536	1
97.0497	ftp	536	1
97.0509	gaming	88	1
97.0516	video	40	1
97.0524	video	41	1
97.0538	gaming	117	2
97.0546	video	55	1
97.0594	ftp	536	1
97.0641	ftp	536	1
97.065	video	56	1
97.0697	ftp	536	1
97.0744	ftp	536	1
97.0791	ftp	536	1
97.0838	ftp	536	1
97.0886	ftp	536	1
97.0933	ftp	536	1
97.098	ftp	536	1
97.0993	gaming	113	1
97.104	ftp	536	1
97.1088	ftp	536	1
97.1102	gaming	129	2
97.115	ftp	536	1
97.1197	ftp	536	1
97.1244	ftp	536	1
97.1291	ftp	536	1
97.1297	voip	15	2
97.1344	ftp	536	1
97.1391	ftp	536	1
97.1438	ftp	536	1
97.1485	ftp	536	1
97.1505	gaming	192	1
97.1552	ftp	536	1
97.16	ftp	536	1
97.1608	video	51	1
97.1632	video	250	1
97.1648	gaming	143	2
97.1695	ftp	536	1
97.1742	ftp	536	1
97.1764	video	220	1
97.1812	ftp	536	1
97.1859	ftp	536	1
97.1869	video	80	1
97.188	video	84	1
97.1886	voip	15	1
97.1933	ftp	536	1
97.198	ftp	536	1
97.199	video	60	1
97.1997	video	42	1
97.2044	ftp	536	1
97.2092	ftp	536	1
97.21	video	57	1
97.2118	gaming	170	1
97.2166	ftp	536	1
97.2213	ftp	536	1
97.222	video	40	1
97.2229	video	55	1
97.2248	gaming	182	2
97.2295	ftp	536	1
97.2342	ftp	536	1
97.2362	video	187	1
97.2409	ftp	536	1
97.2456	ftp	536	1
97.2464	video	40	1
97.2511	ftp	536	1
97.2558	ftp	536	1
97.2566	video	48	1
97.2613	ftp	536	1
97.266	ftp	536	1
97.2674	gaming	121	1
97.2686	video	89	1
97.271	video	250	1
97.2735	video	250	1
97.2782	ftp	536	1
97.2829	ftp	536	1
97.2837	video	46	1
97.2852	gaming	129	2
97.286	video	56	1
97.2908	ftp	536	1
97.2955	ftp	536	1
97.3002	ftp	536	1
97.3008	voip	15	2
97.3055	ftp	536	1
97.3102	ftp	536	1
97.3115	video	105	1
97.3123	video	54	1
97.317	ftp	536	1
97.3218	ftp	536	1
97.3233	gaming	140	1
97.328	ftp	536	1
97.3328	ftp	536	1
97.3375	ftp	536	1
97.3422	ftp	536	1
97.3437	gaming	138	2
97.3443	voip	15	1
97.349	ftp	536	1
97.3537	ftp	536	1
97.3584	ftp	536	1
97.3632	ftp	536	1
97.365	gaming	180	1
97.3698	ftp	536	1
97.3745	ftp	536	1
97.3792	ftp	536	1
97.3839	ftp	536	1
97.3886	ftp	536	1
97.3934	ftp	536	1
97.3944	gaming	81	2
97.3992	ftp	536	1
97.4039	ftp	536	1
97.4047	video	43	1
97.4094	ftp	536	1
97.4141	ftp	536	1
97.4165	video	250	1
97.4212	ftp	536	1
97.426	ftp	536	1
97.4271	video	92	1
97.4281	gaming	68	1
97.4328	ftp	536	1
97.4376	ftp	536	1
97.4383	video	43	1
97.4398	video	124	1
97.4405	video	44	1
97.4453	ftp	536	1
97.45	ftp	536	1
97.4516	gaming	149	2
97.4524	video	47	1
97.4538	video	117	1
97.4585	ftp	536	1
97.4632	ftp	536	1
97.4638	voip	15	2
97.4659	video	207	1
97.4683	video	250	1
97.4704	video	205	1
97.4751	ftp	536	1
97.4798	ftp	536	1
97.4822	video	250	1
97.483	video	45	1
97.4877	ftp	536	1
97.4925	ftp	536	1
97.494	video	139	1
97.4954	gaming	120	1
97.4966	video	91	1
97.5013	ftp	536	1
97.506	ftp	536	1
97.507	video	65	1
97.5117	ftp	536	1
97.5164	ftp	536	1
97.5172	video	46	1
97.5177	voip	15	1
97.5198	gaming	207	2
97.5246	ftp	536	1
97.5293	ftp	536	1
97.5301	video	51	1
97.5311	video	68	1
97.5358	ftp	536	1
97.5405	ftp	536	1
97.5452	ftp	536	1
97.5462	video	69	1
97.551	ftp	536	1
97.5557	ftp	536	1
97.5569	gaming	94	1
97.5616	ftp	536	1
97.5663	ftp	536	1
97.571	ftp	536	1
97.5757	ftp	536	1
97.5805	ftp	536	1
97.5852	ftp	536	1
97.5899	ftp	536	1
97.5946	ftp	536	1
97.5993	ftp	536	1
97.6041	ftp	536	1
97.6062	gaming	220	2
97.6082	gaming	194	1
97.613	ftp	536	1
97.6177	ftp	536	1
97.6182	voip	15	2
97.6229	ftp	536	1
97.6277	ftp	536	1
97.6324	ftp	536	1
97.6371	ftp	536	1
97.6379	video	40	1
97.6426	ftp	536	1
97.6473	ftp	536	1
97.6484	video	90	1
97.6532	ftp	536	1
97.6579	ftp	536	1
97.6588	video	56	1
97.6598	video	73	1
97.6611	gaming	116	1
97.6659	ftp	536	1
97.6706	ftp	536	1
97.6717	video	85	1
97.6725	video	45	1
97.6743	gaming	177	2
97.6751	video	46	1
97.6799	ftp	536	1
97.6846	ftp	536	1
97.6851	voip	15	1
97.6861	video	70	1
97.6872	video	80	1
97.6891	video	180	1
97.6938	ftp	536	1
97.6985	ftp	536	1
97.6993	video	45	1
97.7009	video	149	1
97.7024	video	128	1
97.7071	ftp	536	1
97.7118	ftp	536	1
97.7165	ftp	536	1
97.7213	ftp	536	1
97.7232	video	189	1
97.725	gaming	171	1
97.7297	ftp	536	1
97.7344	ftp	536	1
97.7354	video	69	1
97.737	gaming	148	2
97.7379	video	59	1
97.7392	video	98	1
97.7439	ftp	536	1
97.7486	ftp	536	1
97.7494	video	50	1
97.7502	video	45	1
97.7549	ftp	536	1
97.7597	ftp	536	1
97.7604	video	43	1
97.7652	ftp	536	1
97.7699	ftp	536	1
97.7746	ftp	536	1
97.7793	ftp	536	1
97.7807	gaming	120	1
97.7813	voip	15	2
97.786	ftp	536	1
97.7907	ftp	536	1
97.7927	gaming	200	2
97.7975	ftp	536	1
97.8022	ftp	536	1
97.8069	ftp	536	1
97.8116	ftp	536	1
97.8163	ftp	536	1
97.8211	ftp	536	1
97.8258	ftp	536	1
97.8305	ftp	536	1
97.8317	gaming	91	1
97.8322	voip	15	1
97.8369	ftp	536	1
97.8416	ftp	536	1
97.8433	gaming	153	2
97.8452	video	187	1
97.85	ftp	536	1
97.8547	ftp	536	1
97.8559	video	102	1
97.8606	ftp	536	1
97.8654	ftp	536	1
97.8662	video	55	1
97.8677	video	124	1
97.8686	video	64	1
97.8733	ftp	536	1
97.878	ftp	536	1
97.8791	video	74	1
97.8799	video	50	1
97.8846	ftp	536	1
97.8893	ftp	536	1
97.8908	video	129	1
97.8925	gaming	163	1
97.8973	ftp	536	1
97.902	ftp	536	1
97.9067	ftp	536	1
97.9088	gaming	208	2
97.9097	video	56	1
97.9116	video	190	1
97.9163	ftp	536	1
97.9211	ftp	536	1
97.9221	video	70	1
97.923	video	61	1
97.9277	ftp	536	1
97.9324	ftp	536	1
97.9371	ftp	536	1
97.9419	ftp	536	1
97.9443	video	250	1
97.9457	video	118	1
97.9467	video	74	1
97.9514	ftp	536	1
97.9561	ftp	536	1
97.9567	voip	15	2
97.958	video	108	1
97.9627	ftp	536	1
97.9674	ftp	536	1
97.969	gaming	139	2
97.9701	gaming	93	1
97.9712	video	73	1
97.9759	ftp	536	1
97.9806	ftp	536	1
97.9813	video	40	1
97.9861	ftp	536	1
97.9908	ftp	536	1
97.992	video	102	1
97.9937	video	151	1
97.9984	ftp	536	1
98.0031	ftp	536	1
98.0037	voip	15	1
98.005	gaming	107	2
98.0097	ftp	536	1
98.0144	ftp	536	1
98.0191	ftp	536	1
98.0238	ftp	536	1
98.0253	gaming	125	1
98.03	ftp	536	1
98.0347	ftp	536	1
98.0394	ftp	536	1
98.0441	ftp	536	1
98.0489	ftp	536	1
98.0536	ftp	536	1
98.0555	gaming	183	2
98.0602	ftp	536	1
98.0649	ftp	536	1
98.0696	ftp	536	1
98.0744	ftp	536	1
98.0757	gaming	108	1
98.0804	ftp	536	1
98.0851	ftp	536	1
98.0875	video	250	1
98.0883	video	42	1
98.093	ftp	536	1
98.0977	ftp	536	1
98.0985	video	42	1
98.1007	video	226	1
98.1055	ftp	536	1
98.1102	ftp	536	1
98.1109	voip	40	2
98.1134	video	250	1
98.1181	ftp	536	1
98.1228	ftp	536	1
98.1241	gaming	104	2
98.1288	ftp	536	1
98.1335	ftp	536	1
98.1352	video	151	1
98.136	video	49	1
98.1367	video	42	1
98.1386	gaming	183	1
98.1394	voip	40	2
98.1441	ftp	536	1
98.1488	ftp	536	1
98.1497	video	49	1
98.1544	ftp	536	1
98.1591	ftp	536	1
98.1605	video	122	1
98.1614	video	52	1
98.1621	video	40	1
98.1668	ftp	536	1
98.1715	ftp	536	1
98.1723	voip	40	1
98.173	voip	40	2
98.1778	ftp	536	1
98.1825	ftp	536	1
98.1841	video	146	1
98.1849	video	44	1
98.1859	video	75	1
98.1874	gaming	131	1
98.1887	gaming	116	2
98.1912	video	250	1
98.1959	ftp	536	1
98.2006	ftp	536	1
98.2014	voip	40	1
98.2021	voip	40	2
98.2041	video	197	1
98.2088	ftp	536	1
98.2136	ftp	536	1
98.2144	video	55	1
98.2155	video	81	1
98.2202	ftp	536	1
98.225	ftp	536	1
98.2267	video	166	1
98.2275	voip	40	1
98.2282	voip	40	2
98.2329	ftp	536	1
98.2377	ftp	536	1
98.2388	gaming	89	1
98.2435	ftp	536	1
98.2482	ftp	536	1
98.2497	gaming	129	2
98.2505	voip	40	1
98.2512	voip	40	2
98.2559	ftp	536	1
98.2607	ftp	536	1
98.2654	ftp	536	1
98.2701	ftp	536	1
98.2708	voip	40	1
98.2716	voip	40	2
98.2763	ftp	536	1
98.281	ftp	536	1
98.2858	ftp	536	1
98.2905	ftp	536	1
98.2921	gaming	153	1
98.2937	gaming	139	2
98.2984	ftp	536	1
98.3031	ftp	536	1
98.3039	voip	40	1
98.3046	voip	40	2
98.3093	ftp	536	1
98.3141	ftp	536	1
98.3149	video	50	1
98.3196	ftp	536	1
98.3243	ftp	536	1
98.3253	video	70	1
98.3261	voip	40	1
98.3268	voip	40	2
98.3316	ftp	536	1
98.3363	ftp	536	1
98.3375	gaming	103	1
98.3388	video	111	1
98.3436	ftp	536	1
98.3483	ftp	536	1
98.3494	video	83	1
98.3504	video	78	1
98.3512	voip	40	1
98.3519	voip	40	2
98.3531	video	92	1
98.3548	gaming	161	2
98.3558	video	61	1
98.3605	ftp	536	1
98.3612	voip	40	1
98.3624	video	90	1
98.3631	voip	40	2
98.3678	ftp	536	1
98.3726	ftp	536	1
98.3773	ftp	536	1
98.3797	video	250	1
98.3805	video	41	1
98.3822	gaming	160	1
98.3834	video	95	1
98.3841	voip	40	1
98.3849	voip	40	2
98.3857	video	51	1
98.3866	video	60	1
98.3876	video	61	1
98.3883	video	40	1
98.39	video	156	1
98.3924	video	250	1
98.3971	ftp	536	1
98.3986	gaming	127	2
98.4033	ftp	536	1
98.4041	voip	40	1
98.4048	voip	40	2
98.4057	video	55	1
98.4072	gaming	130	1
98.4087	video	141	1
98.4105	video	171	1
98.4152	ftp	536	1
98.42	ftp	536	1
98.4207	voip	40	1
98.4215	voip	40	2
98.4262	ftp	536	1
98.4309	ftp	536	1
98.4356	ftp	536	1
98.4647	voip	40	1
98.4654	voip	40	2
98.4668	gaming	114	2
98.5006	voip	40	1
98.5013	voip	40	2
98.5027	gaming	115	1
98.527	voip	40	1
98.5278	voip	40	2
98.5437	gaming	162	2
98.5445	video	45	1
98.5455	video	69	1
98.5462	video	41	1
98.547	voip	40	1
98.5477	voip	40	2
98.5491	gaming	120	1
98.5509	video	168	1
98.5519	video	72	1
98.5668	voip	40	1
98.5676	voip	40	2
98.5684	video	51	1
98.5794	gaming	138	2
98.5802	video	47	1
98.5814	video	95	1
98.5821	voip	40	1
98.5829	voip	40	2
98.5847	gaming	170	1
98.5854	video	41	1
98.5958	video	60	1
98.6015	video	67	1
98.6022	video	41	1
98.6032	video	67	1
98.6045	video	111	1
98.6053	voip	40	1
98.606	voip	40	2
98.6164	video	64	1
98.6365	gaming	101	2
98.6379	video	115	1
98.6393	video	129	1
98.6404	video	81	1
98.6412	voip	40	1
98.6419	voip	40	2
98.6538	gaming	255	1
98.664	video	42	1
98.6854	video	250	1
98.6861	voip	40	1
98.6869	voip	40	2
98.7024	gaming	120	2
98.7126	voip	40	1
98.7134	voip	40	2
98.7396	gaming	275	1
98.7443	ftp	28944	1
98.7451	voip	40	1
98.7458	voip	40	2
98.7505	ftp	536	1
98.7519	gaming	121	2
98.7567	ftp	536	1
98.7614	ftp	536	1
98.7621	voip	40	1
98.7629	voip	40	2
98.7676	ftp	536	1
98.7723	ftp	536	1
98.7732	video	55	1
98.7753	video	210	1
98.78	ftp	536	1
98.7808	voip	40	1
98.7815	voip	40	2
98.784	video	250	1
98.7859	gaming	184	1
98.7906	ftp	536	1
98.7914	video	44	1
98.7922	video	50	1
98.7946	video	250	1
98.7954	video	41	1
98.7965	gaming	87	2
98.7973	voip	40	1
98.798	voip	40	2
98.8027	ftp	536	1
98.8075	ftp	536	1
98.8083	video	56	1
98.8091	video	45	1
98.8139	ftp	536	1
98.8163	video	250	1
98.821	ftp	536	1
98.8218	voip	40	1
98.8225	voip	40	2
98.8272	ftp	536	1
98.8296	video	245	1
98.8319	video	225	1
98.8366	ftp	536	1
98.8385	video	192	1
98.8393	video	40	1
98.844	ftp	536	1
98.8487	ftp	536	1
98.8505	gaming	172	2
98.8516	video	79	1
98.8524	voip	40	1
98.8529	voip	15	2
98.8542	gaming	102	1
98.8562	video	201	1
98.8572	video	70	1
98.8586	video	128	1
98.8634	ftp	536	1
98.8681	ftp	536	1
98.8689	video	49	1
98.8697	voip	40	1
98.8712	video	133	1
98.8759	ftp	536	1
98.8806	ftp	536	1
98.8853	ftp	536	1
98.8861	voip	40	1
98.8908	ftp	536	1
98.8922	gaming	117	1
98.8932	gaming	77	2
98.8979	ftp	536	1
98.9026	ftp	536	1
98.9034	voip	40	1
98.9081	ftp	536	1
98.9128	ftp	536	1
98.9136	voip	40	1
98.9183	ftp	536	1
98.923	ftp	536	1
98.9278	ftp	536	1
98.929	gaming	107	2
98.9338	ftp	536	1
98.9349	gaming	86	1
98.9396	ftp	536	1
98.9404	voip	40	1
98.9419	video	135	1
98.9431	video	99	1
98.9478	ftp	536	1
98.9487	video	54	1
98.9534	ftp	536	1
98.9558	video	250	1
98.9605	ftp	536	1
98.9624	video	175	1
98.9671	ftp	536	1
98.9695	video	250	1
98.9742	ftp	536	1
98.9767	video	250	1
98.9774	voip	40	1
98.9783	video	57	1
98.9789	voip	15	2
98.9836	ftp	536	1
98.9883	ftp	536	1
98.9893	video	66	1
98.9917	video	250	1
98.9964	ftp	536	1
99.0011	ftp	536	1
99.0059	ftp	536	1
99.0067	video	45	1
99.0082	gaming	134	2
99.0089	voip	40	1
99.0103	video	116	1
99.015	ftp	536	1
99.0197	ftp	536	1
99.0244	ftp	536	1
99.0253	video	49	1
99.0267	gaming	129	1
99.0285	video	172	1
99.0332	ftp	536	1
99.038	ftp	536	1
99.0392	video	98	1
99.04	video	51	1
99.041	video	69	1
99.0418	voip	40	1
99.0427	video	66	1
99.0436	video	62	1
99.0484	ftp	536	1
99.0531	ftp	536	1
99.0539	video	47	1
99.0586	ftp	536	1
99.0633	ftp	536	1
99.0641	voip	40	1
99.0659	gaming	177	2
99.0707	ftp	536	1
99.0754	ftp	536	1
99.0769	gaming	134	1
99.0816	ftp	536	1
99.0863	ftp	536	1
99.091	ftp	536	1
99.0918	voip	40	1
99.0965	ftp	536	1
99.1012	ftp	536	1
99.102	voip	40	1
99.1034	gaming	120	2
99.1081	ftp	536	1
99.1128	ftp	536	1
99.1175	ftp	536	1
99.1223	ftp	536	1
99.1236	gaming	117	1
99.1244	voip	40	1
99.1291	ftp	536	1
99.1338	ftp	536	1
99.1344	voip	15	2
99.1391	ftp	536	1
99.1438	ftp	536	1
99.1446	video	48	1
99.1455	video	54	1
99.1502	ftp	536	1
99.1549	ftp	536	1
99.1558	video	60	1
99.157	gaming	93	2
99.1578	voip	40	1
99.1602	video	250	1
99.1649	ftp	536	1
99.1696	ftp	536	1
99.1744	ftp	536	1
99.1768	video	250	1
99.1777	video	62	1
99.18	video	231	1
99.1847	ftp	536	1
99.1894	ftp	536	1
99.1908	gaming	122	1
99.1916	video	43	1
99.1924	voip	40	1
99.1971	ftp	536	1
99.2018	ftp	536	1
99.203	video	92	1
99.2077	ftp	536	1
99.2124	ftp	536	1
99.2138	video	122	1
99.2146	video	43	1
99.2154	video	44	1
99.2161	voip	40	1
99.2178	gaming	159	2
99.2186	video	42	1
99.221	video	250	1
99.2258	ftp	536	1
99.2305	ftp	536	1
99.2313	video	43	1
99.236	ftp	536	1
99.2407	ftp	536	1
99.2431	video	250	1
99.2439	voip	40	1
99.2447	video	51	1
99.2494	ftp	536	1
99.2542	ftp	536	1
99.2566	video	250	1
99.258	gaming	123	1
99.2604	video	250	1
99.2652	ftp	536	1
99.2699	ftp	536	1
99.2746	ftp	536	1
99.2754	video	42	1
99.2761	voip	40	1
99.2808	ftp	536	1
99.2856	ftp	536	1
99.2871	gaming	137	2
99.2918	ftp	536	1
99.2965	ftp	536	1
99.2973	voip	40	1
99.302	ftp	536	1
99.3067	ftp	536	1
99.3088	gaming	205	1
99.3094	voip	15	2
99.3141	ftp	536	1
99.3188	ftp	536	1
99.3203	gaming	133	2
99.321	voip	40	1
99.3258	ftp	536	1
99.3305	ftp	536	1
99.3352	ftp	536	1
99.3399	ftp	536	1
99.3446	ftp	536	1
99.3494	ftp	536	1
99.3501	voip	40	1
99.3517	gaming	150	1
99.3565	ftp	536	1
99.3612	ftp	536	1
99.3659	ftp	536	1
99.3706	ftp	536	1
99.3753	ftp	536	1
99.3778	video	250	1
99.3789	video	85	1
99.3806	gaming	154	2
99.3813	voip	40	1
99.386	ftp	536	1
99.3907	ftp	536	1
99.3932	video	250	1
99.3939	video	42	1
99.3987	ftp	536	1
99.4034	ftp	536	1
99.4044	video	73	1
99.4091	ftp	536	1
99.4138	ftp	536	1
99.4147	video	58	1
99.4155	voip	40	1
99.4162	video	40	1
99.418	gaming	165	1
99.4189	video	65	1
99.4237	ftp	536	1
99.4284	ftp	536	1
99.4293	video	60	1
99.4307	video	119	1
99.4316	video	57	1
99.4363	ftp	536	1
99.441	ftp	536	1
99.4418	voip	40	1
99.4426	video	46	1
99.4433	video	43	1
99.4441	video	42	1
99.4456	gaming	139	2
99.447	video	114	1
99.4517	ftp	536	1
99.4564	ftp	536	1
99.4572	video	42	1
99.458	video	45	1
99.4627	ftp	536	1
99.4674	ftp	536	1
99.4682	video	43	1
99.469	voip	40	1
99.4704	video	126	1
99.4712	video	50	1
99.4726	gaming	121	1
99.4732	voip	15	2
99.4779	ftp	536	1
99.4826	ftp	536	1
99.4873	ftp	536	1
99.4921	ftp	536	1
99.4968	ftp	536	1
99.4975	voip	40	1
99.5023	ftp	536	1
99.507	ftp	536	1
99.5086	gaming	149	2
99.5094	voip	40	1
99.5141	ftp	536	1
99.5188	ftp	536	1
99.5235	ftp	536	1
99.5282	ftp	536	1
99.5295	gaming	105	1
99.5342	ftp	536	1
99.5389	ftp	536	1
99.5397	voip	40	1
99.5444	ftp	536	1
99.5491	ftp	536	1
99.5539	ftp	536	1
99.5586	ftp	536	1
99.5594	video	47	1
99.5601	voip	40	1
99.5649	ftp	536	1
99.5696	ftp	536	1
99.572	video	250	1
99.5744	video	250	1
99.5762	gaming	172	2
99.5787	video	250	1
99.5799	gaming	103	1
99.5847	ftp	536	1
99.5894	ftp	536	1
99.5941	ftp	536	1
99.5965	video	250	1
99.5973	video	40	1
99.602	ftp	536	1
99.6067	ftp	536	1
99.6075	voip	40	1
99.6099	video	250	1
99.6146	ftp	536	1
99.6193	ftp	536	1
99.6218	video	250	1
99.6229	video	88	1
99.6276	ftp	536	1
99.6324	ftp	536	1
99.6334	video	75	1
99.6342	video	46	1
99.6349	voip	40	1
99.6397	ftp	536	1
99.6444	ftp	536	1
99.6458	video	128	1
99.6466	video	42	1
99.6475	video	63	1
99.6481	voip	15	2
99.6493	gaming	102	1
99.6541	ftp	536	1
99.6588	ftp	536	1
99.6596	video	47	1
99.6603	voip	40	1
99.662	gaming	154	2
99.6667	ftp	536	1
99.6714	ftp	536	1
99.6739	video	248	1
99.6747	video	56	1
99.6795	ftp	536	1
99.6842	ftp	536	1
99.685	video	52	1
99.686	video	71	1
99.687	video	71	1
99.6878	voip	40	1
99.6925	ftp	536	1
99.6972	ftp	536	1
99.7019	ftp	536	1
99.7067	ftp	536	1
99.7081	gaming	122	1
99.7088	voip	40	1
99.711	gaming	223	2
99.7158	ftp	536	1
99.7205	ftp	536	1
99.7252	ftp	536	1
99.7299	ftp	536	1
99.7307	voip	40	1
99.7354	ftp	536	1
99.7401	ftp	536	1
99.7448	ftp	536	1
99.7495	ftp	536	1
99.7543	ftp	536	1
99.759	ftp	536	1
99.7604	gaming	117	1
99.7611	voip	40	1
99.7629	gaming	169	2
99.7676	ftp	536	1
99.7723	ftp	536	1
99.777	ftp	536	1
99.7818	ftp	536	1
99.7835	video	159	1
99.7842	voip	40	1
99.7854	video	96	1
99.7901	ftp	536	1
99.7949	ftp	536	1
99.7967	video	179	1
99.7976	video	60	1
99.7985	video	48	1
99.8032	ftp	536	1
99.8079	ftp	536	1
99.8084	voip	15	2
99.8094	video	65	1
99.8102	video	43	1
99.8149	ftp	536	1
99.8196	ftp	536	1
99.8243	ftp	536	1
99.8251	voip	40	1
99.8265	gaming	126	1
99.8312	ftp	536	1
99.836	ftp	536	1
99.8384	video	250	1
99.84	gaming	148	2
99.8408	video	46	1
99.8455	ftp	536	1
99.8503	ftp	536	1
99.851	video	44	1
99.8518	video	41	1
99.8526	voip	40	1
99.8534	video	49	1
99.8544	video	72	1
99.8553	video	59	1
99.86	ftp	536	1
99.8647	ftp	536	1
99.8666	video	177	1
99.8713	ftp	536	1
99.876	ftp	536	1
99.8768	voip	40	1
99.8776	video	46	1
99.8789	gaming	118	2
99.8798	video	52	1
99.8845	ftp	536	1
99.8892	ftp	536	1
99.8908	gaming	142	1
99.8917	video	62	1
99.8964	ftp	536	1
99.9012	ftp	536	1
99.9019	voip	40	1
99.9027	video	42	1
99.9037	video	73	1
99.9084	ftp	536	1
99.9131	ftp	536	1
99.9179	ftp	536	1
99.9226	ftp	536	1
99.9233	voip	40	1
99.9253	gaming	189	2
99.93	ftp	536	1
99.9347	ftp	536	1
99.9362	gaming	135	1
99.941	ftp	536	1
99.9457	ftp	536	1
99.9464	voip	40	1
99.9511	ftp	536	1
99.9559	ftp	536	1
99.9606	ftp	536	1
99.9653	ftp	536	1
99.9659	voip	15	2
99.9666	voip	40	1
99.9713	ftp	536	1
99.976	ftp	536	1
99.9808	ftp	536	1
99.9818	gaming	76	2
99.9865	ftp	536	1
99.9912	ftp	536	1
99.996	ftp	536	1
100.001	ftp	536	1
100.001	voip	40	1
100.002	video	40	1
100.007	ftp	536	1
100.012	ftp	536	1
100.013	gaming	143	1
100.015	video	159	1
100.02	ftp	536	1
100.024	ftp	536	1
100.026	video	140	1
100.027	video	86	1
100.028	voip	40	1
100.032	ftp	536	1
100.037	ftp	536	1
100.038	video	52	1
100.04	gaming	139	2
100.041	video	67	1
100.043	video	250	1
100.048	ftp	536	1
100.052	ftp	536	1
100.055	video	250	1
100.056	video	141	1
100.057	voip	40	1
100.062	ftp	536	1
100.067	ftp	536	1
100.068	video	115	1
100.069	video	45	1
100.073	ftp	536	1
100.078	ftp	536	1
100.081	video	250	1
100.082	video	57	1
100.083	gaming	121	1
100.084	video	49	1
100.085	voip	40	1
100.089	ftp	536	1
100.094	ftp	536	1
100.095	video	87	1
100.1	ftp	536	1
100.105	ftp	536	1
100.105	video	41	1
100.107	gaming	119	2
100.108	video	80	1
100.112	ftp	536	1
100.117	ftp	536	1
100.118	video	48	1
100.119	voip	40	1
100.12	video	55	1
100.12	video	42	1
100.125	ftp	536	1
100.13	ftp	536	1
100.132	gaming	227	1
100.133	voip	40	2
100.138	ftp	536	1
100.142	ftp	536	1
100.143	voip	40	1
100.148	ftp	536	1
100.152	ftp	536	1
100.155	gaming	219	2
100.155	voip	40	2
100.16	ftp	536	1
100.165	ftp	536	1
100.17	ftp	536	1
100.17	voip	40	1
100.175	ftp	536	1
100.18	ftp	536	1
100.182	gaming	284	1
100.187	ftp	536	1
100.192	ftp	536	1
100.193	voip	40	2
100.193	voip	40	1
100.198	ftp	536	1
100.203	ftp	536	1
100.208	ftp	536	1
100.212	ftp	536	1
100.213	gaming	86	2
100.214	voip	40	2
100.219	ftp	536	1
100.224	ftp	536	1
100.224	voip	40	1
100.225	video	44	1
100.226	video	75	1
100.231	ftp	536	1
100.236	ftp	536	1
100.237	video	168	1
100.242	ftp	536	1
100.247	ftp	536	1
100.247	voip	15	2
100.249	gaming	142	1
100.25	video	126	1
100.251	voip	40	1
100.252	video	47	1
100.257	ftp	536	1
100.261	ftp	536	1
100.262	video	42	1
100.264	video	122	1
100.264	video	49	1
100.269	ftp	536	1
100.274	ftp	536	1
100.275	video	115	1
100.276	video	44	1
100.277	video	46	1
100.278	gaming	125	2
100.283	ftp	536	1
100.288	ftp	536	1
100.288	voip	40	1
100.289	video	41	1
100.29	video	74	1
100.295	ftp	536	1
100.296	video	60	1
100.301	ftp	536	1
100.301	video	65	1
100.302	voip	40	1
100.307	ftp	536	1
100.309	gaming	168	1
100.313	ftp	536	1
100.315	video	170	1
100.316	video	43	1
100.321	ftp	536	1
100.325	ftp	536	1
100.326	video	75	1
100.327	voip	40	1
100.332	ftp	536	1
100.337	ftp	536	1
100.339	video	187	1
100.34	gaming	90	2
100.344	ftp	536	1
100.345	video	54	1
100.35	ftp	536	1
100.355	ftp	536	1
100.359	ftp	536	1
100.361	gaming	193	1
100.362	voip	40	1
100.367	ftp	536	1
100.372	ftp	536	1
100.376	ftp	536	1
100.381	ftp	536	1
100.386	ftp	536	1
100.387	voip	40	1
100.391	ftp	536	1
100.396	ftp	536	1
100.398	gaming	168	2
100.402	ftp	536	1
100.407	ftp	536	1
100.408	voip	15	2
100.409	voip	40	1
100.413	ftp	536	1
100.418	ftp	536	1
100.419	gaming	101	1
100.424	ftp	536	1
100.429	ftp	536	1
100.429	voip	40	1
100.434	ftp	536	1
100.439	ftp	536	1
100.44	video	55	1
100.441	video	49	1
100.445	ftp	536	1
100.45	ftp	536	1
100.452	gaming	181	2
100.453	video	52	1
100.454	video	158	1
100.459	ftp	536	1
100.464	ftp	536	1
100.465	voip	40	1
100.466	video	155	1
100.471	ftp	536	1
100.476	ftp	536	1
100.476	video	42	1
100.481	ftp	536	1
100.486	ftp	536	1
100.487	video	43	1
100.488	gaming	103	1
100.489	voip	40	1
100.493	ftp	536	1
100.498	ftp	536	1
100.499	video	48	1
100.504	ftp	536	1
100.508	ftp	536	1
100.51	gaming	200	2
100.513	video	243	1
100.515	video	250	1
100.516	video	95	1
100.517	voip	40	1
100.522	ftp	536	1
100.527	ftp	536	1
100.528	video	74	1
100.532	ftp	536	1
100.537	ftp	536	1
100.538	video	60	1
100.539	video	44	1
100.54	voip	40	1
100.544	ftp	536	1
100.549	ftp	536	1
100.554	ftp	536	1
100.554	video	42	1
100.555	video	42	1
100.56	ftp	536	1
100.565	ftp	536	1
100.566	gaming	150	1
100.569	video	250	1
100.572	gaming	303	2
100.572	voip	40	1
100.575	video	250	1
100.575	voip	15	2
100.58	ftp	536	1
100.585	ftp	536	1
100.587	video	250	1
100.588	video	44	1
100.593	ftp	536	1
100.597	ftp	536	1
100.598	voip	40	1
100.603	ftp	536	1
100.608	ftp	536	1
100.612	ftp	536	1
100.617	ftp	536	1
100.622	ftp	536	1
100.626	ftp	536	1
100.627	voip	40	1
100.629	gaming	148	1
100.63	gaming	132	2
100.635	ftp	536	1
100.64	ftp	536	1
100.644	ftp	536	1
100.649	ftp	536	1
100.65	voip	40	1
100.655	ftp	536	1
100.659	ftp	536	1
100.664	ftp	536	1
100.669	ftp	536	1
100.674	ftp	536	1
100.678	ftp	536	1
100.679	voip	40	1
100.681	gaming	141	2
100.682	video	61	1
100.683	video	73	1
100.684	video	84	1
100.688	ftp	536	1
100.693	ftp	536	1
100.694	video	90	1
100.696	gaming	115	1
100.696	video	50	1
100.697	video	56	1
100.702	ftp	536	1
100.707	ftp	536	1
100.708	video	47	1
100.708	video	43	1
100.709	voip	40	1
100.714	ftp	536	1
100.719	ftp	536	1
100.72	video	125	1
100.721	video	106	1
100.726	ftp	536	1
100.731	ftp	536	1
100.732	video	149	1
100.735	gaming	257	2
100.736	voip	40	1
100.74	ftp	536	1
100.745	ftp	536	1
100.746	video	95	1
100.749	video	241	1
100.749	voip	15	2
100.751	video	129	1
100.752	video	126	1
100.753	video	43	1
100.754	gaming	116	1
100.759	ftp	536	1
100.764	ftp	536	1
100.768	ftp	536	1
100.769	voip	40	1
100.77	video	40	1
100.771	video	108	1
100.772	video	70	1
100.777	ftp	536	1
100.782	ftp	536	1
100.782	video	40	1
100.785	gaming	234	2
100.789	ftp	536	1
100.79	voip	40	1
100.795	ftp	536	1
100.799	ftp	536	1
100.804	ftp	536	1
100.809	ftp	536	1
100.811	gaming	177	1
100.815	ftp	536	1
100.82	ftp	536	1
100.821	voip	40	1
100.826	ftp	536	1
100.83	ftp	536	1
100.835	ftp	536	1
100.84	ftp	536	1
100.841	voip	40	1
100.845	ftp	536	1
100.85	ftp	536	1
100.855	ftp	536	1
100.856	gaming	134	2
100.861	ftp	536	1
100.866	ftp	536	1
100.868	gaming	180	1
100.868	voip	40	1
100.873	ftp	536	1
100.878	ftp	536	1
100.879	video	153	1
100.882	video	250	1
100.887	ftp	536	1
100.891	ftp	536	1
100.892	voip	40	1
100.893	video	55	1
100.893	voip	15	2
100.898	ftp	536	1
100.903	ftp	536	1
100.904	video	54	1
100.908	ftp	536	1
100.913	ftp	536	1
100.916	gaming	252	2
100.917	video	56	1
100.921	ftp	536	1
100.926	ftp	536	1
100.927	video	59	1
100.928	voip	40	1
100.929	gaming	138	1
100.931	video	151	1
100.932	video	51	1
100.936	ftp	536	1
100.941	ftp	536	1
100.942	video	83	1
100.947	ftp	536	1
100.952	ftp	536	1
100.952	video	51	1
100.954	video	163	1
100.955	video	40	1
100.957	video	250	1
100.959	video	116	1
100.959	voip	40	1
100.961	gaming	87	2
100.965	ftp	536	1
100.966	video	65	1
100.967	voip	40	1
100.972	ftp	536	1
100.976	ftp	536	1
100.978	video	115	1
100.983	ftp	536	1
100.987	ftp	536	1
100.992	ftp	536	1
100.993	video	76	1
100.994	video	71	1
100.995	gaming	115	1
100.996	voip	40	1
101.001	ftp	536	1
101.003	video	229	1
101.004	video	40	1
101.009	ftp	536	1
101.013	ftp	536	1
101.018	ftp	536	1
101.023	ftp	536	1
101.027	ftp	536	1
101.028	voip	40	1
101.03	gaming	150	2
101.035	ftp	536	1
101.039	ftp	536	1
101.044	ftp	536	1
101.049	ftp	536	1
101.049	voip	40	1
101.051	gaming	120	1
101.056	ftp	536	1
101.06	ftp	536	1
101.061	voip	15	2
101.066	ftp	536	1
101.07	ftp	536	1
101.071	voip	40	1
101.076	ftp	536	1
101.076	ftp	16	1
101.078	gaming	193	2
101.079	voip	40	1
101.08	video	46	1
101.081	video	46	1
101.082	video	104	1
101.084	video	250	1
101.086	gaming	145	1
101.088	video	250	1
101.089	voip	40	1
101.09	video	85	1
101.091	video	68	1
101.092	gaming	86	2
101.094	video	132	1
101.096	video	166	1
101.096	video	55	1
101.097	voip	40	1
101.098	video	58	1
101.099	video	109	1
101.102	video	250	1
101.103	video	124	1
101.104	video	44	1
101.105	video	44	1
101.107	video	250	1
101.109	gaming	105	1
101.109	voip	40	1
101.11	video	44	1
101.111	video	78	1
101.112	video	83	1
101.114	gaming	115	2
101.114	voip	40	1
101.115	voip	15	2
101.116	voip	40	1
101.117	gaming	122	1
101.118	gaming	83	2
101.119	voip	40	1
101.12	voip	40	1
101.12	video	48	1
101.121	video	42	1
101.123	gaming	167	1
101.125	video	177	1
101.126	video	120	1
101.128	gaming	128	2
101.129	video	47	1
101.13	video	115	1
101.131	voip	40	1
101.133	video	250	1
101.135	video	250	1
101.136	video	51	1
101.137	voip	40	1
101.138	video	69	1
101.139	video	53	1
101.14	video	74	1
101.142	gaming	191	2
101.143	gaming	103	1
101.146	video	250	1
101.146	voip	40	1
101.148	video	94	1
101.149	video	82	1
101.149	voip	15	2
101.151	video	124	1
101.151	video	54	1
101.153	video	88	1
101.153	voip	15	1
101.154	video	79	1
101.155	video	82	1
101.156	gaming	86	2
101.158	gaming	118	1
101.186	gaming	115	1
101.187	gaming	116	2
101.208	video	51	1
101.216	video	103	1
101.219	video	152	1
101.224	video	203	1
101.225	video	43	1
101.228	video	43	1
101.232	video	121	1
101.234	gaming	96	1
101.244	video	51	1
101.249	video	250	1
101.25	voip	15	2
101.252	video	53	1
101.255	gaming	142	2
101.256	video	49	1
101.258	video	63	1
101.262	voip	15	1
101.263	video	54	1
101.266	video	40	1
101.274	video	239	1
101.276	video	61	1
101.28	video	74	1
101.284	video	124	1
101.288	video	78	1
101.291	video	43	1
101.294	gaming	182	1
101.305	gaming	155	2
101.362	gaming	73	1
101.37	gaming	154	2
101.392	video	117	1
101.395	video	138	1
101.398	video	44	1
101.401	video	91	1
101.409	voip	15	2
101.415	video	250	1
101.417	gaming	178	1
101.418	video	43	1
101.421	video	82	1
101.422	voip	15	1
101.423	video	53	1
101.427	video	250	1
101.431	gaming	154	2
101.432	video	85	1
101.446	video	250	1
101.457	video	105	1
101.46	video	106	1
101.465	video	250	1
101.466	video	47	1
101.47	video	45	1
101.471	gaming	114	1
101.473	video	50	1
101.48	video	57	1
101.485	video	40	1
101.489	video	108	1
101.494	gaming	166	2
101.519	gaming	131	1
101.548	gaming	126	2
101.569	voip	15	2
101.582	gaming	189	1
101.583	voip	40	1
101.589	video	100	1
101.592	video	126	1
101.597	gaming	182	2
101.599	video	106	1
101.603	video	44	1
101.607	video	51	1
101.608	voip	40	1
101.611	video	62	1
101.621	video	41	1
101.631	video	60	1
101.634	video	42	1
101.635	voip	40	1
101.637	gaming	159	1
101.642	video	48	1
101.645	video	48	1
101.648	video	42	1
101.652	gaming	142	2
101.653	video	43	1
101.657	video	86	1
101.661	voip	40	1
101.67	video	143	1
101.673	video	43	1
101.678	video	54	1
101.687	video	41	1
101.688	voip	40	1
101.69	video	73	1
101.697	video	81	1
101.702	gaming	115	1
101.707	gaming	121	2
101.713	voip	40	1
101.729	voip	15	2
101.74	voip	40	1
101.759	gaming	156	2
101.766	gaming	190	1
101.767	voip	40	1
101.792	voip	40	1
101.797	video	76	1
101.803	video	123	1
101.812	gaming	65	2
101.815	video	95	1
101.817	gaming	171	1
101.818	voip	40	1
101.819	video	59	1
101.827	video	61	1
101.84	video	120	1
101.843	video	84	1
101.844	voip	40	1
101.847	video	250	1
101.85	video	101	1
101.852	video	43	1
101.866	video	192	1
101.868	gaming	159	2
101.868	video	44	1
101.871	voip	40	1
101.872	video	88	1
101.874	video	53	1
101.882	video	250	1
101.889	video	250	1
101.89	voip	15	2
101.89	video	40	1
101.897	video	250	1
101.898	gaming	120	1
101.899	voip	40	1
101.905	video	126	1
101.909	video	66	1
101.92	gaming	129	2
101.923	voip	40	1
101.949	voip	40	1
101.955	gaming	136	1
101.976	gaming	182	2
101.977	voip	40	1
102.002	voip	40	1
102.009	video	44	1
102.012	video	73	1
102.014	gaming	230	1
102.015	video	40	1
102.02	video	56	1
102.023	video	105	1
102.026	video	42	1
102.028	voip	40	1
102.031	video	250	1
102.033	gaming	186	2
102.042	video	130	1
102.044	video	67	1
102.049	video	40	1
102.05	voip	15	2
102.054	voip	40	1
102.059	video	88	1
102.062	video	77	1
102.066	video	214	1
102.069	video	57	1
102.071	gaming	196	1
102.077	video	250	1
102.08	video	45	1
102.081	voip	40	1
102.082	video	50	1
102.084	gaming	78	2
102.091	video	80	1
102.103	video	107	1
102.107	video	77	1
102.107	voip	40	1
102.13	gaming	154	1
102.133	voip	40	1
102.148	gaming	90	2
102.159	voip	40	1
102.185	gaming	289	1
102.186	voip	40	1
102.205	gaming	227	2
102.208	video	250	1
102.209	voip	40	2
102.212	voip	40	1
102.219	video	54	1
102.222	video	100	1
102.229	video	250	1
102.232	video	89	1
102.236	voip	40	2
102.238	voip	40	1
102.239	video	132	1
102.244	video	99	1
102.246	gaming	174	1
102.249	video	250	1
102.251	video	44	1
102.254	video	57	1
102.256	gaming	126	2
102.261	video	184	1
102.262	voip	40	2
102.264	voip	40	1
102.274	video	158	1
102.285	video	60	1
102.288	voip	40	2
102.29	voip	40	1
102.292	video	118	1
102.298	video	48	1
102.3	video	61	1
102.307	video	250	1
102.308	gaming	115	2
102.309	video	82	1
102.313	video	170	1
102.314	voip	40	2
102.317	voip	40	1
102.318	gaming	158	1
102.323	video	250	1
102.341	voip	40	2
102.343	voip	40	1
102.365	gaming	107	2
102.367	voip	40	2
102.369	voip	40	1
102.374	gaming	139	1
102.393	voip	40	2
102.395	voip	40	1
102.419	voip	40	2
102.421	video	42	1
102.422	voip	40	1
102.425	gaming	87	2
102.429	video	105	1
102.432	video	42	1
102.436	gaming	92	1
102.441	video	70	1
102.446	voip	40	2
102.448	voip	40	1
102.454	video	250	1
102.456	video	40	1
102.46	video	140	1
102.467	video	124	1
102.47	video	180	1
102.472	voip	40	2
102.473	gaming	103	2
102.474	video	42	1
102.475	voip	40	1
102.477	video	68	1
102.482	video	104	1
102.484	video	105	1
102.497	video	154	1
102.498	voip	40	2
102.5	voip	40	1
102.503	gaming	160	1
102.507	video	45	1
102.511	video	191	1
102.513	video	107	1
102.516	video	146	1
102.519	video	46	1
102.522	video	110	1
102.524	voip	40	2
102.526	voip	40	1
102.532	gaming	127	2
102.55	voip	40	2
102.553	voip	40	1
102.562	gaming	139	1
102.577	voip	40	2
102.579	voip	40	1
102.596	gaming	155	2
102.603	voip	40	2
102.605	voip	40	1
102.621	video	50	1
102.624	gaming	127	1
102.627	video	83	1
102.629	voip	40	2
102.631	voip	40	1
102.632	video	55	1
102.636	video	73	1
102.647	gaming	188	2
102.648	video	54	1
102.653	video	250	1
102.654	video	69	1
102.655	voip	40	2
102.658	voip	40	1
102.668	video	250	1
102.67	video	122	1
102.682	video	52	1
102.682	voip	40	2
102.684	voip	40	1
102.689	video	250	1
102.691	video	42	1
102.698	gaming	163	1
102.701	gaming	128	2
102.704	video	100	1
102.708	voip	40	2
102.71	voip	40	1
102.716	video	55	1
102.719	video	64	1
102.724	video	41	1
102.728	video	66	1
102.731	video	49	1
102.734	voip	40	2
102.736	voip	40	1
102.738	video	43	1
102.743	video	250	1
102.748	gaming	160	1
102.76	voip	40	2
102.763	gaming	116	2
102.763	voip	40	1
102.787	voip	40	2
102.789	voip	40	1
102.805	gaming	46	2
102.807	gaming	145	1
102.813	voip	40	2
102.815	voip	40	1
102.839	voip	40	2
102.841	voip	40	1
102.843	video	200	1
102.852	video	50	1
102.857	video	115	1
102.859	gaming	126	2
102.864	gaming	124	1
102.865	voip	40	2
102.866	video	58	1
102.867	voip	40	1
102.876	video	118	1
102.881	video	250	1
102.885	video	65	1
102.89	video	46	1
102.891	voip	40	2
102.893	video	107	1
102.894	voip	40	1
102.897	video	58	1
102.899	video	53	1
102.903	video	101	1
102.906	video	44	1
102.91	video	92	1
102.918	video	238	1
102.919	voip	40	2
102.921	gaming	120	1
102.921	voip	40	1
102.922	video	61	1
102.926	video	82	1
102.929	gaming	138	2
102.93	video	49	1
102.933	video	103	1
102.937	video	145	1
102.944	voip	40	2
102.946	voip	40	1
102.97	voip	40	2
102.972	voip	40	1
102.974	gaming	140	1
102.98	gaming	121	2
102.996	voip	40	2
102.999	voip	40	1
103.023	voip	40	2
103.025	voip	40	1
103.029	gaming	136	1
103.036	video	45	1
103.04	gaming	157	2
103.048	video	59	1
103.049	voip	40	2
103.052	video	167	1
103.053	voip	40	1
103.059	video	167	1
103.064	video	66	1
103.068	video	228	1
103.072	video	43	1
103.075	voip	40	2
103.077	video	84	1
103.078	voip	40	1
103.08	video	71	1
103.082	gaming	173	1
103.089	gaming	299	2
103.092	video	49	1
103.098	video	46	1
103.101	video	79	1
103.102	voip	40	2
103.105	video	226	1
103.106	voip	40	1
103.107	video	81	1
103.109	video	43	1
103.112	video	44	1
103.116	video	120	1
103.123	video	70	1
103.126	video	48	1
103.128	voip	40	2
103.13	voip	40	1
103.139	video	176	1
103.145	gaming	104	1
103.146	gaming	122	2
103.154	voip	40	2
103.156	voip	40	1
103.18	voip	40	2
103.182	voip	40	1
103.194	gaming	117	1
103.206	voip	40	2
103.208	voip	40	1
103.22	gaming	122	2
103.232	voip	40	2
103.235	voip	40	1
103.238	video	42	1
103.241	video	55	1
103.246	video	67	1
103.249	video	58	1
103.253	gaming	167	1
103.254	video	56	1
103.258	video	119	1
103.259	voip	40	2
103.261	voip	40	1
103.266	video	49	1
103.268	video	46	1
103.271	video	85	1
103.274	video	46	1
103.276	gaming	106	2
103.283	video	66	1
103.285	voip	40	2
103.287	video	41	1
103.288	voip	40	1
103.291	video	40	1
103.297	video	47	1
103.3	video	46	1
103.308	video	72	1
103.311	gaming	147	1
103.312	video	46	1
103.312	voip	15	2
103.313	voip	40	1
103.314	video	42	1
103.317	video	46	1
103.323	gaming	115	2
103.324	video	53	1
103.34	voip	40	1
103.366	voip	40	1
103.377	gaming	125	1
103.378	gaming	115	2
103.392	voip	40	1
103.418	voip	40	1
103.424	video	55	1
103.43	gaming	83	1
103.436	video	59	1
103.441	gaming	116	2
103.443	video	187	1
103.444	voip	40	1
103.448	video	49	1
103.456	video	44	1
103.459	video	45	1
103.466	video	250	1
103.467	video	98	1
103.471	voip	40	1
103.471	voip	15	2
103.476	video	162	1
103.479	video	176	1
103.481	gaming	137	1
103.49	video	147	1
103.494	video	70	1
103.497	video	78	1
103.498	voip	40	1
103.499	video	73	1
103.511	gaming	135	2
103.512	video	40	1
103.515	video	65	1
103.521	video	74	1
103.523	voip	40	1
103.524	video	68	1
103.527	video	106	1
103.531	video	84	1
103.546	gaming	126	1
103.549	voip	40	1
103.563	gaming	166	2
103.576	voip	40	1
103.602	voip	40	1
103.606	gaming	180	1
103.614	gaming	119	2
103.628	voip	40	1
103.63	video	67	1
103.631	voip	15	2
103.635	video	110	1
103.64	video	250	1
103.642	video	95	1
103.652	video	44	1
103.654	voip	40	1
103.656	video	49	1
103.66	video	47	1
103.667	video	143	1
103.67	gaming	105	1
103.676	gaming	170	2
103.679	video	80	1
103.681	voip	40	1
103.684	video	54	1
103.692	video	117	1
103.697	video	45	1
103.7	video	43	1
103.705	video	62	1
103.707	voip	15	1
103.707	video	52	1
103.712	video	107	1
103.715	video	42	1
103.72	video	45	1
103.729	video	95	1
103.731	video	44	1
103.734	gaming	106	1
103.752	gaming	219	2
103.784	gaming	86	1
103.791	voip	15	2
103.799	gaming	162	2
103.832	gaming	101	1
103.832	video	46	1
103.837	video	130	1
103.846	video	250	1
103.847	video	57	1
103.85	video	76	1
103.854	video	250	1
103.856	gaming	173	2
103.861	video	250	1
103.864	video	54	1
103.866	video	45	1
103.867	voip	15	1
103.877	video	61	1
103.881	video	44	1
103.883	gaming	103	1
103.889	video	50	1
103.892	video	95	1
103.895	video	44	1
103.9	video	112	1
103.908	gaming	240	2
103.91	video	45	1
103.915	video	174	1
103.922	video	250	1
103.929	video	250	1
103.931	gaming	164	1
103.94	video	63	1
103.951	voip	15	2
103.974	gaming	102	2
103.98	gaming	232	1
104.027	gaming	162	2
104.028	voip	40	1
104.04	video	73	1
104.042	gaming	186	1
104.043	video	61	1
104.053	video	250	1
104.053	voip	40	1
104.062	video	68	1
104.069	video	50	1
104.073	video	41	1
104.076	gaming	126	2
104.077	video	66	1
104.079	voip	40	1
104.087	video	55	1
104.094	video	40	1
104.096	gaming	165	1
104.1	video	107	1
104.105	video	250	1
104.106	voip	40	1
104.107	video	56	1
104.111	video	52	1
104.111	voip	15	2
104.12	video	114	1
104.124	video	92	1
104.127	video	112	1
104.129	gaming	188	2
104.132	voip	40	1
104.134	video	143	1
104.137	video	130	1
104.139	video	71	1
104.142	video	58	1
104.144	gaming	93	1
104.158	voip	40	1
104.184	voip	40	1
104.189	gaming	199	2
104.195	gaming	84	1
104.21	voip	40	1
104.237	voip	40	1
104.243	video	93	1
104.245	gaming	198	2
104.248	video	85	1
104.251	video	41	1
104.254	video	108	1
104.258	gaming	108	1
104.263	voip	40	1
104.266	video	51	1
104.27	video	78	1
104.271	voip	15	2
104.282	video	45	1
104.289	voip	40	1
104.294	video	196	1
104.299	video	182	1
104.307	gaming	118	2
104.311	video	40	1
104.314	gaming	149	1
104.315	video	51	1
104.316	voip	40	1
104.317	video	56	1
104.331	video	250	1
104.332	video	44	1
104.341	video	41	1
104.342	voip	40	1
104.345	video	250	1
104.353	video	44	1
104.356	video	46	1
104.362	video	250	1
104.364	gaming	160	1
104.366	gaming	167	2
104.368	voip	40	1
104.374	video	183	1
104.394	voip	40	1
104.416	gaming	115	2
104.42	voip	40	1
104.426	gaming	226	1
104.431	voip	15	2
104.446	voip	40	1
104.473	video	103	1
104.474	voip	40	1
104.476	video	128	1
104.477	gaming	74	2
104.488	video	81	1
104.49	gaming	145	1
104.492	video	67	1
104.497	video	45	1
104.499	voip	40	1
104.503	video	250	1
104.514	video	51	1
104.521	video	44	1
104.525	gaming	101	2
104.525	voip	40	1
104.534	video	120	1
104.536	gaming	155	1
104.537	video	66	1
104.55	video	229	1
104.551	voip	40	1
104.556	video	250	1
104.559	video	41	1
104.563	video	61	1
104.567	video	59	1
104.569	video	57	1
104.578	voip	40	1
104.582	video	94	1
104.586	video	249	1
104.587	gaming	78	2
104.589	video	73	1
104.591	gaming	78	1
104.592	voip	15	2
104.593	video	53	1
104.604	voip	40	1
104.63	voip	40	1
104.638	gaming	143	2
104.647	gaming	321	1
104.656	voip	40	1
104.682	voip	40	1
104.692	video	66	1
104.697	gaming	158	1
104.704	video	59	1
104.708	gaming	130	2
104.709	voip	40	1
104.712	video	46	1
104.716	video	40	1
104.72	video	40	1
104.723	video	100	1
104.735	voip	40	1
104.736	video	108	1
104.74	video	74	1
104.743	video	71	1
104.745	video	41	1
104.749	gaming	323	1
104.751	voip	15	2
104.754	video	70	1
104.757	gaming	141	2
104.761	video	250	1
104.762	voip	40	1
104.763	video	43	1
104.768	video	176	1
104.775	video	46	1
104.778	video	65	1
104.783	video	250	1
104.784	video	41	1
104.787	voip	40	1
104.79	video	56	1
104.795	video	250	1
104.8	gaming	121	1
104.814	gaming	108	2
104.814	voip	40	1
104.84	voip	40	1
104.858	gaming	91	1
104.866	voip	40	1
104.868	gaming	143	2
104.892	voip	40	1
104.894	video	94	1
104.9	video	160	1
104.911	voip	15	2
104.912	video	60	1
104.914	gaming	206	1
104.915	video	55	1
104.919	voip	40	1
104.919	video	60	1
104.922	gaming	105	2
104.923	video	142	1
104.932	video	106	1
104.936	video	250	1
104.937	video	53	1
104.945	voip	40	1
104.95	video	62	1
104.957	video	250	1
104.965	video	40	1
104.967	gaming	167	1
104.971	voip	40	1
104.973	gaming	144	2
104.973	video	60	1
104.977	video	92	1
104.98	video	99	1
104.985	video	66	1
104.988	video	93	1
104.997	voip	40	1
105.001	video	228	1
105.005	video	51	1
105.007	video	41	1
105.023	gaming	126	1
105.023	voip	40	1
105.029	gaming	144	2
105.05	voip	40	1
105.071	voip	15	2
105.076	voip	40	1
105.085	gaming	143	1
105.096	gaming	140	2
105.102	voip	40	1
105.107	video	68	1
105.12	video	47	1
105.123	video	43	1
105.126	video	42	1
105.128	voip	40	1
105.13	video	58	1
105.133	video	67	1
105.136	video	66	1
105.14	video	218	1
105.144	video	88	1
105.147	gaming	164	1
105.152	gaming	151	2
105.155	voip	40	1
105.156	video	56	1
105.161	video	49	1
105.17	video	77	1
105.178	video	89	1
105.181	voip	40	1
105.183	video	57	1
105.188	video	194	1
105.192	video	51	1
105.196	video	114	1
105.199	gaming	110	1
105.2	video	61	1
105.204	gaming	113	2
105.208	video	189	1
105.208	voip	15	1
105.216	video	51	1
105.231	voip	15	2
105.247	gaming	110	1
105.256	gaming	152	2
105.298	gaming	89	1
105.301	gaming	157	2
105.316	video	85	1
105.329	video	94	1
105.336	video	91	1
105.343	video	45	1
105.347	video	250	1
105.353	video	58	1
105.359	gaming	148	2
105.361	video	205	1
105.362	video	47	1
105.364	gaming	108	1
105.367	voip	15	1
105.375	video	44	1
105.378	video	78	1
105.388	video	50	1
105.391	voip	15	2
105.393	video	103	1
105.405	video	42	1
105.417	gaming	122	1
105.418	video	41	1
105.426	video	250	1
105.43	gaming	150	2
105.431	video	40	1
105.44	video	250	1
105.441	video	50	1
105.444	video	55	1
105.447	video	68	1
105.472	gaming	74	1
105.485	gaming	134	2
105.527	voip	15	1
105.529	gaming	171	1
105.548	video	250	1
105.55	video	59	1
105.551	voip	15	2
105.553	video	42	1
105.556	gaming	76	2
105.559	video	64	1
105.562	video	76	1
105.565	video	81	1
105.572	video	48	1
105.579	video	250	1
105.589	gaming	148	1
105.591	video	133	1
105.594	video	51	1
105.599	video	94	1
105.612	video	85	1
105.613	gaming	153	2
105.621	video	43	1
105.626	video	250	1
105.627	video	42	1
105.63	video	41	1
105.642	gaming	206	1
105.644	video	115	1
105.65	video	51	1
105.656	video	66	1
105.66	video	88	1
105.687	voip	15	1
105.691	gaming	123	2
105.7	gaming	114	1
105.711	voip	15	2
105.743	gaming	87	2
105.761	video	174	1
105.763	gaming	95	1
105.772	video	67	1
105.775	video	54	1
105.782	video	75	1
105.788	video	77	1
105.79	video	61	1
105.794	video	70	1
105.796	gaming	133	2
105.797	video	41	1
105.8	video	171	1
105.812	video	56	1
105.818	gaming	189	1
105.824	video	62	1
105.827	video	41	1
105.834	video	54	1
105.838	video	41	1
105.847	video	76	1
105.847	voip	15	1
105.851	video	250	1
105.852	gaming	139	2
105.858	video	83	1
105.87	video	40	1
105.871	voip	15	2
105.875	video	44	1
105.876	gaming	130	1
105.884	video	41	1
105.903	gaming	144	2
105.922	gaming	232	1
105.953	gaming	98	2
105.975	gaming	109	1
105.984	video	63	1
105.987	video	40	1
105.993	video	73	1
106.002	video	73	1
106.006	video	139	1
106.007	voip	15	1
106.008	video	45	1
106.016	gaming	110	2
106.017	video	164	1
106.027	gaming	267	1
106.029	video	59	1
106.031	voip	15	2
106.032	video	100	1
106.041	video	250	1
106.042	video	53	1
106.045	video	89	1
106.049	video	61	1
106.059	video	42	1
106.062	video	56	1
106.069	video	101	1
106.075	gaming	251	1
106.081	video	54	1
106.09	video	41	1
106.092	gaming	190	2
106.104	video	250	1
106.106	video	41	1
106.126	gaming	127	1
106.151	gaming	107	2
106.167	voip	15	1
106.191	gaming	269	1
106.191	voip	15	2
106.206	video	41	1
106.21	video	63	1
106.214	gaming	123	2
106.215	video	55	1
106.219	video	250	1
106.22	video	40	1
106.229	video	81	1
106.232	video	85	1
106.244	video	44	1
106.248	gaming	127	1
106.25	video	250	1
106.251	video	71	1
106.257	video	48	1
106.26	video	86	1
106.262	video	54	1
106.265	video	59	1
106.268	gaming	151	2
106.272	video	62	1
106.275	video	103	1
106.287	video	60	1
106.291	video	217	1
106.294	video	42	1
106.298	video	58	1
106.307	gaming	119	1
106.322	gaming	106	2
106.327	voip	15	1
106.351	voip	15	2
106.362	gaming	112	1
106.389	gaming	133	2
106.399	video	250	1
106.401	video	146	1
106.406	video	140	1
106.412	video	113	1
106.417	video	55	1
106.42	video	51	1
106.424	gaming	191	1
106.432	video	64	1
106.435	video	123	1
106.44	video	250	1
106.45	video	43	1
106.454	video	59	1
106.455	gaming	96	2
106.457	video	48	1
106.471	video	250	1
106.474	video	42	1
106.475	gaming	130	1
106.486	video	45	1
106.487	voip	15	1
106.49	video	136	1
106.494	video	111	1
106.506	video	42	1
106.509	gaming	118	2
106.511	voip	15	2
106.513	video	161	1
106.518	video	250	1
106.554	gaming	131	1
106.561	gaming	152	2
106.604	gaming	188	1
106.617	gaming	129	2
106.618	video	56	1
106.621	video	43	1
106.632	video	140	1
106.643	video	48	1
106.647	voip	15	1
106.648	video	68	1
106.653	gaming	186	1
106.654	video	58	1
106.667	video	250	1
106.668	video	44	1
106.671	video	61	1
106.672	voip	15	2
106.674	gaming	199	2
106.675	video	45	1
106.677	video	67	1
106.68	video	68	1
106.686	video	250	1
106.696	video	45	1
106.699	video	51	1
106.706	video	54	1
106.71	gaming	140	1
106.712	video	250	1
106.715	video	88	1
106.718	video	121	1
106.721	video	72	1
106.726	gaming	112	2
106.766	gaming	198	1
106.78	gaming	159	2
106.807	voip	40	1
106.82	video	52	1
106.822	gaming	175	1
106.827	video	47	1
106.83	video	50	1
106.831	voip	15	2
106.833	video	52	1
106.834	voip	40	1
106.837	video	62	1
106.842	video	132	1
106.844	video	43	1
106.847	video	63	1
106.86	gaming	138	2
106.862	video	244	1
106.863	voip	40	1
106.866	video	41	1
106.872	video	53	1
106.875	gaming	65	1
106.883	video	92	1
106.886	voip	40	1
106.887	video	70	1
106.89	video	94	1
106.902	video	57	1
106.905	video	44	1
106.911	gaming	120	2
106.912	voip	40	1
106.919	video	207	1
106.921	video	148	1
106.928	video	54	1
106.933	gaming	185	1
106.934	video	45	1
106.938	voip	40	1
106.963	gaming	134	2
106.964	voip	40	1
106.985	gaming	186	1
106.991	voip	40	1
106.991	voip	15	2
107.017	voip	40	1
107.033	video	104	1
107.041	gaming	143	2
107.043	voip	40	1
107.046	video	52	1
107.05	video	55	1
107.058	gaming	213	1
107.06	video	127	1
107.068	video	48	1
107.069	voip	40	1
107.076	video	78	1
107.086	video	43	1
107.091	video	171	1
107.094	video	250	1
107.095	gaming	89	2
107.096	voip	40	1
107.097	video	112	1
107.101	video	82	1
107.105	gaming	108	1
107.107	video	176	1
107.112	video	91	1
107.117	video	55	1
107.122	voip	40	1
107.124	video	40	1
107.128	video	163	1
107.132	video	40	1
107.135	video	76	1
107.14	video	41	1
107.148	voip	40	1
107.151	voip	15	2
107.153	video	82	1
107.155	gaming	119	2
107.174	voip	40	1
107.182	gaming	208	1
107.201	voip	40	1
107.207	gaming	148	2
107.227	voip	40	1
107.235	gaming	212	1
107.254	video	220	1
107.255	voip	40	1
107.256	video	40	1
107.259	video	41	1
107.263	video	117	1
107.267	gaming	100	2
107.267	video	56	1
107.27	video	74	1
107.276	video	78	1
107.279	voip	40	1
107.282	video	44	1
107.295	video	88	1
107.298	gaming	139	1
107.306	video	250	1
107.307	voip	40	1
107.311	voip	15	2
107.317	video	43	1
107.32	gaming	105	2
107.33	video	175	1
107.332	voip	40	1
107.334	video	205	1
107.346	video	250	1
107.357	video	169	1
107.358	voip	40	1
107.36	video	50	1
107.362	gaming	120	1
107.364	video	154	1
107.367	video	84	1
107.369	video	46	1
107.375	video	41	1
107.378	gaming	116	2
107.384	voip	40	1
107.41	voip	40	1
107.415	gaming	89	1
107.424	gaming	204	2
107.437	voip	40	1
107.463	voip	40	1
107.471	voip	40	2
107.476	video	250	1
107.478	gaming	144	1
107.48	gaming	185	2
107.482	video	250	1
107.488	video	40	1
107.489	voip	40	1
107.492	video	53	1
107.496	video	178	1
107.497	voip	40	2
107.499	video	116	1
107.501	video	57	1
107.511	video	250	1
107.514	video	51	1
107.515	voip	40	1
107.518	video	58	1
107.524	voip	40	2
107.531	video	63	1
107.533	gaming	134	1
107.537	video	45	1
107.539	gaming	131	2
107.541	voip	40	1
107.543	video	124	1
107.55	voip	40	2
107.553	video	130	1
107.555	video	62	1
107.563	video	49	1
107.565	video	44	1
107.568	voip	40	1
107.575	video	250	1
107.576	voip	40	2
107.577	video	43	1
107.581	video	68	1
107.584	gaming	121	1
107.594	voip	40	1
107.602	voip	40	2
107.612	gaming	137	2
107.62	voip	40	1
107.629	voip	40	2
107.635	gaming	82	1
107.646	voip	40	1
107.655	voip	40	2
107.672	gaming	101	2
107.673	voip	40	1
107.681	video	109	1
107.682	voip	40	2
107.686	gaming	123	1
107.687	video	147	1
107.69	video	250	1
107.699	voip	40	1
107.703	video	250	1
107.706	video	250	1
107.707	voip	40	2
107.71	video	52	1
107.713	video	50	1
107.721	video	58	1
107.724	video	98	1
107.725	voip	40	1
107.727	video	96	1
107.733	gaming	100	2
107.733	voip	40	2
107.735	video	146	1
107.739	video	250	1
107.742	gaming	181	1
107.75	video	53	1
107.751	voip	40	1
107.755	video	250	1
107.757	video	58	1
107.76	voip	40	2
107.763	video	47	1
107.766	video	85	1
107.77	video	40	1
107.778	voip	40	1
107.779	video	84	1
107.783	video	250	1
107.786	voip	40	2
107.793	gaming	117	2
107.804	voip	40	1
107.814	gaming	283	1
107.815	voip	40	2
107.83	voip	40	1
107.838	voip	40	2
107.848	gaming	131	2
107.856	voip	40	1
107.865	voip	40	2
107.873	gaming	136	1
107.882	video	40	1
107.882	voip	40	1
107.887	video	40	1
107.891	voip	40	2
107.898	gaming	327	2
107.899	video	59	1
107.906	video	250	1
107.909	voip	40	1
107.913	video	250	1
107.914	video	76	1
107.917	voip	40	2
107.921	video	43	1
107.924	video	87	1
107.928	video	44	1
107.93	gaming	147	1
107.932	video	154	1
107.935	video	57	1
107.935	voip	40	1
107.937	video	53	1
107.943	voip	40	2
107.945	video	50	1
107.949	video	41	1
107.951	gaming	113	2
107.953	video	90	1
107.961	voip	40	1
107.965	video	52	1
107.969	voip	40	2
107.976	gaming	215	1
107.978	video	77	1
107.982	video	94	1
107.985	video	49	1
107.987	voip	40	1
107.992	video	250	1
107.996	voip	40	2
108.013	gaming	259	2
108.014	voip	40	1
108.022	voip	40	2
108.028	gaming	152	1
108.04	voip	40	1
108.048	voip	40	2
108.066	gaming	200	2
108.067	voip	15	1
108.074	voip	40	2
108.077	gaming	150	1
108.091	video	63	1
108.097	video	66	1
108.102	video	245	1
108.102	voip	40	2
108.103	video	43	1
108.112	video	58	1
108.121	video	44	1
108.124	gaming	184	2
108.125	video	65	1
108.127	voip	40	2
108.134	video	250	1
108.136	gaming	106	1
108.145	video	57	1
108.147	video	58	1
108.151	video	230	1
108.153	video	61	1
108.154	voip	40	2
108.165	video	61	1
108.177	video	79	1
108.179	voip	40	2
108.182	video	54	1
108.193	gaming	174	1
108.195	video	52	1
108.198	video	69	1
108.204	gaming	109	2
108.205	video	54	1
108.206	voip	40	2
108.216	video	55	1
108.22	video	47	1
108.226	voip	15	1
108.232	voip	40	2
108.252	gaming	146	1
108.258	voip	40	2
108.265	gaming	95	2
108.284	voip	40	2
108.31	voip	40	2
108.315	gaming	116	1
108.32	video	67	1
108.327	video	47	1
108.329	gaming	112	2
108.333	video	250	1
108.337	voip	40	2
108.341	video	53	1
108.355	video	250	1
108.358	video	69	1
108.361	video	113	1
108.363	voip	40	2
108.365	gaming	183	1
108.375	video	239	1
108.386	video	62	1
108.386	voip	15	1
108.389	voip	40	2
108.397	video	97	1
108.401	gaming	121	2
108.402	video	92	1
108.407	video	55	1
108.415	voip	40	2
108.42	gaming	145	1
108.421	video	73	1
108.424	video	250	1
108.428	video	42	1
108.433	video	250	1
108.436	video	70	1
108.442	voip	40	2
108.444	video	45	1
108.449	video	40	1
108.454	video	237	1
108.457	gaming	89	2
108.468	gaming	169	1
108.469	voip	40	2
108.494	voip	40	2
108.51	gaming	191	2
108.52	gaming	152	1
108.521	voip	40	2
108.546	voip	15	1
108.547	voip	40	2
108.553	video	98	1
108.556	video	96	1
108.56	video	40	1
108.566	video	154	1
108.573	voip	40	2
108.577	gaming	129	2
108.578	video	104	1
108.58	gaming	94	1
108.59	video	52	1
108.593	video	63	1
108.599	video	250	1
108.6	voip	40	2
108.607	video	250	1
108.608	video	81	1
108.61	video	58	1
108.614	video	128	1
108.625	voip	40	2
108.626	video	40	1
108.629	video	76	1
108.632	gaming	67	1
108.639	video	250	1
108.641	gaming	208	2
108.643	video	217	1
108.648	video	69	1
108.651	video	91	1
108.652	voip	40	2
108.662	video	47	1
108.67	video	166	1
108.678	voip	40	2
108.692	gaming	188	2
108.704	voip	40	2
108.706	voip	15	1
108.71	gaming	98	1
108.73	voip	40	2
108.754	gaming	167	2
108.756	voip	40	2
108.769	video	50	1
108.771	gaming	247	1
108.776	video	250	1
108.778	video	46	1
108.783	voip	40	2
108.786	video	52	1
108.791	video	40	1
108.796	video	55	1
108.8	video	58	1
108.809	voip	40	2
108.81	gaming	85	2
108.811	video	43	1
108.821	video	54	1
108.826	video	62	1
108.828	gaming	180	1
108.828	video	42	1
108.835	voip	40	2
108.839	video	42	1
108.843	video	154	1
108.846	video	43	1
108.849	video	42	1
108.856	video	250	1
108.861	video	150	1
108.862	voip	40	2
108.863	gaming	126	2
108.866	voip	40	1
108.874	video	183	1
108.876	video	40	1
108.88	video	146	1
108.882	gaming	115	1
108.888	voip	40	2
108.892	voip	40	1
108.908	gaming	164	2
108.914	voip	40	2
108.919	voip	40	1
108.939	gaming	114	1
108.94	voip	40	2
108.945	voip	40	1
108.966	voip	40	2
108.971	voip	40	1
108.979	gaming	105	2
108.98	video	147	1
108.983	video	67	1
108.992	voip	40	2
108.996	video	90	1
108.997	voip	40	1
108.999	video	41	1
109.003	gaming	184	1
109.004	video	68	1
109.006	video	50	1
109.019	video	97	1
109.019	voip	40	2
109.023	voip	40	1
109.03	video	68	1
109.033	video	55	1
109.037	gaming	144	2
109.04	video	205	1
109.045	voip	40	2
109.05	voip	40	1
109.051	video	108	1
109.054	video	45	1
109.066	video	48	1
109.071	voip	40	2
109.072	video	58	1
109.076	video	97	1
109.077	voip	40	1
109.077	gaming	64	1
109.079	video	46	1
109.082	video	72	1
109.086	video	49	1
109.087	gaming	89	2
109.095	video	250	1
109.097	voip	40	2
109.102	voip	40	1
109.103	video	72	1
109.124	voip	40	2
109.128	voip	40	1
109.137	gaming	148	1
109.145	gaming	203	2
109.15	voip	40	2
109.155	voip	40	1
109.176	voip	40	2
109.181	voip	40	1
109.197	gaming	123	1
109.201	gaming	243	2
109.202	voip	40	2
109.203	video	50	1
109.207	video	192	1
109.207	voip	40	1
109.21	video	49	1
109.214	video	69	1
109.217	video	65	1
109.22	video	40	1
109.226	video	136	1
109.229	voip	40	2
109.23	video	84	1
109.233	voip	40	1
109.241	video	70	1
109.252	video	44	1
109.255	voip	40	2
109.259	gaming	172	2
109.26	voip	40	1
109.261	video	46	1
109.263	video	62	1
109.266	video	63	1
109.27	video	46	1
109.273	gaming	114	1
109.273	video	41	1
109.281	voip	40	2
109.285	video	58	1
109.286	voip	40	1
109.294	video	233	1
109.305	gaming	138	2
109.306	video	52	1
109.307	voip	40	2
109.308	video	85	1
109.312	voip	40	1
109.317	video	49	1
109.333	voip	40	2
109.338	voip	40	1
109.355	gaming	97	1
109.36	gaming	165	2
109.361	voip	40	2
109.364	voip	40	1
109.386	voip	40	2
109.391	voip	40	1
109.412	voip	40	2
109.415	gaming	103	2
109.417	voip	40	1
109.418	video	87	1
109.422	video	41	1
109.428	video	61	1
109.429	gaming	161	1
109.432	video	76	1
109.434	video	51	1
109.438	video	71	1
109.439	voip	40	2
109.443	voip	15	1
109.444	video	58	1
109.446	video	63	1
109.452	video	206	1
109.456	video	85	1
109.461	video	250	1
109.462	video	42	1
109.465	voip	40	2
109.469	video	250	1
109.472	gaming	228	2
109.472	video	43	1
109.477	video	67	1
109.482	gaming	108	1
109.489	video	78	1
109.491	voip	40	2
109.498	video	52	1
109.5	video	41	1
109.513	video	41	1
109.517	voip	40	2
109.526	video	54	1
109.531	gaming	189	1
109.539	gaming	101	2
109.543	voip	40	2
109.569	voip	40	2
109.596	voip	40	2
109.597	gaming	100	1
109.598	gaming	103	2
109.603	voip	15	1
109.622	voip	40	2
109.626	video	58	1
109.638	video	67	1
109.641	video	115	1
109.644	video	95	1
109.648	gaming	205	1
109.65	gaming	102	2
109.651	video	128	1
109.652	voip	40	2
109.661	video	230	1
109.67	video	250	1
109.671	video	46	1
109.674	voip	40	2
109.68	video	61	1
109.683	video	58	1
109.686	video	59	1
109.69	video	150	1
109.698	gaming	118	2
109.701	voip	40	2
109.702	video	43	1
109.703	gaming	91	1
109.706	video	54	1
109.709	video	56	1
109.711	video	49	1
109.719	video	64	1
109.727	voip	40	2
109.728	video	64	1
109.74	video	49	1
109.742	video	60	1
109.749	gaming	122	2
109.753	voip	40	2
109.763	voip	15	1
109.772	gaming	127	1
109.779	voip	40	2
109.803	gaming	143	2
109.806	voip	40	2
109.832	voip	40	2
109.835	gaming	148	1
109.843	video	150	1
109.845	video	54	1
109.852	video	250	1
109.853	video	91	1
109.855	gaming	141	2
109.858	voip	40	2
109.864	video	250	1
109.875	video	92	1
109.879	video	250	1
109.883	video	250	1
109.884	voip	40	2
109.892	gaming	207	1
109.894	video	87	1
109.906	video	43	1
109.908	gaming	188	2
109.91	voip	15	2
109.919	video	115	1
109.921	video	44	1
109.923	voip	15	1
109.926	video	232	1
109.93	video	81	1
109.933	video	173	1
109.944	video	51	1
109.947	gaming	126	1
109.949	video	89	1
109.954	video	202	1
109.962	gaming	144	2
109.964	video	141	1
109.966	video	44	1
109.993	gaming	194	1
110.018	gaming	126	2
110.045	gaming	126	1
110.066	video	57	1
110.07	voip	15	2
110.074	video	76	1
110.076	gaming	198	2
110.078	video	109	1
110.081	video	82	1
110.083	voip	15	1
110.087	video	45	1
110.092	video	250	1
110.1	gaming	165	1
110.102	video	250	1
110.107	video	42	1
110.11	video	133	1
110.122	video	62	1
110.128	video	250	1
110.129	video	56	1
110.13	gaming	126	2
110.141	video	52	1
110.154	video	64	1
110.157	video	43	1
110.167	video	48	1
110.175	gaming	96	1
110.179	video	42	1
110.181	gaming	116	2
110.185	video	41	1
110.194	video	80	1
110.198	video	58	1
110.23	voip	15	2
110.235	gaming	108	1
110.243	voip	15	1
110.252	gaming	86	2
110.297	gaming	107	1
110.298	video	59	1
110.302	video	250	1
110.307	video	250	1
110.312	gaming	114	2
110.313	video	45	1
110.322	video	250	1
110.325	video	54	1
110.337	video	54	1
110.342	video	135	1
110.344	video	73	1
110.348	video	68	1
110.349	gaming	96	1
110.352	video	250	1
110.364	video	133	1
110.367	video	83	1
110.378	gaming	138	2
110.379	video	59	1
110.39	voip	40	2
110.392	video	50	1
110.403	voip	15	1
110.404	video	44	1
110.406	gaming	117	1
110.408	video	194	1
110.41	video	40	1
110.417	voip	40	2
110.422	video	44	1
110.435	video	58	1
110.436	gaming	119	2
110.443	voip	40	2
110.469	voip	40	2
110.481	gaming	190	1
110.495	voip	40	2
110.497	gaming	97	2
110.522	voip	40	2
110.535	video	72	1
110.539	video	55	1
110.542	gaming	157	1
110.543	video	57	1
110.545	gaming	135	2
110.548	video	250	1
110.549	voip	40	2
110.552	video	43	1
110.557	video	40	1
110.563	voip	15	1
110.564	video	79	1
110.567	video	62	1
110.571	video	40	1
110.574	voip	40	2
110.584	video	46	1
110.594	video	51	1
110.596	gaming	161	2
110.598	video	140	1
110.6	voip	40	2
110.604	video	43	1
110.605	gaming	124	1
110.617	video	126	1
110.619	video	50	1
110.627	video	250	1
110.628	voip	40	2
110.638	video	81	1
110.641	video	54	1
110.653	voip	40	2
110.655	video	250	1
110.656	gaming	95	2
110.657	video	56	1
110.664	gaming	172	1
110.679	voip	40	2
110.705	voip	15	2
110.714	gaming	154	2
110.723	voip	15	1
110.726	gaming	110	1
110.758	video	108	1
110.762	video	106	1
110.766	video	159	1
110.773	video	56	1
110.779	video	168	1
110.781	gaming	201	1
110.783	gaming	158	2
110.785	video	247	1
110.789	video	42	1
110.792	video	57	1
110.795	video	67	1
110.798	video	57	1
110.805	video	250	1
110.808	video	53	1
110.81	video	83	1
110.822	video	44	1
110.827	gaming	128	2
110.832	gaming	114	1
110.835	video	66	1
110.842	video	156	1
110.854	video	64	1
110.86	video	40	1
110.865	voip	15	2
110.873	video	68	1
110.876	video	44	1
110.884	gaming	148	1
110.884	voip	15	1
110.888	gaming	69	2
110.939	gaming	100	1
110.964	gaming	130	2
110.976	video	105	1
110.979	video	46	1
110.982	video	44	1
110.986	video	120	1
110.996	gaming	130	1
110.997	video	61	1
111.002	video	98	1
111.004	video	81	1
111.009	video	76	1
111.013	gaming	133	2
111.019	video	45	1
111.022	video	44	1
111.025	voip	15	2
111.029	video	45	1
111.035	video	129	1
111.039	video	250	1
111.041	video	68	1
111.043	voip	15	1
111.044	video	123	1
111.048	video	46	1
111.051	video	132	1
111.053	gaming	197	1
111.057	video	250	1
111.06	video	44	1
111.065	video	47	1
111.069	gaming	120	2
111.11	gaming	106	1
111.125	gaming	126	2
111.165	video	59	1
111.166	gaming	93	1
111.168	video	41	1
111.175	video	147	1
111.185	voip	15	2
111.187	video	72	1
111.19	gaming	116	2
111.2	video	101	1
111.203	voip	15	1
111.204	video	131	1
111.208	video	61	1
111.214	video	151	1
111.217	gaming	101	1
111.218	video	73	1
111.23	video	40	1
111.233	video	42	1
111.236	video	75	1
111.239	video	69	1
111.242	video	43	1
111.245	video	78	1
111.25	video	250	1
111.253	video	52	1
111.256	gaming	78	2
111.264	video	53	1
111.273	gaming	186	1
111.274	video	44	1
111.278	video	224	1
111.329	gaming	176	1
111.331	gaming	185	2
111.345	voip	15	2
111.363	voip	15	1
111.378	video	121	1
111.381	video	163	1
111.383	gaming	135	2
111.384	gaming	119	1
111.385	video	45	1
111.39	video	93	1
111.402	video	96	1
111.406	video	43	1
111.415	video	46	1
111.421	video	90	1
111.425	video	250	1
111.428	video	84	1
111.431	video	69	1
111.438	gaming	114	1
111.441	video	81	1
111.454	video	223	1
111.457	video	90	1
111.459	gaming	145	2
111.461	video	55	1
111.467	video	41	1
111.471	video	70	1
111.474	video	168	1
111.486	video	87	1
111.49	video	98	1
111.497	gaming	159	1
111.505	voip	15	2
111.511	gaming	154	2
111.523	voip	15	1
111.551	gaming	137	1
111.577	gaming	144	2
111.59	video	43	1
111.594	video	189	1
111.598	video	43	1
111.606	video	43	1
111.614	gaming	251	1
111.618	video	42	1
111.622	video	250	1
111.625	video	250	1
111.633	video	50	1
111.634	gaming	108	2
111.637	video	89	1
111.644	video	250	1
111.645	video	53	1
111.65	video	250	1
111.651	video	63	1
111.654	video	42	1
111.657	video	71	1
111.66	video	44	1
111.665	voip	15	2
111.667	video	129	1
111.67	video	53	1
111.672	gaming	93	1
111.673	video	40	1
111.677	video	80	1
111.683	gaming	124	2
111.683	voip	15	1
111.731	gaming	197	1
111.741	gaming	106	2
111.776	video	45	1
111.78	video	157	1
111.785	gaming	110	1
111.786	video	41	1
111.794	video	250	1
111.795	gaming	126	2
111.797	video	152	1
111.801	video	250	1
111.806	video	95	1
111.809	video	92	1
111.812	video	166	1
111.824	video	53	1
111.825	voip	15	2
111.836	video	52	1
111.839	gaming	113	1
111.844	video	250	1
111.845	gaming	167	2
111.846	voip	40	1
111.847	video	44	1
111.85	video	43	1
111.854	video	250	1
111.861	video	244	1
111.864	video	184	1
111.866	video	52	1
111.868	video	46	1
111.869	voip	40	1
111.873	video	47	1
111.889	gaming	119	1
111.891	gaming	204	2
111.896	voip	40	1
111.922	voip	40	1
111.939	gaming	90	1
111.948	voip	40	1
111.956	gaming	153	2
111.973	video	68	1
111.974	voip	40	1
111.985	voip	15	2
111.986	video	113	1
111.998	video	75	1
112.001	gaming	136	1
112.002	voip	40	1
112.004	video	50	1
112.017	video	219	1
112.019	gaming	128	2
112.027	voip	40	1
112.028	video	41	1
112.035	video	176	1
112.04	video	64	1
112.045	video	147	1
112.048	video	43	1
112.051	video	61	1
112.053	voip	40	1
112.055	gaming	132	1
112.057	video	222	1
112.068	video	95	1
112.071	gaming	107	2
112.073	video	240	1
112.077	video	250	1
112.079	video	83	1
112.08	voip	40	1
112.085	video	66	1
112.09	video	79	1
112.094	video	40	1
112.096	video	45	1
112.105	voip	40	1
112.124	gaming	147	2
112.132	voip	40	1
112.141	gaming	166	1
112.145	voip	15	2
112.158	voip	40	1
112.177	gaming	92	2
112.184	voip	40	1
112.196	video	50	1
112.199	video	103	1
112.203	video	50	1
112.206	gaming	78	1
112.21	voip	40	1
112.216	video	111	1
112.22	video	75	1
112.224	video	60	1
112.227	gaming	135	2
112.228	video	51	1
112.233	video	127	1
112.237	voip	40	1
112.239	video	46	1
112.245	video	53	1
112.25	video	81	1
112.257	video	156	1
112.259	video	56	1
112.261	gaming	80	1
112.263	voip	40	1
112.267	video	125	1
112.27	video	250	1
112.283	video	221	1
112.284	video	55	1
112.288	gaming	156	2
112.289	voip	40	1
112.297	video	132	1
112.301	video	250	1
112.305	video	51	1
112.306	voip	15	2
112.315	gaming	107	1
112.315	voip	40	1
112.341	gaming	266	2
112.342	voip	40	1
112.367	gaming	111	1
112.368	voip	40	1
112.394	voip	40	1
112.395	gaming	118	2
112.405	video	43	1
112.41	video	250	1
112.419	gaming	104	1
112.42	voip	40	1
112.422	video	205	1
112.426	video	59	1
112.43	video	60	1
112.44	video	250	1
112.446	voip	40	1
112.448	video	57	1
112.461	video	88	1
112.465	video	44	1
112.465	voip	15	2
112.471	video	61	1
112.473	voip	40	1
112.476	gaming	199	2
112.481	video	135	1
112.483	gaming	132	1
112.49	video	250	1
112.492	video	62	1
112.496	video	78	1
112.499	voip	40	1
112.502	video	250	1
112.504	video	55	1
112.509	video	41	1
112.511	video	40	1
112.514	video	68	1
112.526	video	149	1
112.526	voip	40	1
112.533	gaming	126	1
112.534	gaming	142	2
112.551	voip	40	1
112.578	voip	40	1
112.581	gaming	137	2
112.589	gaming	215	1
112.604	voip	40	1
112.626	video	250	1
112.627	voip	15	2
112.63	voip	40	1
112.637	gaming	112	1
112.637	video	42	1
112.642	video	45	1
112.649	video	250	1
112.65	gaming	109	2
112.653	video	94	1
112.657	video	217	1
112.658	voip	40	1
112.659	video	53	1
112.661	video	41	1
112.665	video	68	1
112.669	video	132	1
112.671	video	47	1
112.675	video	44	1
112.68	video	250	1
112.682	video	87	1
112.683	voip	40	1
112.693	gaming	148	1
112.694	video	78	1
112.698	video	161	1
112.704	gaming	110	2
112.709	voip	40	1
112.71	video	56	1
112.715	video	82	1
112.721	video	250	1
112.727	video	56	1
112.735	voip	40	1
112.751	gaming	131	1
112.761	voip	40	1
112.766	gaming	106	2
112.785	voip	15	2
112.787	voip	40	1
112.806	gaming	163	1
112.814	voip	40	1
112.824	gaming	259	2
112.827	video	49	1
112.832	video	173	1
112.833	video	40	1
112.84	voip	40	1
112.846	video	78	1
112.85	video	78	1
112.853	video	63	1
112.859	video	42	1
112.861	gaming	75	1
112.866	voip	40	1
112.872	video	46	1
112.874	gaming	113	2
112.878	video	105	1
112.88	video	74	1
112.883	video	98	1
112.89	video	165	1
112.892	voip	40	1
112.893	video	50	1
112.897	video	73	1
112.902	video	110	1
112.906	video	50	1
112.91	video	250	1
112.913	gaming	147	1
112.919	voip	40	1
112.922	gaming	146	2
112.923	video	113	1
112.929	video	84	1
112.937	video	183	1
112.945	voip	40	1
112.945	voip	15	2
112.962	gaming	166	1
112.971	voip	40	1
112.98	gaming	122	2
112.997	voip	40	1
113.02	gaming	101	1
113.023	voip	40	1
113.037	video	106	1
113.038	gaming	83	2
113.042	video	250	1
113.048	video	60	1
113.05	voip	40	1
113.057	video	53	1
113.06	video	76	1
113.063	video	88	1
113.066	video	69	1
113.07	video	57	1
113.074	video	115	1
113.076	voip	40	1
113.077	video	44	1
113.08	video	46	1
113.081	gaming	80	1
113.094	video	250	1
113.095	video	81	1
113.098	video	55	1
113.1	gaming	226	2
113.102	voip	40	1
113.105	video	42	1
113.105	voip	15	2
113.112	video	250	1
113.113	video	113	1
113.116	video	54	1
113.127	video	51	1
113.128	voip	40	1
113.137	video	116	1
113.14	gaming	100	1
113.146	gaming	158	2
113.155	voip	40	1
113.181	voip	40	1
113.195	gaming	139	2
113.202	gaming	148	1
113.207	voip	40	1
113.233	voip	40	1
113.237	video	67	1
113.241	video	56	1
113.246	video	53	1
113.247	gaming	107	2
113.254	gaming	165	1
113.255	video	57	1
113.256	video	58	1
113.259	video	89	1
113.26	voip	40	1
113.265	voip	15	2
113.272	video	250	1
113.279	video	146	1
113.285	video	210	1
113.286	voip	40	1
113.287	video	42	1
113.292	video	250	1
113.303	video	49	1
113.306	gaming	141	2
113.308	video	64	1
113.312	video	63	1
113.312	voip	40	1
113.325	video	129	1
113.33	gaming	142	1
113.337	video	93	1
113.338	voip	40	1
113.342	video	93	1
113.354	video	44	1
113.356	gaming	171	2
113.362	video	250	1
113.364	voip	40	1
113.367	video	194	1
113.389	gaming	114	1
113.391	voip	40	1
113.406	gaming	124	2
113.417	voip	40	1
113.425	voip	15	2
113.443	voip	40	1
113.447	gaming	176	1
113.457	gaming	115	2
113.466	video	56	1
113.469	voip	40	1
113.473	video	250	1
113.475	video	87	1
113.48	video	211	1
113.485	video	48	1
113.489	video	95	1
113.495	video	113	1
113.496	voip	40	1
113.505	gaming	93	1
113.506	video	40	1
113.51	gaming	184	2
113.518	video	250	1
113.521	video	85	1
113.522	voip	40	1
113.524	video	40	1
113.532	video	58	1
113.537	video	74	1
113.54	video	46	1
113.545	video	83	1
113.548	voip	40	1
113.55	video	62	1
113.553	gaming	102	1
113.554	video	50	1
113.562	video	142	1
113.566	video	67	1
113.569	gaming	74	2
113.57	video	67	1
113.574	voip	40	1
113.585	voip	40	2
113.601	voip	40	1
113.611	voip	40	2
113.617	gaming	173	1
113.627	voip	40	1
113.629	gaming	146	2
113.638	voip	40	2
113.653	voip	40	1
113.664	voip	40	2
113.67	video	43	1
113.673	gaming	175	1
113.677	video	96	1
113.679	voip	40	1
113.682	video	49	1
113.685	video	138	1
113.686	gaming	130	2
113.69	voip	40	2
113.698	video	250	1
113.7	video	41	1
113.703	video	49	1
113.705	voip	40	1
113.711	video	214	1
113.713	video	56	1
113.716	voip	40	2
113.717	video	55	1
113.72	video	57	1
113.732	voip	40	1
113.732	video	48	1
113.735	video	44	1
113.739	gaming	141	1
113.74	video	58	1
113.742	gaming	99	2
113.744	video	250	1
113.745	voip	40	2
113.746	video	105	1
113.749	video	157	1
113.757	video	42	1
113.758	voip	15	1
113.76	video	102	1
113.765	video	250	1
113.769	voip	40	2
113.795	voip	40	2
113.8	gaming	124	1
113.801	gaming	139	2
113.821	voip	40	2
113.848	voip	40	2
113.864	gaming	99	1
113.864	video	43	1
113.867	gaming	181	2
113.874	voip	40	2
113.876	video	103	1
113.889	video	134	1
113.892	video	113	1
113.9	voip	40	2
113.904	video	42	1
113.912	gaming	218	1
113.917	video	60	1
113.918	voip	15	1
113.92	gaming	139	2
113.921	video	41	1
113.922	video	41	1
113.926	voip	40	2
113.933	video	74	1
113.935	video	47	1
113.949	video	153	1
113.951	video	53	1
113.952	voip	40	2
113.958	video	44	1
113.961	video	64	1
113.964	video	84	1
113.972	video	62	1
113.976	gaming	143	2
113.977	video	59	1
113.979	gaming	129	1
113.98	voip	40	2
113.981	video	82	1
113.985	video	43	1
113.997	video	47	1
114.005	voip	40	2
114.027	gaming	120	2
114.031	voip	40	2
114.035	gaming	111	1
114.057	voip	40	2
114.078	voip	15	1
114.084	voip	40	2
114.086	gaming	108	1
114.087	gaming	114	2
114.098	video	123	1
114.11	video	46	1
114.111	voip	40	2
114.113	video	77	1
114.117	video	204	1
114.123	video	84	1
114.13	video	47	1
114.133	video	49	1
114.137	video	122	1
114.137	voip	40	2
114.139	gaming	155	2
114.14	video	67	1
114.142	video	43	1
114.146	gaming	182	1
114.147	video	80	1
114.159	video	101	1
114.162	video	83	1
114.162	voip	40	2
114.164	video	68	1
114.171	video	61	1
114.175	video	56	1
114.187	video	96	1
114.189	voip	40	2
114.19	video	145	1
114.191	gaming	76	2
114.193	video	52	1
114.198	video	64	1
114.204	gaming	221	1
114.215	voip	40	2
114.238	voip	15	1
114.241	voip	40	2
114.246	gaming	126	2
114.264	gaming	219	1
114.267	voip	40	2
114.293	voip	40	2
114.295	gaming	131	2
114.299	video	250	1
114.302	video	59	1
114.306	video	201	1
114.31	video	93	1
114.317	gaming	93	1
114.32	voip	40	2
114.323	video	118	1
114.331	video	250	1
114.335	video	250	1
114.336	video	60	1
114.34	video	41	1
114.345	video	173	1
114.346	voip	40	2
114.347	video	47	1
114.356	gaming	112	2
114.357	video	123	1
114.365	gaming	132	1
114.369	video	48	1
114.372	voip	40	2
114.374	video	54	1
114.379	video	61	1
114.384	video	121	1
114.388	video	78	1
114.395	video	183	1
114.397	video	67	1
114.398	voip	15	1
114.398	voip	40	2
114.406	video	250	1
114.413	gaming	178	1
114.42	gaming	227	2
114.425	voip	40	2
114.451	voip	40	2
114.463	gaming	85	1
114.477	voip	40	2
114.482	gaming	129	2
114.503	voip	40	2
114.504	video	48	1
114.511	video	103	1
114.517	video	181	1
114.52	gaming	246	1
114.524	video	64	1
114.528	video	62	1
114.529	voip	40	2
114.531	video	40	1
114.538	gaming	128	2
114.544	video	60	1
114.548	video	55	1
114.555	video	76	1
114.556	voip	40	2
114.558	voip	15	1
114.56	video	74	1
114.563	video	68	1
114.57	video	72	1
114.577	gaming	204	1
114.582	voip	40	2
114.583	video	64	1
114.595	video	50	1
114.598	video	46	1
114.6	video	79	1
114.602	gaming	134	2
114.603	video	77	1
114.608	voip	40	2
114.616	video	200	1
114.618	video	69	1
114.624	video	68	1
114.635	gaming	131	1
114.636	voip	40	2
114.658	gaming	132	2
114.661	voip	40	2
114.687	voip	40	2
114.689	gaming	192	1
114.708	gaming	119	2
114.713	voip	40	2
114.718	voip	15	1
114.724	video	54	1
114.73	video	250	1
114.74	gaming	101	1
114.74	voip	40	2
114.742	video	74	1
114.748	video	140	1
114.751	video	103	1
114.759	gaming	173	2
114.761	video	121	1
114.765	video	53	1
114.766	voip	40	2
114.768	video	69	1
114.775	video	51	1
114.779	video	40	1
114.784	video	47	1
114.789	gaming	63	1
114.792	voip	40	2
114.797	video	113	1
114.81	video	186	1
114.813	video	146	1
114.815	video	47	1
114.818	voip	40	2
114.819	video	100	1
114.821	video	60	1
114.828	gaming	166	2
114.833	video	250	1
114.836	video	45	1
114.842	video	79	1
114.844	voip	40	2
114.854	gaming	174	1
114.87	voip	40	2
114.878	voip	15	1
114.879	gaming	101	2
114.897	voip	40	2
114.905	gaming	139	1
114.923	voip	40	2
114.931	gaming	99	2
114.942	video	46	1
114.946	video	42	1
114.949	voip	40	2
114.953	video	67	1
114.965	gaming	113	1
114.966	video	61	1
114.97	video	40	1
114.975	voip	40	2
114.979	video	166	1
114.985	gaming	116	2
114.991	video	41	1
114.995	video	170	1
114.998	video	72	1
115.001	video	43	1
115.002	voip	40	2
115.005	video	92	1
115.008	video	49	1
115.012	video	81	1
115.016	video	112	1
115.02	video	100	1
115.024	video	73	1
115.027	gaming	132	1
115.028	video	46	1
115.028	voip	40	2
115.035	video	90	1
115.038	voip	15	1
115.042	video	57	1
115.052	video	72	1
115.054	voip	40	2
115.059	gaming	110	2
115.078	gaming	133	1
115.08	voip	40	2
115.107	voip	40	2
115.116	gaming	98	2
115.133	voip	40	2
115.14	gaming	106	1
115.153	video	202	1
115.159	voip	40	2
115.162	video	115	1
115.164	video	64	1
115.169	video	122	1
115.182	video	250	1
115.185	gaming	265	2
115.185	voip	40	2
115.187	video	152	1
115.196	gaming	139	1
115.198	voip	15	1
115.199	video	150	1
115.205	video	250	1
115.207	video	93	1
115.212	video	237	1
115.212	voip	40	2
115.215	video	64	1
115.227	video	47	1
115.231	gaming	132	2
115.235	video	61	1
115.238	voip	40	2
115.246	video	226	1
115.25	video	250	1
115.252	video	60	1
115.261	video	83	1
115.263	gaming	170	1
115.264	voip	40	2
115.272	video	44	1
115.284	video	54	1
115.287	gaming	109	2
115.288	video	61	1
115.29	voip	40	2
115.316	voip	40	2
115.324	gaming	154	1
115.343	voip	40	2
115.358	voip	15	1
115.361	gaming	131	2
115.369	voip	40	2
115.384	gaming	155	1
115.388	video	61	1
115.394	video	250	1
115.395	voip	40	2
115.398	video	250	1
115.399	video	121	1
115.402	video	40	1
115.405	video	65	1
115.417	video	55	1
115.419	gaming	155	2
115.421	voip	40	2
115.422	video	48	1
115.427	video	242	1
115.429	video	69	1
115.432	gaming	203	1
115.442	video	49	1
115.445	video	137	1
115.448	voip	40	2
115.45	video	118	1
115.462	video	48	1
115.47	video	50	1
115.474	gaming	107	2
115.474	voip	40	2
115.476	video	174	1
115.477	video	87	1
115.481	video	234	1
115.483	gaming	158	1
115.489	video	52	1
115.494	video	44	1
115.5	voip	40	2
115.518	voip	15	1
115.525	gaming	273	2
115.526	voip	40	2
115.543	gaming	71	1
115.552	voip	40	2
115.576	gaming	164	2
115.579	voip	40	2
115.594	gaming	180	1
115.595	video	57	1
115.605	voip	40	2
115.609	video	250	1
115.619	video	43	1
115.623	video	64	1
115.626	video	84	1
115.63	video	167	1
115.631	voip	40	2
115.632	video	73	1
115.635	video	63	1
115.639	gaming	269	2
115.64	video	53	1
115.641	video	52	1
115.645	video	72	1
115.648	video	96	1
115.654	video	44	1
115.655	gaming	107	1
115.657	voip	40	2
115.667	video	107	1
115.669	video	57	1
115.678	voip	15	1
115.682	video	71	1
115.684	voip	40	2
115.688	video	250	1
115.691	video	50	1
115.695	video	59	1
115.7	video	52	1
115.71	gaming	95	2
115.71	voip	40	2
115.712	gaming	104	1
115.736	voip	40	2
115.762	gaming	93	2
115.762	voip	40	2
115.774	gaming	128	1
115.789	voip	40	2
115.8	video	83	1
115.813	video	56	1
115.815	voip	40	2
115.817	gaming	167	2
115.818	video	188	1
115.829	video	125	1
115.832	video	73	1
115.835	video	48	1
115.837	gaming	242	1
115.838	voip	15	1
115.841	voip	40	2
115.847	video	98	1
115.852	video	250	1
115.854	video	45	1
115.858	video	65	1
115.861	video	94	1
115.866	video	57	1
115.867	voip	40	2
115.868	video	48	1
115.876	video	207	1
115.878	gaming	119	2
115.879	video	56	1
115.888	gaming	138	1
115.889	video	50	1
115.893	video	65	1
115.894	voip	40	2
115.896	video	48	1
115.899	video	48	1
115.906	video	99	1
115.92	voip	40	2
115.942	gaming	193	1
115.944	gaming	129	2
115.946	voip	40	2
115.972	voip	40	2
115.998	voip	15	1
115.998	voip	40	2
116.006	video	117	1
116.008	gaming	160	1
116.01	video	194	1
116.016	video	48	1
116.022	video	55	1
116.025	voip	40	2
116.025	video	44	1
116.027	gaming	180	2
116.038	video	60	1
116.041	video	62	1
116.044	video	69	1
116.051	voip	40	2
116.053	video	183	1
116.058	video	142	1
116.064	gaming	293	1
116.066	video	155	1
116.068	video	51	1
116.077	voip	40	2
116.08	video	57	1
116.085	video	125	1
116.088	video	42	1
116.09	video	41	1
116.099	video	45	1
116.103	voip	40	2
116.105	video	42	1
116.107	gaming	176	2
116.115	gaming	207	1
116.118	video	55	1
116.126	video	250	1
116.129	voip	40	2
116.156	voip	40	2
116.158	voip	15	1
116.16	gaming	124	1
116.163	gaming	134	2
116.182	voip	40	2
116.208	voip	40	2
116.22	gaming	184	2
116.224	video	54	1
116.23	video	198	1
116.233	video	125	1
116.234	gaming	68	1
116.235	voip	40	2
116.236	video	89	1
116.238	video	64	1
116.247	video	105	1
116.25	video	43	1
116.253	video	43	1
116.257	video	103	1
116.261	voip	40	2
116.264	video	250	1
116.267	video	65	1
116.27	video	50	1
116.273	video	101	1
116.278	gaming	216	2
116.279	video	86	1
116.281	video	85	1
116.284	video	51	1
116.287	voip	40	2
116.293	video	85	1
116.3	video	150	1
116.302	gaming	104	1
116.314	video	250	1
116.314	voip	40	2
116.315	video	60	1
116.318	voip	15	1
116.341	gaming	235	2
116.341	voip	40	2
116.353	gaming	109	1
116.366	voip	40	2
116.389	gaming	91	2
116.392	voip	40	2
116.416	video	149	1
116.417	gaming	130	1
116.418	voip	40	2
116.425	video	85	1
116.429	video	51	1
116.432	video	72	1
116.436	video	74	1
116.44	video	108	1
116.444	video	75	1
116.444	voip	40	2
116.446	video	47	1
116.449	gaming	96	2
116.459	video	250	1
116.471	video	250	1
116.472	voip	40	2
116.474	gaming	115	1
116.477	video	52	1
116.478	voip	15	1
116.482	video	186	1
116.487	video	40	1
116.49	video	58	1
116.493	video	83	1
116.497	voip	40	2
116.504	gaming	98	2
116.505	video	48	1
116.508	video	90	1
116.512	video	84	1
116.516	video	250	1
116.518	video	72	1
116.523	voip	40	2
116.532	gaming	127	1
116.549	voip	40	2
116.575	voip	40	2
116.58	gaming	137	2
116.582	gaming	165	1
116.602	voip	40	2
116.619	video	124	1
116.622	video	80	1
116.628	voip	40	2
116.632	gaming	155	2
116.635	video	94	1
116.638	voip	15	1
116.639	video	89	1
116.645	video	165	1
116.651	video	222	1
116.653	gaming	177	1
116.654	voip	40	2
116.655	video	43	1
116.663	video	146	1
116.665	video	57	1
116.677	video	58	1
116.68	voip	40	2
116.688	gaming	255	2
116.69	video	58	1
116.697	video	46	1
116.707	voip	40	2
116.709	video	250	1
116.711	gaming	192	1
116.719	video	48	1
116.733	video	228	1
116.734	voip	40	2
116.735	video	50	1
116.742	video	139	1
116.748	video	59	1
116.75	gaming	152	2
116.752	video	115	1
116.755	video	80	1
116.759	voip	40	2
116.766	gaming	169	1
116.785	voip	40	2
116.798	voip	15	1
116.803	gaming	107	2
116.811	voip	40	2
116.814	gaming	153	1
116.838	voip	40	2
116.853	gaming	91	2
116.856	video	191	1
116.862	video	67	1
116.864	voip	40	2
116.865	gaming	99	1
116.866	video	102	1
116.867	video	57	1
116.87	video	45	1
116.874	video	250	1
116.876	video	70	1
116.879	video	74	1
116.883	video	178	1
116.89	video	250	1
116.89	voip	40	2
116.891	video	53	1
116.895	video	116	1
116.898	video	40	1
116.902	video	143	1
116.907	gaming	97	2
116.911	video	250	1
116.913	video	250	1
116.916	voip	40	2
116.918	video	85	1
116.92	gaming	122	1
116.923	video	60	1
116.928	video	166	1
116.935	video	250	1
116.943	voip	40	2
116.958	voip	15	1
116.969	gaming	149	2
116.97	voip	40	2
116.975	gaming	71	1
116.995	voip	40	2
117.021	voip	40	2
117.03	gaming	269	2
117.034	gaming	191	1
117.037	video	250	1
117.042	video	99	1
117.048	voip	40	2
117.051	video	61	1
117.053	video	54	1
117.056	video	61	1
117.063	video	250	1
117.066	video	40	1
117.07	video	44	1
117.074	voip	40	2
117.077	video	56	1
117.083	video	250	1
117.084	video	52	1
117.085	gaming	80	2
117.088	video	119	1
117.09	video	87	1
117.093	gaming	167	1
117.096	video	117	1
117.099	video	78	1
117.1	voip	40	2
117.104	video	250	1
117.11	video	85	1
117.113	video	129	1
117.118	voip	15	1
117.126	video	226	1
117.127	voip	40	2
117.128	video	42	1
117.135	gaming	149	2
117.148	gaming	255	1
117.152	voip	40	2
117.179	voip	40	2
117.193	gaming	47	2
117.195	gaming	127	1
117.205	voip	40	2
117.228	video	49	1
117.231	voip	40	2
117.232	video	42	1
117.238	video	250	1
117.241	video	250	1
117.244	video	244	1
117.245	video	45	1
117.249	video	56	1
117.25	gaming	102	1
117.251	gaming	107	2
117.257	video	250	1
117.258	voip	40	2
117.262	video	116	1
117.273	video	67	1
117.276	video	71	1
117.278	voip	15	1
117.28	video	74	1
117.284	voip	40	2
117.288	video	65	1
117.296	video	43	1
117.301	video	146	1
117.302	gaming	117	2
117.303	video	62	1
117.306	video	68	1
117.31	voip	40	2
117.319	video	49	1
117.325	video	46	1
117.33	video	201	1
117.334	gaming	104	1
117.336	voip	40	2
117.362	voip	40	2
117.369	gaming	136	2
117.387	gaming	230	1
117.389	voip	40	2
117.415	voip	40	2
117.429	gaming	150	2
117.43	video	56	1
117.434	video	180	1
117.436	video	49	1
117.438	voip	15	1
117.441	voip	40	2
117.443	video	103	1
117.444	gaming	56	1
117.446	video	97	1
117.449	video	59	1
117.453	video	250	1
117.455	video	46	1
117.467	voip	40	2
117.468	video	49	1
117.481	video	75	1
117.485	video	46	1
117.493	voip	15	2
117.498	video	116	1
117.503	video	63	1
117.505	gaming	210	1
117.507	gaming	202	2
117.508	video	42	1
117.519	video	100	1
117.524	video	80	1
117.527	video	53	1
117.54	video	99	1
117.542	video	44	1
117.546	video	88	1
117.562	gaming	89	2
117.568	gaming	161	1
117.598	voip	15	1
117.61	gaming	185	2
117.629	gaming	56	1
117.646	video	130	1
117.653	video	250	1
117.654	voip	15	2
117.656	video	93	1
117.661	gaming	70	2
117.665	video	52	1
117.676	video	70	1
117.681	video	48	1
117.684	gaming	154	1
117.686	video	98	1
117.697	video	250	1
117.702	video	144	1
117.711	video	46	1
117.718	video	164	1
117.721	video	52	1
117.722	gaming	163	2
117.726	video	84	1
117.732	video	110	1
117.734	video	46	1
117.741	gaming	159	1
117.748	video	163	1
117.756	video	140	1
117.758	voip	15	1
117.759	video	139	1
117.771	video	75	1
117.776	video	250	1
117.777	gaming	169	2
117.808	gaming	103	1
117.813	voip	15	2
117.834	gaming	99	2
117.872	gaming	99	1
117.874	video	91	1
117.882	video	43	1
117.885	video	92	1
117.89	video	107	1
117.897	gaming	81	2
117.899	video	80	1
117.911	video	147	1
117.914	video	72	1
117.918	video	153	1
117.919	voip	15	1
117.921	video	43	1
117.927	video	156	1
117.93	video	46	1
117.933	gaming	140	1
117.934	video	54	1
117.936	video	94	1
117.949	video	201	1
117.958	gaming	149	2
117.961	video	250	1
117.965	video	250	1
117.97	video	250	1
117.972	video	51	1
117.973	voip	15	2
117.976	video	44	1
117.98	video	48	1
117.999	gaming	145	1
118.004	gaming	73	2
118.054	gaming	96	1
118.061	gaming	100	2
118.078	voip	15	1
118.08	video	47	1
118.09	video	57	1
118.093	video	40	1
118.097	video	97	1
118.099	video	51	1
118.104	gaming	122	2
118.106	video	101	1
118.108	video	69	1
118.111	video	42	1
118.115	video	157	1
118.116	gaming	101	1
118.126	video	46	1
118.133	voip	15	2
118.139	video	65	1
118.141	video	61	1
118.145	video	65	1
118.148	video	129	1
118.152	video	100	1
118.156	video	74	1
118.158	video	58	1
118.162	gaming	111	2
118.168	gaming	117	1
118.17	video	45	1
118.177	video	51	1
118.18	video	64	1
118.215	gaming	148	2
118.23	gaming	177	1
118.238	voip	15	1
118.279	video	44	1
118.283	video	55	1
118.286	video	122	1
118.288	gaming	122	1
118.293	voip	15	2
118.296	video	190	1
118.297	video	48	1
118.302	gaming	96	2
118.302	video	53	1
118.307	video	65	1
118.312	video	80	1
118.318	video	51	1
118.321	video	78	1
118.324	video	85	1
118.336	video	71	1
118.341	video	41	1
118.344	video	61	1
118.345	gaming	97	1
118.347	video	44	1
118.349	gaming	156	2
118.352	video	66	1
118.357	video	58	1
118.36	video	63	1
118.363	video	46	1
118.368	video	45	1
118.397	gaming	147	1
118.398	voip	15	1
118.399	gaming	115	2
118.453	voip	15	2
118.458	gaming	75	1
118.466	gaming	114	2
118.468	video	53	1
118.475	video	70	1
118.48	video	250	1
118.491	video	61	1
118.495	video	52	1
118.506	gaming	135	1
118.508	video	176	1
118.511	video	40	1
118.515	gaming	162	2
118.525	video	250	1
118.527	video	41	1
118.533	video	45	1
118.545	video	76	1
118.548	video	60	1
118.551	video	70	1
118.556	video	82	1
118.558	voip	15	1
118.56	gaming	127	1
118.564	video	124	1
118.568	video	52	1
118.571	video	122	1
118.575	gaming	106	2
118.577	video	250	1
118.579	video	96	1
118.582	video	76	1
118.613	voip	15	2
118.619	gaming	149	1
118.633	gaming	90	2
118.68	gaming	106	1
118.682	video	168	1
118.684	gaming	74	2
118.686	video	140	1
118.697	video	41	1
118.705	video	212	1
118.708	video	44	1
118.711	video	42	1
118.718	voip	15	1
118.719	video	40	1
118.722	video	42	1
118.73	video	65	1
118.733	gaming	135	2
118.741	gaming	146	1
118.742	video	53	1
118.745	video	57	1
118.758	video	76	1
118.761	video	82	1
118.763	video	69	1
118.766	video	80	1
118.769	video	56	1
118.773	voip	15	2
118.774	video	52	1
118.778	video	62	1
118.781	video	65	1
118.784	video	48	1
118.789	gaming	157	2
118.798	gaming	133	1
118.843	gaming	106	2
118.852	gaming	106	1
118.878	voip	15	1
118.885	video	108	1
118.891	video	50	1
118.895	gaming	160	2
118.904	video	124	1
118.911	gaming	123	1
118.913	video	57	1
118.916	video	123	1
118.927	video	92	1
118.933	video	158	1
118.933	voip	15	2
118.94	video	61	1
118.946	video	45	1
118.95	video	250	1
118.952	gaming	156	2
118.958	video	42	1
118.971	video	250	1
118.976	video	87	1
118.979	video	60	1
118.982	video	97	1
118.984	gaming	134	1
118.987	video	134	1
118.994	video	75	1
118.999	video	203	1
119.006	gaming	133	2
119.007	video	69	1
119.009	video	55	1
119.038	voip	15	1
119.063	gaming	89	2
119.064	gaming	86	1
119.093	voip	15	2
119.109	video	49	1
119.115	video	250	1
119.118	video	227	1
119.12	gaming	100	1
119.123	video	62	1
119.126	video	55	1
119.13	video	250	1
119.135	video	64	1
119.141	gaming	142	2
119.142	video	67	1
119.145	video	77	1
119.154	video	250	1
119.16	video	88	1
119.164	video	60	1
119.172	video	250	1
119.175	gaming	260	1
119.183	video	56	1
119.192	video	250	1
119.197	gaming	95	2
119.198	video	146	1
119.199	voip	15	1
119.209	video	129	1
119.217	video	250	1
119.219	video	84	1
119.223	video	210	1
119.234	gaming	264	1
119.253	voip	15	2
119.259	gaming	157	2
119.29	gaming	108	1
119.313	gaming	155	2
119.323	video	191	1
119.324	video	79	1
119.336	video	48	1
119.339	video	46	1
119.343	video	83	1
119.348	video	142	1
119.352	gaming	93	1
119.358	voip	15	1
119.36	video	55	1
119.364	video	250	1
119.375	video	47	1
119.378	video	54	1
119.383	gaming	104	2
119.39	video	40	1
119.399	video	63	1
119.408	gaming	106	1
119.41	video	46	1
119.415	video	250	1
119.415	voip	15	2
119.416	video	42	1
119.423	video	209	1
119.434	video	51	1
119.443	gaming	94	2
119.447	video	71	1
119.452	video	250	1
119.46	video	54	1
119.471	gaming	132	1
119.498	gaming	190	2
119.518	voip	15	1
119.52	gaming	131	1
119.561	video	126	1
119.563	gaming	143	2
119.565	video	153	1
119.566	gaming	68	1
119.573	voip	15	2
119.578	video	218	1
119.579	video	64	1
119.584	video	133	1
119.596	video	113	1
119.6	video	61	1
119.602	video	56	1
119.606	video	111	1
119.614	gaming	101	2
119.619	video	250	1
119.623	gaming	176	1
119.63	video	47	1
119.639	video	157	1
119.642	video	43	1
119.645	video	80	1
119.657	video	42	1
119.664	video	57	1
119.667	gaming	103	2
119.67	video	165	1
119.672	gaming	75	1
119.673	video	66	1
119.678	voip	15	1
119.686	video	123	1
119.692	video	250	1
119.731	gaming	189	1
119.732	gaming	86	2
119.733	voip	15	2
119.786	gaming	129	2
119.79	gaming	213	1
119.791	video	42	1
119.793	video	60	1
119.806	video	152	1
119.81	video	142	1
119.813	video	99	1
119.817	video	250	1
119.82	video	53	1
119.824	video	167	1
119.826	video	58	1
119.832	video	92	1
119.835	video	57	1
119.838	gaming	131	1
119.838	voip	15	1
119.839	video	44	1
119.845	gaming	127	2
119.852	video	88	1
119.866	video	250	1
119.871	video	250	1
119.878	video	82	1
119.883	video	50	1
119.887	video	76	1
119.893	voip	15	2
119.898	gaming	129	2
119.899	video	40	1
119.901	gaming	105	1
119.908	video	191	1
119.953	gaming	164	1
119.963	gaming	158	2
119.998	voip	15	1
120.007	video	93	1
120.01	video	50	1
120.012	video	58	1
120.016	gaming	224	2
120.016	video	42	1
120.017	gaming	87	1
120.02	video	250	1
120.024	video	162	1
120.027	video	61	1
120.031	video	49	1
120.041	video	138	1
120.044	video	184	1
120.046	video	87	1
120.053	video	102	1
120.053	voip	15	2
120.065	gaming	180	2
120.066	video	83	1
120.068	video	48	1
120.073	gaming	135	1
120.075	video	75	1
120.087	video	42	1
120.089	video	67	1
120.102	video	45	1
120.106	video	250	1
120.107	video	69	1
120.134	gaming	117	1
120.138	gaming	119	2
120.158	voip	15	1
120.196	gaming	95	1
120.202	gaming	168	2
120.207	video	76	1
120.213	video	197	1
120.214	voip	15	2
120.216	video	67	1
120.218	video	41	1
120.231	video	47	1
120.234	video	49	1
120.241	video	54	1
120.254	video	72	1
120.256	gaming	171	1
120.261	video	250	1
120.265	gaming	92	2
120.267	video	85	1
120.27	video	50	1
120.274	video	44	1
120.281	video	117	1
120.288	video	44	1
120.294	video	215	1
120.298	video	44	1
120.299	gaming	66	1
120.3	video	67	1
120.304	video	73	1
120.316	video	62	1
120.318	voip	15	1
120.322	video	68	1
120.324	gaming	151	2
120.351	gaming	137	1
120.373	voip	40	2
120.375	gaming	145	2
120.4	voip	40	2
120.416	gaming	97	1
120.422	video	51	1
120.426	voip	40	2
120.432	gaming	172	2
120.434	video	46	1
120.437	video	43	1
120.445	video	52	1
120.45	video	45	1
120.452	voip	40	2
120.453	video	84	1
120.456	video	41	1
120.465	video	48	1
120.468	video	100	1
120.471	video	72	1
120.473	gaming	118	1
120.478	voip	15	1
120.478	voip	40	2
120.484	video	58	1
120.486	gaming	104	2
120.49	video	120	1
120.493	video	167	1
120.496	video	46	1
120.499	video	57	1
120.501	video	63	1
120.505	voip	40	2
120.507	video	48	1
120.512	video	250	1
120.517	video	138	1
120.523	video	210	1
120.531	voip	40	2
120.539	gaming	135	1
120.542	gaming	122	2
120.557	voip	40	2
120.583	voip	40	2
120.594	gaming	89	1
120.599	gaming	138	2
120.609	voip	40	2
120.621	video	52	1
120.626	video	76	1
120.636	voip	40	2
120.638	video	49	1
120.638	voip	15	1
120.641	video	46	1
120.645	video	80	1
120.651	gaming	124	2
120.653	gaming	210	1
120.657	video	180	1
120.658	video	47	1
120.662	voip	40	2
120.667	video	62	1
120.674	video	83	1
120.686	video	82	1
120.688	voip	40	2
120.689	video	52	1
120.701	gaming	103	2
120.702	video	58	1
120.705	video	91	1
120.711	gaming	166	1
120.714	voip	40	2
120.718	video	99	1
120.72	video	98	1
120.733	video	88	1
120.741	voip	40	2
120.746	video	145	1
120.752	video	250	1
120.753	video	67	1
120.755	gaming	92	2
120.761	video	96	1
120.765	gaming	133	1
120.767	voip	40	2
120.793	voip	40	2
120.798	voip	15	1
120.807	gaming	252	2
120.82	gaming	143	1
120.821	voip	40	2
120.846	voip	40	2
120.86	gaming	113	2
120.861	video	71	1
120.865	video	171	1
120.869	video	55	1
120.872	voip	40	2
120.874	gaming	181	1
120.875	video	47	1
120.883	video	121	1
120.885	video	40	1
120.889	video	52	1
120.898	voip	40	2
120.902	video	55	1
120.906	video	250	1
120.907	video	40	1
120.91	video	44	1
120.914	video	74	1
120.918	gaming	120	2
120.921	video	89	1
120.924	voip	40	2
120.932	gaming	139	1
120.934	video	250	1
120.936	video	46	1
120.944	video	70	1
120.95	voip	40	2
120.956	video	65	1
120.958	voip	40	1
120.961	video	140	1
120.966	gaming	92	2
120.968	video	58	1
120.975	video	184	1
120.977	voip	40	2
120.985	gaming	107	1
120.985	voip	40	1
121.003	voip	40	2
121.01	voip	40	1
121.014	gaming	144	2
121.029	voip	40	2
121.037	voip	40	1
121.05	gaming	108	1
121.055	voip	15	2
121.063	voip	40	1
121.067	gaming	138	2
121.074	video	72	1
121.078	video	80	1
121.082	video	250	1
121.089	voip	40	1
121.093	video	43	1
121.099	video	71	1
121.1	gaming	102	1
121.101	video	44	1
121.104	video	45	1
121.107	video	108	1
121.115	voip	40	1
121.116	video	65	1
121.123	gaming	87	2
121.13	video	250	1
121.131	video	51	1
121.135	video	51	1
121.14	video	88	1
121.141	voip	40	1
121.152	video	53	1
121.156	gaming	91	1
121.164	video	48	1
121.168	voip	40	1
121.17	video	99	1
121.174	video	184	1
121.176	video	59	1
121.18	video	250	1
121.183	gaming	218	2
121.185	video	45	1
121.194	voip	40	1
121.212	gaming	189	1
121.215	voip	15	2
121.22	voip	40	1
121.246	voip	40	1
121.254	gaming	146	2
121.261	gaming	82	1
121.273	voip	40	1
121.285	video	41	1
121.288	video	100	1
121.294	video	129	1
121.299	voip	40	1
121.301	video	250	1
121.313	video	250	1
121.314	video	80	1
121.316	gaming	156	1
121.317	gaming	104	2
121.32	video	50	1
121.325	voip	40	1
121.327	video	107	1
121.332	video	48	1
121.337	video	48	1
121.34	video	71	1
121.342	video	84	1
121.345	video	74	1
121.348	video	103	1
121.351	voip	40	1
121.36	video	84	1
121.373	gaming	160	1
121.374	video	111	1
121.376	gaming	180	2
121.377	voip	15	2
121.378	video	54	1
121.378	voip	40	1
121.379	video	66	1
121.382	video	102	1
121.389	video	71	1
121.404	voip	40	1
121.426	gaming	121	1
121.43	voip	40	1
121.45	gaming	140	2
121.456	voip	40	1
121.482	voip	40	1
121.486	gaming	96	1
121.489	video	70	1
121.497	video	250	1
121.501	video	88	1
121.504	video	100	1
121.508	gaming	133	2
121.509	voip	40	1
121.511	video	68	1
121.523	video	43	1
121.532	video	250	1
121.535	voip	40	1
121.535	voip	15	2
121.543	video	83	1
121.547	video	250	1
121.549	video	40	1
121.553	gaming	125	1
121.553	video	41	1
121.558	video	250	1
121.561	video	41	1
121.562	voip	40	1
121.567	gaming	163	2
121.568	video	51	1
121.571	video	92	1
121.576	video	105	1
121.578	video	42	1
121.583	video	250	1
121.585	video	50	1
121.587	voip	40	1
121.591	video	57	1
121.615	gaming	240	1
121.615	voip	40	1
121.618	gaming	219	2
121.64	voip	40	1
121.667	gaming	254	1
121.668	voip	40	1
121.69	gaming	119	2
121.691	video	120	1
121.692	voip	40	1
121.695	voip	15	2
121.696	video	53	1
121.7	video	54	1
121.712	video	49	1
121.717	video	250	1
121.718	video	47	1
121.719	voip	40	1
121.722	gaming	104	1
121.723	video	123	1
121.727	video	89	1
121.734	video	119	1
121.743	video	49	1
121.745	voip	40	1
121.747	video	45	1
121.758	video	87	1
121.772	video	207	1
121.773	voip	40	1
121.774	gaming	115	2
121.777	video	68	1
121.777	gaming	61	1
121.782	video	98	1
121.786	video	179	1
121.792	video	46	1
121.797	voip	40	1
121.801	video	148	1
121.812	video	43	1
121.815	video	83	1
121.823	voip	40	1
121.828	gaming	95	2
121.841	gaming	67	1
121.85	voip	40	1
121.855	voip	15	2
121.876	voip	40	1
121.894	gaming	162	2
121.899	gaming	145	1
121.902	voip	40	1
121.916	video	250	1
121.918	video	53	1
121.921	video	71	1
121.928	voip	40	1
121.935	video	240	1
121.936	video	75	1
121.94	video	43	1
121.942	gaming	151	2
121.945	video	58	1
121.947	video	50	1
121.954	video	88	1
121.955	voip	15	1
121.957	video	55	1
121.962	gaming	211	1
121.969	video	53	1
121.973	video	65	1
121.976	video	45	1
121.982	video	167	1
121.988	video	49	1
121.999	video	250	1
122.002	gaming	153	2
122.004	video	74	1
122.013	gaming	178	1
122.017	video	250	1
122.017	voip	15	2
122.02	video	49	1
122.025	video	63	1
122.061	gaming	107	2
122.069	gaming	110	1
122.112	gaming	152	2
122.114	voip	15	1
122.122	gaming	106	1
122.125	video	79	1
122.13	video	144	1
122.134	video	115	1
122.14	video	49	1
122.152	video	44	1
122.155	video	40	1
122.168	video	46	1
122.17	video	44	1
122.175	video	250	1
122.175	voip	15	2
122.178	video	70	1
122.18	gaming	106	1
122.181	gaming	107	2
122.182	video	41	1
122.196	video	178	1
122.203	video	250	1
122.204	video	68	1
122.21	video	72	1
122.223	video	160	1
122.228	gaming	103	1
122.229	video	55	1
122.238	gaming	229	2
122.239	video	50	1
122.242	video	59	1
122.246	video	48	1
122.274	voip	15	1
122.29	gaming	175	1
122.293	gaming	105	2
122.335	voip	15	2
122.341	gaming	80	2
122.344	gaming	129	1
122.347	video	83	1
122.359	video	56	1
122.363	video	76	1
122.372	video	144	1
122.375	video	250	1
122.377	video	44	1
122.381	video	54	1
122.388	video	167	1
122.39	video	115	1
122.393	video	57	1
122.395	gaming	110	1
122.396	video	51	1
122.4	gaming	112	2
122.401	video	49	1
122.414	video	250	1
122.427	video	250	1
122.434	voip	15	1
122.438	video	42	1
122.442	video	120	1
122.445	video	46	1
122.451	video	87	1
122.454	gaming	124	1
122.455	video	115	1
122.457	video	55	1
122.458	gaming	77	2
122.495	voip	15	2
122.506	gaming	96	1
122.513	gaming	145	2
122.558	video	161	1
122.56	video	48	1
122.569	video	250	1
122.57	video	96	1
122.572	gaming	92	1
122.576	gaming	101	2
122.577	video	92	1
122.588	video	43	1
122.591	video	43	1
122.594	voip	15	1
122.603	video	212	1
122.61	video	55	1
122.624	video	250	1
122.628	gaming	137	1
122.63	gaming	200	2
122.632	video	250	1
122.644	video	250	1
122.653	video	72	1
122.655	voip	15	2
122.661	video	250	1
122.664	video	210	1
122.668	video	165	1
122.676	video	86	1
122.677	gaming	83	1
122.679	gaming	126	2
122.682	video	58	1
122.685	video	86	1
122.697	video	42	1
122.733	gaming	61	1
122.742	gaming	157	2
122.754	voip	15	1
122.792	gaming	177	2
122.797	video	78	1
122.802	gaming	162	1
122.809	video	61	1
122.814	video	92	1
122.815	voip	15	2
122.826	video	42	1
122.834	video	144	1
122.838	video	73	1
122.844	video	250	1
122.85	gaming	218	2
122.851	gaming	168	1
122.854	video	250	1
122.864	video	56	1
122.877	video	91	1
122.88	video	42	1
122.884	video	113	1
122.888	video	250	1
122.899	video	73	1
122.901	video	47	1
122.905	gaming	157	1
122.906	video	41	1
122.909	video	60	1
122.913	video	250	1
122.914	gaming	102	2
122.915	video	40	1
122.916	voip	40	1
122.92	video	80	1
122.941	voip	40	1
122.96	gaming	170	1
122.967	voip	40	1
122.972	gaming	103	2
122.975	voip	15	2
122.993	voip	40	1
123.012	gaming	77	1
123.02	voip	40	1
123.021	video	107	1
123.023	video	45	1
123.026	gaming	94	2
123.027	video	172	1
123.029	video	57	1
123.032	video	43	1
123.043	video	113	1
123.046	voip	40	1
123.055	video	101	1
123.058	video	56	1
123.061	video	54	1
123.066	video	97	1
123.069	video	41	1
123.07	gaming	121	1
123.072	voip	40	1
123.075	video	250	1
123.077	gaming	128	2
123.078	video	63	1
123.091	video	74	1
123.098	voip	40	1
123.102	video	250	1
123.106	video	40	1
123.11	video	170	1
123.112	video	69	1
123.116	video	56	1
123.124	voip	40	1
123.128	video	62	1
123.131	gaming	91	2
123.135	voip	15	2
123.146	gaming	98	1
123.151	voip	40	1
123.177	voip	40	1
123.195	gaming	150	2
123.205	gaming	223	1
123.205	voip	40	1
123.228	video	61	1
123.229	voip	40	1
123.241	video	112	1
123.247	video	250	1
123.254	gaming	177	2
123.256	voip	40	1
123.258	video	63	1
123.266	video	250	1
123.267	gaming	78	1
123.269	video	40	1
123.272	video	43	1
123.28	video	64	1
123.282	voip	40	1
123.283	video	47	1
123.287	video	44	1
123.295	voip	15	2
123.299	video	42	1
123.308	voip	40	1
123.311	video	47	1
123.313	gaming	131	2
123.324	video	69	1
123.334	voip	40	1
123.336	video	42	1
123.338	gaming	144	1
123.341	video	144	1
123.343	video	44	1
123.356	video	48	1
123.36	video	216	1
123.361	voip	40	1
123.363	video	104	1
123.367	video	112	1
123.369	gaming	115	2
123.387	voip	40	1
123.405	gaming	94	1
123.413	voip	40	1
123.427	gaming	242	2
123.439	voip	40	1
123.455	voip	15	2
123.465	voip	40	1
123.467	video	41	1
123.47	video	102	1
123.472	gaming	113	1
123.473	video	89	1
123.476	video	66	1
123.479	video	64	1
123.481	gaming	82	2
123.483	video	43	1
123.49	video	62	1
123.492	voip	40	1
123.498	video	250	1
123.502	video	85	1
123.507	video	113	1
123.511	video	51	1
123.516	video	156	1
123.518	voip	40	1
123.528	video	170	1
123.53	video	77	1
123.533	gaming	128	1
123.537	video	71	1
123.541	gaming	120	2
123.542	video	71	1
123.544	video	87	1
123.544	voip	15	1
123.547	video	54	1
123.551	video	250	1
123.556	video	40	1
123.582	gaming	224	1
123.6	gaming	239	2
123.615	voip	15	2
123.632	gaming	134	1
123.656	video	83	1
123.659	gaming	114	2
123.659	video	43	1
123.671	video	41	1
123.682	gaming	90	1
123.685	video	250	1
123.691	video	250	1
123.694	video	101	1
123.697	video	94	1
123.701	video	47	1
123.704	voip	15	1
123.705	video	42	1
123.718	gaming	142	2
123.719	video	57	1
123.726	video	100	1
123.737	gaming	140	1
123.738	video	47	1
123.742	video	182	1
123.753	video	48	1
123.757	video	115	1
123.76	video	86	1
123.764	video	41	1
123.767	video	45	1
123.775	voip	15	2
123.781	video	250	1
123.785	video	250	1
123.792	gaming	220	2
123.795	gaming	246	1
123.845	gaming	197	2
123.864	voip	15	1
123.875	gaming	180	1
123.884	video	90	1
123.886	video	79	1
123.893	video	43	1
123.897	video	250	1
123.899	video	43	1
123.901	video	40	1
123.905	gaming	222	2
123.908	video	110	1
123.911	video	63	1
123.92	video	40	1
123.923	video	58	1
123.927	video	250	1
123.928	gaming	97	1
123.929	video	42	1
123.932	video	51	1
123.935	voip	15	2
123.945	video	79	1
123.951	video	55	1
123.955	video	49	1
123.96	video	45	1
123.963	gaming	76	2
123.966	video	217	1
123.968	video	65	1
123.975	video	110	1
123.988	gaming	103	1
124.013	gaming	179	2
124.024	voip	15	1
124.046	gaming	120	1
124.063	gaming	102	2
124.074	video	64	1
124.078	video	132	1
124.08	video	54	1
124.085	video	48	1
124.088	video	107	1
124.095	video	51	1
124.096	voip	15	2
124.097	gaming	69	1
124.101	video	250	1
124.107	video	139	1
124.112	video	46	1
124.115	video	54	1
124.122	video	43	1
124.124	gaming	195	2
124.125	video	42	1
124.128	video	109	1
124.133	video	140	1
124.137	video	97	1
124.14	video	49	1
124.146	video	214	1
124.15	video	250	1
124.152	video	47	1
124.158	video	41	1
124.167	gaming	123	1
124.184	voip	15	1
124.187	gaming	86	2
124.216	gaming	191	1
124.243	gaming	55	2
124.255	voip	15	2
124.258	video	61	1
124.262	video	51	1
124.264	video	40	1
124.277	video	55	1
124.279	gaming	177	1
124.28	video	77	1
124.284	video	46	1
124.297	video	49	1
124.298	gaming	84	2
124.3	video	57	1
124.304	video	81	1
124.316	video	97	1
124.321	video	233	1
124.326	video	164	1
124.328	gaming	112	1
124.34	video	250	1
124.343	video	126	1
124.344	voip	15	1
124.353	video	78	1
124.354	gaming	110	2
124.357	video	49	1
124.361	video	45	1
124.364	video	60	1
124.367	video	54	1
124.371	video	154	1
124.384	gaming	108	1
124.413	gaming	221	2
124.415	voip	15	2
124.451	gaming	129	1
124.466	gaming	99	2
124.47	video	97	1
124.478	video	42	1
124.49	video	134	1
124.496	video	81	1
124.499	video	43	1
124.501	gaming	183	1
124.502	video	53	1
124.504	voip	15	1
124.505	video	68	1
124.511	video	51	1
124.516	gaming	101	2
124.524	video	109	1
124.529	video	40	1
124.534	video	54	1
124.536	video	40	1
124.54	video	83	1
124.543	video	82	1
124.548	video	40	1
124.554	gaming	86	1
124.557	video	122	1
124.571	video	250	1
124.573	video	132	1
124.574	gaming	140	2
124.575	video	66	1
124.576	voip	40	2
124.587	video	48	1
124.602	voip	40	2
124.605	gaming	129	1
124.625	gaming	144	2
124.628	voip	40	2
124.654	voip	40	2
124.659	gaming	153	1
124.664	voip	15	1
124.68	voip	40	2
124.686	gaming	161	2
124.689	video	250	1
124.692	video	200	1
124.703	video	44	1
124.707	voip	40	2
124.717	video	250	1
124.72	gaming	201	1
124.728	video	54	1
124.733	voip	40	2
124.735	gaming	125	2
124.741	video	66	1
124.744	video	82	1
124.75	video	118	1
124.756	video	183	1
124.759	video	43	1
124.759	voip	40	2
124.763	video	59	1
124.772	video	51	1
124.777	video	87	1
124.778	gaming	118	1
124.784	video	76	1
124.785	voip	40	2
124.787	video	125	1
124.79	video	43	1
124.793	video	53	1
124.794	gaming	94	2
124.798	video	250	1
124.81	video	250	1
124.811	voip	40	2
124.812	video	52	1
124.824	voip	15	1
124.828	gaming	138	1
124.838	voip	40	2
124.862	gaming	114	2
124.864	voip	40	2
124.89	voip	40	2
124.895	gaming	108	1
124.912	video	50	1
124.917	video	194	1
124.918	voip	40	2
124.92	gaming	184	2
124.925	video	88	1
124.93	video	54	1
124.936	video	147	1
124.94	video	86	1
124.942	gaming	70	1
124.943	voip	40	2
124.944	video	40	1
124.947	video	56	1
124.954	video	250	1
124.96	video	45	1
124.964	video	62	1
124.969	video	99	1
124.969	voip	15	2
124.972	gaming	212	2
124.973	video	44	1
124.977	video	132	1
124.98	video	82	1
124.984	video	58	1
124.984	voip	15	1
124.99	video	65	1
124.995	gaming	107	1
124.996	video	72	1
125.003	video	138	1
125.007	video	250	1
125.035	gaming	138	2
125.047	gaming	164	1
125.093	gaming	136	2
125.099	gaming	109	1
125.106	video	78	1
125.109	video	41	1
125.114	video	44	1
125.117	video	51	1
125.126	video	61	1
125.129	voip	15	2
125.134	video	250	1
125.136	video	68	1
125.139	video	77	1
125.142	video	188	1
125.144	voip	15	1
125.147	video	115	1
125.154	gaming	141	1
125.155	video	43	1
125.157	video	73	1
125.158	gaming	127	2
125.166	video	250	1
125.168	video	52	1
125.174	video	109	1
125.186	video	41	1
125.19	video	42	1
125.194	video	74	1
125.206	video	43	1
125.209	gaming	113	1
125.211	gaming	112	2
125.214	video	136	1
125.261	gaming	187	2
125.271	gaming	127	1
125.289	voip	15	2
125.304	voip	15	1
125.313	gaming	235	2
125.314	video	44	1
125.318	video	84	1
125.323	video	84	1
125.326	video	77	1
125.329	gaming	182	1
125.33	video	59	1
125.334	video	81	1
125.338	video	43	1
125.352	video	250	1
125.358	video	40	1
125.37	gaming	149	2
125.372	video	250	1
125.379	video	107	1
125.384	video	64	1
125.389	video	45	1
125.394	gaming	158	1
125.398	video	111	1
125.404	video	51	1
125.408	video	137	1
125.41	video	43	1
125.418	video	73	1
125.421	video	70	1
125.429	gaming	134	2
125.431	video	250	1
125.449	voip	15	2
125.453	gaming	162	1
125.464	voip	15	1
125.504	gaming	206	2
125.524	gaming	171	1
125.529	video	59	1
125.541	video	48	1
125.555	video	132	1
125.557	video	44	1
125.566	gaming	136	2
125.57	video	115	1
125.574	video	51	1
125.588	video	250	1
125.591	gaming	137	1
125.594	video	250	1
125.602	video	180	1
125.604	video	49	1
125.609	voip	15	2
125.614	video	41	1
125.616	gaming	162	2
125.62	video	250	1
125.623	video	111	1
125.624	voip	15	1
125.625	video	43	1
125.628	video	57	1
125.639	video	65	1
125.643	gaming	83	1
125.645	video	113	1
125.647	video	48	1
125.65	video	60	1
125.655	video	71	1
125.671	gaming	123	2
125.7	gaming	137	1
125.721	gaming	89	2
125.75	gaming	150	1
125.756	video	250	1
125.757	video	66	1
125.761	video	69	1
125.769	voip	15	2
125.775	video	250	1
125.778	video	250	1
125.781	video	58	1
125.784	voip	15	1
125.789	video	53	1
125.792	video	98	1
125.794	gaming	132	2
125.799	video	60	1
125.801	gaming	88	1
125.804	video	92	1
125.816	video	67	1
125.821	video	75	1
125.828	video	211	1
125.829	video	53	1
125.834	video	52	1
125.844	gaming	188	2
125.848	video	250	1
125.854	video	173	1
125.856	video	42	1
125.858	gaming	162	1
125.869	video	68	1
125.876	video	67	1
125.902	gaming	133	2
125.911	gaming	149	1
125.929	voip	15	2
125.944	voip	15	1
125.961	gaming	92	2
125.977	video	250	1
125.986	video	250	1
125.988	gaming	63	1
125.989	video	90	1
125.993	video	44	1
126.003	video	40	1
126.007	video	58	1
126.011	video	92	1
126.013	gaming	67	2
126.016	video	250	1
126.017	video	63	1
126.022	video	172	1
126.025	video	55	1
126.032	video	207	1
126.035	video	93	1
126.038	video	42	1
126.04	gaming	91	1
126.041	video	47	1
126.046	video	188	1
126.048	video	110	1
126.055	video	250	1
126.056	video	45	1
126.069	video	58	1
126.07	gaming	95	2
126.089	voip	15	2
126.092	gaming	127	1
126.104	voip	15	1
126.126	gaming	123	2
126.152	gaming	157	1
126.169	video	56	1
126.175	video	216	1
126.178	video	93	1
126.185	gaming	215	2
126.185	video	67	1
126.192	video	43	1
126.196	video	58	1
126.199	video	41	1
126.204	video	44	1
126.207	video	68	1
126.208	gaming	120	1
126.211	video	56	1
126.225	video	125	1
126.235	video	62	1
126.239	video	71	1
126.246	video	44	1
126.247	gaming	76	2
126.249	voip	15	2
126.25	video	146	1
126.255	video	250	1
126.264	voip	15	1
126.267	video	250	1
126.269	video	160	1
126.27	gaming	70	1
126.276	video	55	1
126.279	video	103	1
126.307	gaming	122	2
126.352	gaming	88	1
126.369	gaming	177	2
126.378	video	48	1
126.392	video	183	1
126.404	video	125	1
126.409	voip	15	2
126.411	gaming	197	1
126.416	video	50	1
126.419	video	50	1
126.424	voip	15	1
126.429	video	91	1
126.43	gaming	168	2
126.431	video	48	1
126.437	video	89	1
126.441	video	197	1
126.442	video	58	1
126.446	video	41	1
126.456	video	175	1
126.462	gaming	166	1
126.467	video	46	1
126.475	video	81	1
126.478	video	68	1
126.482	video	92	1
126.485	gaming	103	2
126.487	video	250	1
126.489	video	73	1
126.496	video	128	1
126.502	video	250	1
126.526	gaming	101	1
126.539	gaming	135	2
126.569	voip	15	2
126.581	gaming	125	1
126.584	voip	15	1
126.594	gaming	128	2
126.602	video	215	1
126.605	video	112	1
126.607	video	63	1
126.613	video	49	1
126.618	video	55	1
126.621	video	40	1
126.625	video	55	1
126.63	video	47	1
126.635	gaming	82	1
126.637	video	49	1
126.641	video	41	1
126.644	video	61	1
126.646	gaming	174	2
126.647	video	48	1
126.655	video	142	1
126.667	video	53	1
126.67	video	44	1
126.683	video	74	1
126.691	video	60	1
126.704	video	47	1
126.709	gaming	109	1
126.71	video	53	1
126.713	gaming	99	2
126.713	video	56	1
126.729	voip	15	2
126.744	voip	15	1
126.764	gaming	107	2
126.774	gaming	120	1
126.814	video	142	1
126.816	video	49	1
126.818	gaming	107	2
126.829	video	117	1
126.833	video	157	1
126.836	video	46	1
126.843	gaming	152	1
126.844	video	45	1
126.846	video	46	1
126.859	video	57	1
126.865	video	178	1
126.868	video	209	1
126.873	video	104	1
126.885	video	72	1
126.888	gaming	131	2
126.889	video	54	1
126.889	voip	15	2
126.891	video	93	1
126.895	video	75	1
126.902	gaming	145	1
126.904	video	84	1
126.904	voip	15	1
126.908	video	65	1
126.913	video	51	1
126.919	video	250	1
126.922	video	250	1
126.935	gaming	125	2
126.956	gaming	235	1
127.007	gaming	178	1
127.008	gaming	112	2
127.021	video	55	1
127.032	video	55	1
127.036	video	52	1
127.042	video	67	1
127.048	video	59	1
127.049	voip	40	2
127.051	video	54	1
127.057	gaming	108	2
127.061	video	62	1
127.063	video	40	1
127.064	voip	15	1
127.073	gaming	121	1
127.074	video	49	1
127.075	voip	40	2
127.076	video	96	1
127.079	video	65	1
127.082	video	70	1
127.095	video	87	1
127.097	video	62	1
127.1	video	55	1
127.101	voip	40	2
127.103	video	50	1
127.115	video	61	1
127.118	video	43	1
127.121	video	85	1
127.123	gaming	118	2
127.125	gaming	117	1
127.127	video	67	1
127.128	voip	40	2
127.154	voip	40	2
127.18	voip	40	2
127.182	gaming	92	2
127.183	gaming	90	1
127.206	voip	40	2
127.224	voip	15	1
127.229	video	250	1
127.231	video	210	1
127.232	voip	40	2
127.237	gaming	113	1
127.237	video	40	1
127.238	gaming	86	2
127.241	video	63	1
127.245	video	51	1
127.249	video	51	1
127.252	video	71	1
127.259	voip	40	2
127.266	video	176	1
127.271	video	43	1
127.275	video	59	1
127.281	video	62	1
127.285	voip	40	2
127.286	gaming	58	1
127.29	video	144	1
127.295	gaming	123	2
127.299	video	45	1
127.302	video	54	1
127.305	video	41	1
127.31	video	137	1
127.311	voip	40	2
127.312	video	45	1
127.317	video	114	1
127.319	video	40	1
127.323	video	80	1
127.335	gaming	188	1
127.337	voip	40	2
127.348	gaming	101	2
127.364	voip	40	2
127.384	voip	15	1
127.387	gaming	121	1
127.39	voip	40	2
127.406	gaming	171	2
127.416	voip	40	2
127.422	video	46	1
127.426	video	53	1
127.429	video	89	1
127.434	video	58	1
127.441	video	195	1
127.442	voip	40	2
127.452	gaming	119	1
127.452	video	49	1
127.458	video	250	1
127.463	gaming	187	2
127.468	video	77	1
127.469	voip	40	2
127.474	video	250	1
127.475	video	61	1
127.478	video	54	1
127.489	video	250	1
127.495	voip	40	2
127.497	video	66	1
127.501	video	79	1
127.513	video	58	1
127.515	video	48	1
127.521	gaming	130	1
127.522	voip	40	2
127.523	video	62	1
127.524	gaming	86	2
127.53	video	250	1
127.533	video	43	1
127.54	video	206	1
127.544	voip	15	1
127.547	voip	40	2
127.573	voip	40	2
127.579	gaming	125	1
127.583	gaming	144	2
127.6	voip	40	2
127.626	voip	40	2
127.634	gaming	146	1
127.64	video	235	1
127.645	gaming	121	2
127.647	video	250	1
127.649	video	75	1
127.652	voip	40	2
127.655	video	217	1
127.667	video	56	1
127.674	video	250	1
127.675	video	63	1
127.678	voip	40	2
127.68	video	166	1
127.683	video	250	1
127.687	gaming	103	1
127.689	video	232	1
127.698	gaming	252	2
127.699	video	40	1
127.704	voip	15	1
127.705	voip	40	2
127.708	video	117	1
127.711	video	45	1
127.723	video	59	1
127.726	video	78	1
127.73	video	96	1
127.731	voip	40	2
127.732	video	44	1
127.736	video	40	1
127.737	gaming	101	1
127.74	video	101	1
127.743	video	81	1
127.757	voip	40	2
127.758	gaming	128	2
127.783	voip	40	2
127.789	gaming	157	1
127.809	voip	40	2
127.819	gaming	125	2
127.836	voip	40	2
127.843	video	47	1
127.846	video	40	1
127.848	gaming	95	1
127.854	video	59	1
127.857	video	49	1
127.86	video	108	1
127.862	voip	40	2
127.864	video	212	1
127.865	voip	15	1
127.866	video	106	1
127.878	gaming	149	2
127.88	video	178	1
127.881	video	52	1
127.885	video	82	1
127.888	voip	40	2
127.892	video	113	1
127.897	video	48	1
127.901	video	54	1
127.908	gaming	152	1
127.913	video	47	1
127.914	voip	40	2
127.918	video	213	1
127.919	video	55	1
127.922	video	60	1
127.926	video	250	1
127.928	video	51	1
127.936	video	154	1
127.939	gaming	118	2
127.941	voip	40	2
127.967	voip	40	2
127.974	gaming	170	1
127.993	voip	40	2
127.995	gaming	164	2
128.019	voip	40	2
128.024	voip	15	1
128.026	gaming	183	1
128.035	video	47	1
128.038	video	66	1
128.046	voip	40	2
128.052	video	250	1
128.053	video	56	1
128.056	gaming	182	2
128.057	video	72	1
128.065	video	50	1
128.069	video	68	1
128.071	gaming	142	1
128.072	voip	40	2
128.08	video	159	1
128.083	video	136	1
128.095	video	79	1
128.098	video	103	1
128.099	voip	40	2
128.103	video	60	1
128.109	video	70	1
128.112	video	72	1
128.117	gaming	177	2
128.12	video	250	1
128.122	video	64	1
128.124	voip	40	2
128.126	video	78	1
128.127	gaming	96	1
128.139	video	121	1
128.15	voip	40	2
128.152	video	160	1
128.155	video	86	1
128.177	voip	40	2
128.178	gaming	128	2
128.183	gaming	148	1
128.184	voip	15	1
128.203	voip	40	2
128.228	gaming	117	2
128.229	voip	40	2
128.243	gaming	158	1
128.255	video	116	1
128.256	voip	40	2
128.26	video	45	1
128.273	video	62	1
128.278	video	250	1
128.28	video	40	1
128.281	voip	15	2
128.284	video	56	1
128.285	gaming	74	2
128.294	video	121	1
128.3	video	78	1
128.305	video	250	1
128.306	gaming	101	1
128.308	video	142	1
128.314	video	250	1
128.317	video	41	1
128.328	video	95	1
128.331	video	44	1
128.336	video	250	1
128.34	video	250	1
128.342	video	250	1
128.344	voip	15	1
128.345	video	48	1
128.35	video	165	1
128.351	gaming	186	2
128.353	video	91	1
128.361	gaming	102	1
128.402	gaming	140	2
128.415	gaming	142	1
128.441	voip	15	2
128.453	video	62	1
128.457	video	49	1
128.461	video	58	1
128.462	gaming	169	2
128.464	video	46	1
128.467	video	47	1
128.47	video	64	1
128.475	gaming	101	1
128.476	video	67	1
128.481	video	103	1
128.485	video	250	1
128.489	video	191	1
128.496	video	250	1
128.497	video	80	1
128.504	voip	15	1
128.509	video	40	1
128.513	video	40	1
128.517	video	48	1
128.522	video	159	1
128.525	video	102	1
128.528	video	65	1
128.529	gaming	86	1
128.532	video	250	1
128.534	gaming	270	2
128.537	video	250	1
128.584	gaming	123	1
128.585	gaming	121	2
128.601	voip	15	2
128.636	video	250	1
128.641	video	96	1
128.643	gaming	106	2
128.646	video	66	1
128.647	gaming	90	1
128.65	video	66	1
128.654	video	98	1
128.657	video	142	1
128.664	video	62	1
128.664	voip	15	1
128.667	video	47	1
128.671	video	215	1
128.675	video	103	1
128.677	video	67	1
128.687	video	157	1
128.692	video	78	1
128.696	gaming	116	2
128.702	video	222	1
128.703	gaming	163	1
128.708	video	246	1
128.711	video	103	1
128.715	video	110	1
128.717	video	77	1
128.722	video	66	1
128.725	video	57	1
128.754	gaming	173	2
128.761	voip	15	2
128.767	gaming	98	1
128.816	gaming	225	2
128.824	voip	15	1
128.825	video	56	1
128.833	video	69	1
128.841	video	45	1
128.845	gaming	133	1
128.853	video	85	1
128.857	video	250	1
128.867	gaming	84	2
128.868	video	41	1
128.871	video	40	1
128.884	video	60	1
128.892	video	245	1
128.895	video	70	1
128.899	video	43	1
128.904	video	62	1
128.912	video	72	1
128.916	video	146	1
128.919	video	140	1
128.921	gaming	143	2
128.921	voip	15	2
128.924	gaming	134	1
128.931	video	94	1
128.937	video	50	1
128.941	video	115	1
128.951	video	151	1
128.96	video	250	1
128.975	gaming	113	2
128.984	voip	15	1
129	gaming	84	1
129.032	gaming	121	2
129.06	video	234	1
129.062	video	55	1
129.066	video	102	1
129.068	video	64	1
129.071	gaming	74	1
129.072	video	44	1
129.082	gaming	159	2
129.083	voip	15	2
129.084	video	65	1
129.088	video	43	1
129.091	video	152	1
129.095	video	250	1
129.097	video	63	1
129.102	video	250	1
129.105	video	250	1
129.111	video	187	1
129.114	video	250	1
129.116	video	42	1
129.121	video	250	1
129.123	video	43	1
129.126	video	59	1
129.137	gaming	77	1
129.139	video	108	1
129.144	voip	15	1
129.147	video	103	1
129.148	gaming	104	2
129.194	gaming	96	1
129.202	gaming	167	2
129.242	voip	40	2
129.247	gaming	122	1
129.248	video	68	1
129.252	video	241	1
129.254	video	61	1
129.257	video	40	1
129.259	gaming	99	2
129.267	video	46	1
129.268	voip	40	2
129.274	video	250	1
129.279	video	126	1
129.285	video	250	1
129.294	voip	40	2
129.296	video	69	1
129.3	video	215	1
129.305	gaming	164	1
129.306	voip	15	1
129.311	video	46	1
129.319	video	171	1
129.32	voip	40	2
129.323	video	250	1
129.324	gaming	68	2
129.326	video	76	1
129.329	video	40	1
129.341	video	51	1
129.345	video	58	1
129.347	voip	40	2
129.35	video	41	1
129.358	gaming	424	1
129.36	video	161	1
129.361	video	74	1
129.373	voip	40	2
129.392	gaming	112	2
129.399	voip	40	2
129.422	gaming	120	1
129.425	voip	40	2
129.449	gaming	121	2
129.451	voip	40	2
129.461	video	55	1
129.464	voip	15	1
129.473	video	52	1
129.477	video	250	1
129.478	voip	40	2
129.482	gaming	123	1
129.488	video	250	1
129.492	video	164	1
129.495	video	41	1
129.498	video	78	1
129.501	video	61	1
129.504	voip	40	2
129.508	video	109	1
129.51	gaming	128	2
129.512	video	79	1
129.515	video	69	1
129.518	video	54	1
129.522	video	63	1
129.526	video	47	1
129.53	voip	40	2
129.538	video	47	1
129.542	video	176	1
129.547	gaming	158	1
129.554	video	147	1
129.556	voip	40	2
129.559	video	249	1
129.567	gaming	106	2
129.57	video	143	1
129.573	video	63	1
129.583	voip	40	2
129.602	gaming	128	1
129.609	voip	40	2
129.624	voip	15	1
129.629	gaming	161	2
129.635	voip	40	2
129.66	gaming	114	1
129.661	voip	40	2
129.674	video	91	1
129.676	gaming	111	2
129.677	video	106	1
129.681	video	42	1
129.687	voip	15	2
129.694	video	40	1
129.701	video	58	1
129.706	video	241	1
129.708	video	140	1
129.711	video	86	1
129.715	video	250	1
129.718	video	250	1
129.723	gaming	132	2
129.724	video	49	1
129.726	video	63	1
129.731	gaming	100	1
129.731	video	43	1
129.735	video	118	1
129.747	video	74	1
129.751	video	250	1
129.759	video	57	1
129.763	video	250	1
129.764	video	46	1
129.769	video	47	1
129.772	gaming	124	2
129.781	gaming	77	1
129.784	voip	15	1
129.837	gaming	173	2
129.846	gaming	111	1
129.847	voip	15	2
129.869	video	45	1
129.882	video	118	1
129.886	video	203	1
129.89	video	156	1
129.892	gaming	151	2
129.893	video	94	1
129.903	video	75	1
129.906	gaming	111	1
129.915	video	56	1
129.919	video	97	1
129.922	video	48	1
129.925	video	42	1
129.929	video	56	1
129.935	video	250	1
129.937	video	52	1
129.944	voip	15	1
129.949	video	58	1
129.953	video	55	1
129.955	gaming	171	2
129.959	video	43	1
129.963	video	51	1
129.965	gaming	136	1
129.967	video	153	1
129.973	video	68	1
129.976	video	58	1
130.007	voip	15	2
130.016	gaming	126	2
130.019	gaming	165	1
130.073	gaming	133	2
130.076	video	65	1
130.079	video	102	1
130.082	video	109	1
130.086	video	250	1
130.087	gaming	148	1
130.089	video	104	1
130.093	video	84	1
130.096	video	107	1
130.104	video	114	1
130.104	voip	15	1
130.106	video	51	1
130.112	video	41	1
130.116	video	250	1
130.118	video	51	1
130.123	gaming	303	2
130.124	video	72	1
130.133	video	132	1
130.138	video	49	1
130.144	video	196	1
130.145	gaming	133	1
130.146	video	42	1
130.158	video	41	1
130.167	voip	15	2
130.172	video	160	1
130.176	video	57	1
130.177	gaming	131	2
130.202	gaming	165	1
130.225	gaming	117	2
130.254	gaming	192	1
130.264	voip	15	1
130.273	gaming	241	2
130.276	video	51	1
130.282	video	43	1
130.287	video	250	1
130.291	video	48	1
130.296	video	112	1
130.3	video	122	1
130.304	video	250	1
130.306	video	40	1
130.31	video	155	1
130.311	gaming	119	1
130.313	video	66	1
130.322	video	103	1
130.325	video	87	1
130.327	voip	15	2
130.328	video	72	1
130.331	gaming	134	2
130.341	video	128	1
130.348	video	150	1
130.36	video	53	1
130.363	video	110	1
130.367	video	200	1
130.369	gaming	175	1
130.37	video	42	1
130.376	video	91	1
130.408	gaming	128	2
130.421	gaming	198	1
130.424	voip	15	1
130.469	gaming	109	2
130.476	video	52	1
130.479	video	43	1
130.482	video	76	1
130.485	video	85	1
130.486	gaming	113	1
130.487	voip	15	2
130.494	video	207	1
130.495	video	42	1
130.508	video	47	1
130.511	video	74	1
130.52	video	250	1
130.526	video	68	1
130.529	video	104	1
130.537	video	168	1
130.539	video	68	1
130.542	video	56	1
130.546	video	250	1
130.548	gaming	151	2
130.548	video	45	1
130.552	gaming	334	1
130.554	video	250	1
130.561	video	47	1
130.564	video	69	1
130.569	video	42	1
130.584	voip	15	1
130.602	gaming	262	1
130.603	gaming	136	2
130.647	voip	15	2
130.652	gaming	150	2
130.66	gaming	92	1
130.669	video	43	1
130.675	video	233	1
130.677	video	62	1
130.689	video	64	1
130.694	video	250	1
130.696	video	41	1
130.701	video	250	1
130.702	video	50	1
130.706	video	54	1
130.709	video	51	1
130.712	video	98	1
130.715	gaming	128	1
130.715	video	40	1
130.717	gaming	159	2
130.718	video	53	1
130.721	video	90	1
130.724	video	57	1
130.73	video	53	1
130.741	video	250	1
130.744	voip	15	1
130.752	video	43	1
130.756	video	232	1
130.761	video	250	1
130.764	gaming	119	2
130.773	gaming	163	1
130.807	voip	15	2
130.823	gaming	174	1
130.826	gaming	143	2
130.86	video	54	1
130.868	video	43	1
130.873	video	44	1
130.874	gaming	150	2
130.877	video	81	1
130.879	gaming	188	1
130.88	video	55	1
130.894	video	229	1
130.897	video	154	1
130.903	video	51	1
130.904	voip	15	1
130.912	video	250	1
130.921	video	250	1
130.929	video	40	1
130.933	video	148	1
130.936	video	250	1
130.938	gaming	153	2
130.941	video	250	1
130.943	video	242	1
130.948	gaming	216	1
130.95	video	89	1
130.953	video	64	1
130.96	video	51	1
130.967	voip	15	2
130.97	video	70	1
130.984	video	250	1
130.991	gaming	203	2
130.994	gaming	194	1
131.04	gaming	142	1
131.041	gaming	73	2
131.064	voip	15	1
131.083	video	74	1
131.086	video	42	1
131.091	gaming	125	2
131.093	video	240	1
131.096	video	98	1
131.099	video	48	1
131.105	gaming	168	1
131.108	video	250	1
131.109	video	43	1
131.122	video	58	1
131.125	video	47	1
131.127	voip	15	2
131.132	video	220	1
131.136	video	250	1
131.138	video	44	1
131.15	video	47	1
131.158	video	250	1
131.16	gaming	101	2
131.161	video	71	1
131.164	gaming	196	1
131.165	video	45	1
131.178	video	89	1
131.182	video	250	1
131.19	video	79	1
131.196	video	56	1
131.214	gaming	132	2
131.219	gaming	159	1
131.224	voip	15	1
131.277	gaming	171	2
131.287	voip	15	2
131.293	gaming	140	1
131.296	video	89	1
131.301	video	45	1
131.304	video	103	1
131.307	video	41	1
131.319	video	57	1
131.323	video	80	1
131.328	video	250	1
131.332	gaming	105	2
131.339	video	67	1
131.341	gaming	198	1
131.342	video	42	1
131.347	video	250	1
131.349	video	42	1
131.362	video	52	1
131.371	video	53	1
131.373	video	61	1
131.378	video	116	1
131.38	video	43	1
131.383	video	74	1
131.384	voip	15	1
131.393	video	77	1
131.398	gaming	109	1
131.399	gaming	121	2
131.4	video	67	1
131.405	video	250	1
131.447	voip	15	2
131.449	gaming	159	2
131.451	gaming	73	1
131.505	video	250	1
131.506	gaming	93	1
131.507	gaming	72	2
131.508	video	47	1
131.511	video	53	1
131.516	video	51	1
131.523	video	250	1
131.526	video	60	1
131.538	video	42	1
131.543	video	250	1
131.546	video	250	1
131.546	voip	15	1
131.553	gaming	184	1
131.554	video	106	1
131.556	video	41	1
131.56	video	109	1
131.565	video	76	1
131.567	gaming	152	2
131.568	video	40	1
131.581	video	55	1
131.585	video	103	1
131.59	video	250	1
131.6	gaming	131	1
131.601	video	43	1
131.605	video	65	1
131.607	voip	15	2
131.61	video	53	1
131.624	gaming	116	2
131.663	gaming	96	1
131.682	gaming	122	2
131.704	voip	15	1
131.71	video	81	1
131.714	video	250	1
131.715	video	66	1
131.723	gaming	94	1
131.728	video	126	1
131.733	video	51	1
131.735	gaming	121	2
131.738	video	138	1
131.741	video	81	1
131.748	video	144	1
131.752	video	120	1
131.756	video	131	1
131.765	video	250	1
131.767	video	107	1
131.767	voip	15	2
131.77	video	62	1
131.774	video	250	1
131.779	gaming	128	1
131.786	video	180	1
131.795	gaming	102	2
131.798	video	47	1
131.808	video	46	1
131.811	video	41	1
131.814	video	105	1
131.821	video	116	1
131.836	gaming	104	1
131.846	gaming	106	2
131.864	voip	15	1
131.889	gaming	130	1
131.899	gaming	130	2
131.921	video	67	1
131.923	video	46	1
131.927	voip	15	2
131.937	video	177	1
131.939	video	43	1
131.944	video	47	1
131.95	video	62	1
131.953	gaming	185	2
131.955	video	208	1
131.958	video	55	1
131.959	gaming	143	1
131.97	video	49	1
131.975	video	47	1
131.977	video	79	1
131.98	video	57	1
131.982	video	45	1
131.994	video	44	1
132.002	gaming	143	2
132.003	video	47	1
132.007	video	250	1
132.01	gaming	167	1
132.011	video	91	1
132.013	video	74	1
132.024	voip	15	1
132.026	video	164	1
132.034	video	67	1
132.056	gaming	113	2
132.061	gaming	116	1
132.087	voip	15	2
132.115	gaming	93	2
132.117	gaming	76	1
132.135	video	250	1
132.137	video	80	1
132.14	video	49	1
132.146	video	172	1
132.149	video	42	1
132.153	video	51	1
132.166	gaming	118	2
132.167	video	95	1
132.169	video	145	1
132.175	video	100	1
132.178	video	66	1
132.179	gaming	106	1
132.181	video	162	1
132.184	voip	15	1
132.193	video	65	1
132.197	video	40	1
132.2	video	40	1
132.204	video	113	1
132.212	video	121	1
132.223	gaming	99	2
132.224	video	75	1
132.228	video	75	1
132.234	gaming	150	1
132.241	video	115	1
132.245	video	76	1
132.247	voip	15	2
132.274	gaming	102	2
132.29	gaming	111	1
132.326	gaming	90	2
132.342	gaming	130	1
132.344	voip	15	1
132.345	video	63	1
132.347	video	48	1
132.355	video	48	1
132.36	video	144	1
132.371	video	44	1
132.385	gaming	275	2
132.386	video	69	1
132.387	video	52	1
132.397	video	72	1
132.4	gaming	268	1
132.402	video	48	1
132.408	voip	40	2
132.412	video	250	1
132.413	video	45	1
132.417	video	69	1
132.419	video	59	1
132.426	video	46	1
132.434	voip	40	2
132.439	video	204	1
132.443	video	149	1
132.445	gaming	202	2
132.448	video	54	1
132.452	gaming	176	1
132.46	video	50	1
132.461	voip	40	2
132.472	video	55	1
132.475	video	154	1
132.486	voip	40	2
132.504	gaming	99	2
132.504	voip	15	1
132.512	voip	40	2
132.515	gaming	155	1
132.539	voip	40	2
132.555	gaming	205	2
132.565	voip	40	2
132.566	gaming	83	1
132.575	video	68	1
132.587	video	68	1
132.591	voip	40	2
132.598	video	169	1
132.6	video	82	1
132.603	video	101	1
132.609	gaming	104	2
132.61	video	62	1
132.615	video	250	1
132.617	gaming	137	1
132.618	voip	40	2
132.625	video	41	1
132.628	video	68	1
132.632	video	57	1
132.638	video	45	1
132.643	video	250	1
132.644	voip	40	2
132.645	video	61	1
132.649	video	250	1
132.653	video	41	1
132.661	video	250	1
132.664	video	250	1
132.664	voip	15	1
132.666	gaming	140	2
132.668	video	250	1
132.67	voip	40	2
132.678	video	42	1
132.681	video	69	1
132.693	gaming	94	1
132.696	voip	40	2
132.722	voip	40	2
132.732	gaming	105	2
132.748	gaming	85	1
132.749	voip	40	2
132.775	voip	40	2
132.781	video	124	1
132.784	video	40	1
132.788	video	52	1
132.794	video	195	1
132.797	video	250	1
132.799	video	94	1
132.801	voip	40	2
132.803	gaming	88	2
132.805	video	250	1
132.808	gaming	87	1
132.816	video	171	1
132.822	video	250	1
132.824	voip	15	1
132.827	voip	40	2
132.833	video	61	1
132.837	video	55	1
132.843	video	43	1
132.846	video	82	1
132.853	voip	40	2
132.859	video	125	1
132.86	gaming	136	2
132.865	gaming	116	1
132.867	video	120	1
132.869	video	40	1
132.875	video	154	1
132.88	video	176	1
132.881	voip	40	2
132.882	video	47	1
132.887	video	193	1
132.906	voip	40	2
132.913	gaming	135	2
132.916	gaming	153	1
132.932	voip	40	2
132.958	voip	40	2
132.969	gaming	108	2
132.971	gaming	182	1
132.984	voip	15	1
132.985	voip	40	2
132.987	video	195	1
132.99	video	98	1
132.994	video	49	1
133	video	165	1
133.005	video	50	1
133.011	voip	40	2
133.018	video	47	1
133.021	video	43	1
133.024	video	136	1
133.03	gaming	170	2
133.035	gaming	137	1
133.036	video	41	1
133.037	voip	40	2
133.039	video	51	1
133.045	video	40	1
133.052	video	71	1
133.059	video	52	1
133.063	voip	40	2
133.064	video	47	1
133.077	video	111	1
133.089	gaming	102	2
133.09	video	96	1
133.091	voip	40	2
133.095	gaming	238	1
133.102	video	171	1
133.107	video	217	1
133.112	video	58	1
133.116	voip	40	2
133.124	video	214	1
133.139	gaming	208	1
133.142	gaming	260	2
133.143	voip	40	2
133.144	voip	15	1
133.168	voip	40	2
133.186	gaming	173	1
133.194	voip	40	2
133.201	gaming	87	2
133.221	voip	40	2
133.223	video	189	1
133.228	video	129	1
133.233	video	54	1
133.246	video	250	1
133.247	voip	40	2
133.249	video	103	1
133.252	video	74	1
133.253	gaming	140	1
133.255	video	55	1
133.258	video	48	1
133.26	gaming	138	2
133.262	video	47	1
133.265	video	97	1
133.269	video	78	1
133.273	voip	40	2
133.277	video	91	1
133.282	video	46	1
133.285	video	66	1
133.29	video	90	1
133.298	video	51	1
133.299	voip	40	2
133.303	video	44	1
133.304	voip	15	1
133.306	gaming	100	1
133.311	video	56	1
133.316	video	61	1
133.319	video	66	1
133.323	gaming	158	2
133.326	voip	40	2
133.352	voip	40	2
133.364	gaming	136	1
133.378	voip	40	2
133.393	gaming	283	2
133.404	voip	40	2
133.42	video	147	1
133.423	video	70	1
133.43	voip	40	2
133.432	video	47	1
133.437	video	250	1
133.438	gaming	147	1
133.439	video	40	1
133.446	video	81	1
133.449	gaming	112	2
133.45	video	55	1
133.451	video	79	1
133.455	video	250	1
133.456	video	59	1
133.457	voip	40	2
133.464	video	154	1
133.465	voip	15	1
133.47	video	54	1
133.482	video	68	1
133.483	voip	40	2
133.495	video	44	1
133.5	gaming	102	2
133.504	video	82	1
133.51	video	124	1
133.51	voip	40	2
133.512	gaming	156	1
133.513	video	65	1
133.523	video	57	1
133.535	video	59	1
133.536	voip	40	2
133.539	video	118	1
133.553	gaming	130	2
133.562	voip	40	2
133.57	gaming	98	1
133.588	voip	40	2
133.608	gaming	133	2
133.614	voip	40	2
133.624	voip	15	1
133.632	gaming	125	1
133.638	video	46	1
133.64	voip	40	2
133.651	video	52	1
133.657	video	65	1
133.662	video	129	1
133.667	voip	40	2
133.674	video	98	1
133.679	video	53	1
133.682	gaming	186	1
133.687	gaming	148	2
133.691	video	68	1
133.693	voip	40	2
133.697	video	123	1
133.7	video	40	1
133.706	video	46	1
133.714	video	58	1
133.718	video	250	1
133.719	voip	40	2
133.723	video	76	1
133.726	video	91	1
133.73	video	250	1
133.731	video	60	1
133.741	gaming	93	1
133.743	gaming	77	2
133.744	video	122	1
133.745	voip	40	2
133.747	video	73	1
133.75	video	53	1
133.753	video	66	1
133.771	voip	40	2
133.784	voip	40	1
133.798	voip	40	2
133.803	gaming	95	2
133.804	gaming	187	1
133.81	voip	40	1
133.824	voip	40	2
133.837	voip	40	1
133.85	voip	40	2
133.853	gaming	155	1
133.854	video	55	1
133.863	voip	40	1
133.866	video	111	1
133.87	gaming	89	2
133.876	voip	40	2
133.878	video	53	1
133.882	video	129	1
133.889	voip	40	1
133.891	video	250	1
133.893	video	41	1
133.896	video	88	1
133.899	video	62	1
133.904	video	250	1
133.904	voip	40	2
133.907	gaming	245	1
133.916	video	250	1
133.917	voip	40	1
133.918	video	46	1
133.921	video	123	1
133.924	video	100	1
133.929	voip	40	2
133.934	video	250	1
133.936	video	42	1
133.937	gaming	99	2
133.94	video	92	1
133.941	voip	40	1
133.945	video	57	1
133.952	video	80	1
133.955	voip	40	2
133.958	video	63	1
133.964	gaming	137	1
133.968	voip	40	1
133.971	video	82	1
133.981	voip	40	2
133.994	voip	40	1
134.008	voip	40	2
134.011	gaming	152	2
134.017	gaming	111	1
134.02	voip	40	1
134.034	voip	40	2
134.046	voip	40	1
134.06	voip	40	2
134.062	gaming	133	2
134.07	gaming	145	1
134.071	video	59	1
134.073	voip	40	1
134.075	video	208	1
134.083	video	88	1
134.086	video	41	1
134.086	voip	40	2
134.093	video	231	1
134.095	video	55	1
134.097	video	44	1
134.099	voip	40	1
134.11	video	94	1
134.112	voip	40	2
134.116	video	59	1
134.12	video	68	1
134.123	gaming	136	2
134.124	video	132	1
134.125	voip	40	1
134.126	video	49	1
134.129	gaming	172	1
134.13	video	64	1
134.133	video	54	1
134.137	video	155	1
134.139	voip	40	2
134.141	video	233	1
134.143	video	55	1
134.15	video	64	1
134.151	voip	40	1
134.155	video	46	1
134.159	video	104	1
134.165	voip	40	2
134.175	gaming	201	2
134.178	voip	40	1
134.183	gaming	148	1
134.191	voip	40	2
134.204	voip	40	1
134.217	voip	40	2
134.228	gaming	119	2
134.23	voip	40	1
134.236	gaming	200	1
134.244	voip	40	2
134.256	voip	40	1
134.26	video	250	1
134.262	video	63	1
134.265	video	144	1
134.268	video	52	1
134.27	voip	40	2
134.271	video	53	1
134.277	video	59	1
134.282	voip	40	1
134.289	gaming	271	1
134.29	gaming	102	2
134.291	video	46	1
134.294	video	86	1
134.296	voip	40	2
134.299	video	62	1
134.309	voip	40	1
134.311	video	69	1
134.315	video	49	1
134.319	video	129	1
134.322	voip	40	2
134.331	video	72	1
134.335	voip	40	1
134.336	video	46	1
134.341	video	66	1
134.346	video	57	1
134.348	gaming	126	1
134.349	gaming	103	2
134.35	voip	40	2
134.351	video	84	1
134.353	video	162	1
134.361	voip	40	1
134.365	video	98	1
134.368	video	55	1
134.375	voip	40	2
134.387	voip	40	1
134.401	voip	40	2
134.411	gaming	335	1
134.414	voip	40	1
134.415	gaming	125	2
134.427	voip	40	2
134.44	voip	40	1
134.453	voip	40	2
134.465	gaming	108	1
134.466	gaming	65	2
134.466	voip	40	1
134.468	video	46	1
134.48	voip	40	2
134.481	video	160	1
134.492	voip	40	1
134.495	video	250	1
134.496	video	64	1
134.506	voip	40	2
134.508	video	44	1
134.515	video	42	1
134.519	gaming	297	1
134.52	video	55	1
134.521	voip	40	1
134.524	gaming	83	2
134.527	video	172	1
134.532	voip	40	2
134.54	video	161	1
134.545	voip	40	1
134.55	video	127	1
134.552	video	114	1
134.555	video	46	1
134.558	voip	40	2
134.567	video	54	1
134.57	video	121	1
134.571	voip	40	1
134.576	video	102	1
134.577	gaming	87	1
134.579	gaming	151	2
134.58	video	107	1
134.582	video	42	1
134.585	voip	40	2
134.587	video	45	1
134.594	video	49	1
134.597	voip	40	1
134.6	video	250	1
134.611	voip	40	2
134.623	voip	15	1
134.629	gaming	100	1
134.635	gaming	139	2
134.637	voip	40	2
134.663	voip	40	2
134.682	gaming	74	1
134.689	voip	40	2
134.692	gaming	147	2
134.698	video	45	1
134.701	video	69	1
134.708	video	55	1
134.715	video	250	1
134.716	voip	40	2
134.727	video	141	1
134.739	video	52	1
134.741	gaming	68	1
134.742	video	56	1
134.743	voip	40	2
134.746	video	250	1
134.757	gaming	199	2
134.758	video	78	1
134.76	video	43	1
134.767	video	48	1
134.768	voip	40	2
134.772	video	124	1
134.779	video	40	1
134.782	video	52	1
134.783	voip	15	1
134.785	video	48	1
134.788	video	124	1
134.792	video	84	1
134.794	voip	40	2
134.804	video	69	1
134.809	video	250	1
134.811	gaming	115	1
134.82	video	42	1
134.821	gaming	120	2
134.822	voip	40	2
134.847	voip	40	2
134.87	gaming	149	1
134.873	voip	40	2
134.884	gaming	221	2
134.899	voip	40	2
134.921	video	250	1
134.923	video	78	1
134.926	video	153	1
134.927	voip	40	2
134.928	gaming	68	1
134.929	video	77	1
134.932	video	83	1
134.943	video	157	1
134.943	voip	15	1
134.945	gaming	161	2
134.952	voip	40	2
134.953	video	116	1
134.956	video	69	1
134.96	video	85	1
134.962	video	42	1
134.975	video	49	1
134.978	voip	40	2
134.979	video	71	1
134.981	gaming	132	1
134.981	video	55	1
134.984	video	74	1
134.996	video	65	1
135.004	voip	40	2
135.008	video	40	1
135.011	gaming	204	2
135.016	video	41	1
135.022	video	90	1
135.025	video	58	1
135.03	voip	40	2
135.034	video	80	1
135.035	gaming	82	1
135.057	voip	40	2
135.064	gaming	200	2
135.083	voip	40	2
135.091	gaming	158	1
135.103	voip	15	1
135.109	voip	40	2
135.119	gaming	107	2
135.134	video	42	1
135.135	voip	40	2
135.138	video	41	1
135.141	video	121	1
135.143	video	48	1
135.147	gaming	110	1
135.148	video	61	1
135.149	video	47	1
135.155	video	58	1
135.162	voip	40	2
135.165	video	150	1
135.179	video	250	1
135.185	video	87	1
135.187	gaming	218	2
135.188	video	51	1
135.188	voip	40	2
135.194	video	133	1
135.198	video	57	1
135.203	gaming	171	1
135.211	video	122	1
135.214	voip	40	2
135.215	video	53	1
135.22	video	122	1
135.225	video	40	1
135.232	video	105	1
135.24	video	250	1
135.241	voip	40	2
135.243	gaming	101	2
135.244	video	57	1
135.262	gaming	171	1
135.263	voip	15	1
135.267	voip	40	2
135.293	voip	40	2
135.298	gaming	84	2
135.319	voip	40	2
135.331	gaming	132	1
135.344	video	50	1
135.345	voip	40	2
135.347	video	76	1
135.35	video	106	1
135.362	gaming	155	2
135.363	video	94	1
135.367	video	47	1
135.372	video	250	1
135.373	voip	40	2
135.375	video	109	1
135.377	video	50	1
135.382	video	250	1
135.385	video	182	1
135.387	video	46	1
135.392	video	79	1
135.397	video	63	1
135.398	voip	40	2
135.4	video	91	1
135.405	gaming	140	1
135.406	video	67	1
135.41	video	199	1
135.418	video	120	1
135.421	video	64	1
135.423	voip	15	1
135.424	voip	40	2
135.428	video	113	1
135.432	video	105	1
135.444	gaming	261	2
135.45	voip	40	2
135.46	gaming	119	1
135.476	voip	40	2
135.497	gaming	184	2
135.503	voip	40	2
135.522	gaming	131	1
135.529	voip	40	2
135.531	video	46	1
135.537	video	110	1
135.539	video	73	1
135.546	gaming	204	2
135.552	video	120	1
135.554	video	45	1
135.555	voip	40	2
135.559	video	250	1
135.562	video	81	1
135.567	video	226	1
135.568	video	52	1
135.572	video	84	1
135.575	video	53	1
135.577	gaming	154	1
135.579	video	49	1
135.581	voip	40	2
135.583	voip	15	1
135.587	video	240	1
135.591	video	250	1
135.596	video	52	1
135.602	video	250	1
135.604	gaming	129	2
135.605	video	44	1
135.608	voip	40	2
135.608	video	49	1
135.621	video	119	1
135.632	gaming	180	1
135.633	video	53	1
135.634	voip	40	2
135.656	gaming	187	2
135.66	voip	40	2
135.686	voip	40	2
135.688	gaming	127	1
135.712	voip	40	2
135.714	gaming	86	2
135.734	video	173	1
135.739	voip	40	2
135.741	video	118	1
135.744	gaming	134	1
135.744	voip	15	1
135.754	video	107	1
135.765	voip	40	2
135.767	video	250	1
135.77	gaming	162	2
135.78	video	201	1
135.791	video	60	1
135.792	voip	40	2
135.794	video	65	1
135.798	video	43	1
135.804	gaming	114	1
135.805	video	139	1
135.808	video	250	1
135.812	video	53	1
135.816	video	48	1
135.817	voip	40	2
135.824	video	41	1
135.829	gaming	135	2
135.83	video	69	1
135.834	video	41	1
135.841	video	116	1
135.845	video	250	1
135.845	voip	40	2
135.848	video	168	1
135.849	video	43	1
135.853	video	72	1
135.87	voip	40	2
135.876	gaming	102	1
135.877	gaming	109	2
135.896	voip	40	2
135.903	voip	15	1
135.922	voip	40	2
135.936	gaming	223	1
135.937	gaming	125	2
135.949	voip	40	2
135.954	video	250	1
135.956	video	96	1
135.958	video	59	1
135.964	video	145	1
135.972	video	44	1
135.975	voip	40	2
135.984	gaming	86	1
135.986	video	94	1
135.996	gaming	127	2
135.998	video	94	1
136.001	video	91	1
136.001	voip	40	2
136.013	video	53	1
136.025	video	43	1
136.027	voip	40	2
136.028	video	82	1
136.035	gaming	166	1
136.041	video	46	1
136.05	gaming	106	2
136.053	video	45	1
136.054	voip	40	2
136.063	voip	15	1
136.065	video	53	1
136.07	video	41	1
136.073	video	93	1
136.077	video	90	1
136.08	voip	40	2
136.089	video	42	1
136.094	video	60	1
136.097	video	102	1
136.102	gaming	148	1
136.103	gaming	130	2
136.106	voip	40	2
136.132	voip	40	2
136.159	gaming	98	1
136.159	voip	40	2
136.16	gaming	65	2
136.185	voip	40	2
136.198	video	230	1
136.21	video	250	1
136.211	voip	40	2
136.215	gaming	147	1
136.22	video	45	1
136.223	voip	15	1
136.227	video	250	1
136.229	video	130	1
136.231	video	53	1
136.238	video	250	1
136.238	voip	40	2
136.241	video	250	1
136.243	video	250	1
136.245	video	139	1
136.249	video	51	1
136.255	video	42	1
136.257	gaming	67	2
136.263	video	179	1
136.263	voip	40	2
136.27	video	41	1
136.275	gaming	120	1
136.276	video	50	1
136.28	video	54	1
136.283	video	89	1
136.288	video	67	1
136.289	voip	40	2
136.291	video	46	1
136.299	video	88	1
136.316	gaming	153	2
136.317	voip	40	2
136.337	gaming	232	1
136.342	voip	40	2
136.368	voip	40	2
136.371	gaming	117	2
136.385	gaming	279	1
136.386	voip	15	1
136.394	voip	40	2
136.399	video	56	1
136.402	video	57	1
136.415	video	66	1
136.419	video	57	1
136.421	voip	40	2
136.427	video	92	1
136.439	gaming	131	2
136.44	video	53	1
136.441	video	56	1
136.445	video	49	1
136.447	voip	40	2
136.449	gaming	185	1
136.45	video	112	1
136.453	video	123	1
136.456	video	128	1
136.468	video	117	1
136.473	voip	40	2
136.474	video	51	1
136.483	video	41	1
136.486	video	51	1
136.5	video	250	1
136.501	voip	40	2
136.504	gaming	236	2
136.507	gaming	80	1
136.512	video	133	1
136.524	video	41	1
136.526	voip	40	2
136.528	video	49	1
136.533	video	195	1
136.543	voip	15	1
136.552	voip	40	2
136.56	gaming	107	2
136.566	gaming	253	1
136.578	voip	40	2
136.604	voip	40	2
136.616	gaming	216	2
136.627	gaming	113	1
136.63	voip	40	2
136.632	video	70	1
136.636	video	250	1
136.637	video	59	1
136.642	video	229	1
136.645	video	100	1
136.648	video	250	1
136.657	voip	40	2
136.661	video	250	1
136.667	video	44	1
136.669	gaming	227	2
136.677	video	78	1
136.68	video	96	1
136.683	voip	40	2
136.686	video	71	1
136.69	video	94	1
136.692	gaming	103	1
136.7	video	49	1
136.703	voip	15	1
136.71	video	250	1
136.711	voip	40	2
136.713	gaming	168	2
136.714	video	45	1
136.726	video	59	1
136.73	video	50	1
136.735	voip	40	2
136.738	video	64	1
136.746	gaming	158	1
136.747	video	69	1
136.749	video	74	1
136.762	voip	40	2
136.767	gaming	133	2
136.788	voip	40	2
136.795	gaming	127	1
136.814	voip	40	2
136.818	gaming	156	2
136.84	voip	40	2
136.848	video	40	1
136.85	gaming	172	1
136.855	video	74	1
136.858	video	42	1
136.863	voip	15	1
136.864	video	58	1
136.867	voip	40	2
136.868	video	71	1
136.872	video	173	1
136.877	video	250	1
136.881	video	250	1
136.883	gaming	190	2
136.884	video	102	1
136.893	voip	40	2
136.895	video	96	1
136.903	gaming	143	1
136.905	video	46	1
136.908	video	178	1
136.913	video	43	1
136.917	video	194	1
136.919	voip	40	2
136.921	video	108	1
136.923	video	51	1
136.929	video	250	1
136.932	video	67	1
136.936	video	51	1
136.939	video	73	1
136.945	voip	40	2
136.95	gaming	238	1
136.951	gaming	90	2
136.971	voip	40	2
136.998	gaming	97	2
136.998	voip	40	2
137.021	gaming	87	1
137.023	voip	15	1
137.024	voip	15	2
137.039	video	88	1
137.046	video	250	1
137.048	video	50	1
137.053	gaming	95	2
137.061	video	85	1
137.073	video	73	1
137.077	video	100	1
137.079	gaming	186	1
137.08	video	41	1
137.084	video	84	1
137.089	video	250	1
137.101	video	116	1
137.104	video	190	1
137.114	gaming	210	2
137.115	video	45	1
137.119	video	108	1
137.122	video	154	1
137.13	video	57	1
137.143	video	114	1
137.144	gaming	92	1
137.147	video	58	1
137.16	video	43	1
137.164	video	61	1
137.169	video	250	1
137.181	gaming	155	2
137.183	voip	15	1
137.184	voip	15	2
137.193	gaming	259	1
137.236	gaming	59	2
137.251	gaming	110	1
137.268	video	153	1
137.271	video	75	1
137.275	video	250	1
137.277	video	145	1
137.282	video	51	1
137.288	gaming	126	2
137.294	video	43	1
137.297	video	104	1
137.3	video	67	1
137.309	gaming	119	1
137.313	video	65	1
137.315	video	50	1
137.319	video	174	1
137.327	video	147	1
137.331	video	47	1
137.335	video	73	1
137.343	gaming	117	2
137.344	video	46	1
137.344	voip	15	1
137.345	voip	15	2
137.347	video	65	1
137.351	video	40	1
137.354	video	44	1
137.359	video	239	1
137.367	gaming	109	1
137.37	video	73	1
137.387	gaming	128	2
137.437	gaming	94	2
137.439	gaming	159	1
137.47	video	57	1
137.484	video	250	1
137.487	video	58	1
137.491	video	103	1
137.495	video	250	1
137.496	gaming	123	2
137.497	video	47	1
137.503	gaming	120	1
137.503	voip	40	1
137.504	voip	15	2
137.508	video	250	1
137.509	video	86	1
137.515	video	169	1
137.518	video	51	1
137.529	video	59	1
137.53	voip	40	1
137.532	video	43	1
137.536	video	54	1
137.54	video	93	1
137.548	gaming	199	2
137.552	video	62	1
137.556	voip	40	1
137.557	video	57	1
137.559	video	40	1
137.562	video	65	1
137.563	gaming	102	1
137.565	video	47	1
137.568	video	89	1
137.582	voip	40	1
137.598	gaming	122	2
137.608	voip	40	1
137.618	gaming	88	1
137.635	voip	40	1
137.656	gaming	86	2
137.661	voip	40	1
137.664	voip	15	2
137.669	video	250	1
137.671	gaming	104	1
137.672	video	60	1
137.676	video	57	1
137.681	video	250	1
137.684	video	79	1
137.687	voip	40	1
137.697	video	43	1
137.704	video	211	1
137.706	video	51	1
137.71	video	81	1
137.713	voip	40	1
137.719	video	40	1
137.723	video	97	1
137.724	gaming	147	2
137.725	video	70	1
137.738	gaming	130	1
137.739	video	43	1
137.74	voip	40	1
137.742	video	147	1
137.744	video	43	1
137.75	video	250	1
137.753	video	194	1
137.759	video	46	1
137.763	video	93	1
137.766	voip	40	1
137.767	video	110	1
137.779	gaming	252	2
137.792	gaming	198	1
137.793	voip	40	1
137.818	voip	40	1
137.824	voip	15	2
137.841	gaming	168	2
137.844	voip	40	1
137.849	gaming	168	1
137.867	video	56	1
137.871	video	76	1
137.871	voip	40	1
137.876	video	66	1
137.878	video	41	1
137.882	video	250	1
137.886	video	60	1
137.891	video	53	1
137.897	voip	40	1
137.9	video	250	1
137.902	gaming	213	1
137.905	video	250	1
137.906	gaming	99	2
137.907	video	57	1
137.909	video	56	1
137.916	video	60	1
137.92	video	250	1
137.922	video	49	1
137.923	voip	40	1
137.925	video	64	1
137.929	video	166	1
137.934	video	99	1
137.936	video	45	1
137.939	video	74	1
137.943	video	55	1
137.949	voip	40	1
137.958	gaming	158	1
137.969	gaming	74	2
137.976	voip	40	1
137.984	voip	15	2
138.002	voip	40	1
138.013	gaming	154	1
138.025	gaming	143	2
138.028	voip	40	1
138.045	video	250	1
138.048	video	63	1
138.053	video	250	1
138.054	voip	40	1
138.055	video	91	1
138.057	video	42	1
138.065	video	46	1
138.069	gaming	107	1
138.072	video	250	1
138.073	video	49	1
138.077	video	44	1
138.079	gaming	100	2
138.081	voip	40	1
138.09	video	58	1
138.093	video	109	1
138.097	video	67	1
138.104	video	90	1
138.107	voip	40	1
138.112	video	250	1
138.117	video	178	1
138.123	gaming	76	1
138.13	video	250	1
138.131	video	121	1
138.133	voip	40	1
138.136	video	250	1
138.138	gaming	154	2
138.145	video	250	1
138.146	voip	15	2
138.147	video	74	1
138.159	voip	40	1
138.177	gaming	134	1
138.185	voip	40	1
138.208	gaming	150	2
138.212	voip	40	1
138.236	gaming	110	1
138.238	voip	40	1
138.246	video	84	1
138.256	video	217	1
138.257	video	56	1
138.262	video	70	1
138.264	voip	40	1
138.267	video	250	1
138.272	gaming	107	2
138.277	video	62	1
138.282	video	81	1
138.289	video	250	1
138.29	video	67	1
138.291	voip	40	1
138.294	video	52	1
138.296	gaming	137	1
138.3	video	47	1
138.305	video	250	1
138.306	voip	15	2
138.307	video	50	1
138.311	video	69	1
138.313	video	49	1
138.317	voip	40	1
138.321	video	76	1
138.324	gaming	120	2
138.328	video	49	1
138.332	video	48	1
138.338	video	80	1
138.343	voip	40	1
138.351	video	114	1
138.353	gaming	169	1
138.369	voip	40	1
138.375	gaming	166	2
138.395	voip	40	1
138.415	gaming	130	1
138.421	voip	15	1
138.431	gaming	96	2
138.45	video	56	1
138.454	video	250	1
138.456	video	80	1
138.458	video	60	1
138.461	video	46	1
138.464	voip	15	2
138.465	video	43	1
138.469	gaming	189	1
138.475	video	192	1
138.487	video	142	1
138.493	gaming	180	2
138.498	video	44	1
138.503	video	52	1
138.516	video	111	1
138.524	gaming	107	1
138.53	video	250	1
138.534	video	75	1
138.538	video	111	1
138.541	video	59	1
138.545	video	148	1
138.546	gaming	138	2
138.55	video	164	1
138.555	video	68	1
138.562	video	54	1
138.569	video	79	1
138.581	gaming	116	1
138.581	voip	15	1
138.605	gaming	104	2
138.624	voip	15	2
138.643	gaming	138	1
138.669	video	44	1
138.672	gaming	263	2
138.673	video	42	1
138.678	video	206	1
138.683	video	44	1
138.696	video	44	1
138.699	video	45	1
138.703	video	51	1
138.706	gaming	142	1
138.707	video	121	1
138.718	video	40	1
138.727	video	58	1
138.732	video	40	1
138.734	gaming	122	2
138.741	voip	15	1
138.743	video	97	1
138.748	video	250	1
138.751	video	250	1
138.754	video	250	1
138.757	video	148	1
138.759	gaming	205	1
138.759	video	56	1
138.762	video	107	1
138.767	video	59	1
138.772	video	250	1
138.784	voip	15	2
138.786	gaming	145	2
138.811	gaming	205	1
138.84	gaming	149	2
138.867	gaming	143	1
138.871	video	160	1
138.874	video	107	1
138.876	video	60	1
138.883	video	244	1
138.886	video	51	1
138.893	video	78	1
138.901	voip	15	1
138.903	video	78	1
138.906	gaming	125	2
138.907	video	42	1
138.91	video	50	1
138.913	video	67	1
138.916	video	53	1
138.918	gaming	223	1
138.92	video	50	1
138.932	video	78	1
138.944	voip	15	2
138.945	video	138	1
138.95	video	67	1
138.954	video	75	1
138.957	video	74	1
138.958	gaming	78	2
138.96	video	82	1
138.972	video	63	1
138.976	video	66	1
138.977	gaming	131	1
139.016	gaming	75	2
139.041	gaming	155	1
139.061	voip	15	1
139.069	gaming	140	2
139.076	video	51	1
139.088	video	47	1
139.091	gaming	165	1
139.092	video	118	1
139.098	video	140	1
139.104	voip	15	2
139.106	video	179	1
139.111	video	86	1
139.114	video	41	1
139.116	gaming	158	2
139.117	video	43	1
139.129	video	61	1
139.135	video	48	1
139.141	video	47	1
139.144	video	78	1
139.148	video	137	1
139.15	gaming	179	1
139.151	video	41	1
139.162	video	47	1
139.169	video	59	1
139.171	gaming	173	2
139.173	video	212	1
139.176	video	117	1
139.19	video	250	1
139.197	video	250	1
139.204	gaming	247	1
139.223	gaming	231	2
139.223	voip	15	1
139.264	gaming	140	1
139.264	voip	15	2
139.281	gaming	130	2
139.297	video	250	1
139.3	video	250	1
139.302	video	48	1
139.307	video	90	1
139.31	video	50	1
139.314	gaming	106	1
139.323	video	144	1
139.325	video	50	1
139.328	video	43	1
139.331	video	114	1
139.336	video	71	1
139.338	gaming	153	2
139.34	video	219	1
139.342	video	41	1
139.352	video	47	1
139.356	video	77	1
139.362	video	74	1
139.365	video	59	1
139.37	video	84	1
139.372	video	42	1
139.377	gaming	94	1
139.378	video	67	1
139.381	voip	15	1
139.382	video	41	1
139.403	gaming	119	2
139.424	voip	15	2
139.434	gaming	136	1
139.459	gaming	121	2
139.482	video	79	1
139.496	video	250	1
139.504	gaming	105	1
139.505	video	77	1
139.51	video	64	1
139.514	video	133	1
139.515	gaming	85	2
139.516	video	43	1
139.524	video	178	1
139.527	video	71	1
139.529	video	57	1
139.541	voip	15	1
139.543	video	172	1
139.545	video	63	1
139.553	gaming	76	1
139.559	video	250	1
139.561	video	40	1
139.569	video	124	1
139.572	gaming	190	2
139.574	video	77	1
139.579	video	250	1
139.584	voip	15	2
139.587	video	49	1
139.59	video	40	1
139.597	video	82	1
139.603	video	250	1
139.617	gaming	117	2
139.618	gaming	88	1
139.677	gaming	116	2
139.682	gaming	149	1
139.701	video	45	1
139.702	voip	15	1
139.706	video	93	1
139.711	video	102	1
139.723	video	47	1
139.733	video	57	1
139.735	gaming	104	1
139.736	gaming	126	2
139.741	video	112	1
139.744	voip	15	2
139.746	video	175	1
139.756	video	71	1
139.762	video	71	1
139.769	video	133	1
139.772	video	54	1
139.785	gaming	165	1
139.787	video	143	1
139.788	video	74	1
139.793	video	60	1
139.795	video	58	1
139.802	gaming	152	2
139.806	video	142	1
139.81	video	47	1
139.815	video	250	1
139.817	video	53	1
139.822	video	250	1
139.846	gaming	165	1
139.857	gaming	131	2
139.861	voip	15	1
139.898	gaming	105	1
139.904	voip	15	2
139.909	gaming	107	2
139.921	video	92	1
139.923	video	93	1
139.928	video	210	1
139.939	video	45	1
139.949	video	59	1
139.95	gaming	89	1
139.955	video	250	1
139.963	video	110	1
139.965	video	92	1
139.967	gaming	206	2
139.969	video	74	1
139.973	video	250	1
139.975	video	45	1
139.982	video	65	1
139.987	video	59	1
139.99	video	46	1
139.993	video	43	1
140.003	video	49	1
140.007	video	68	1
140.009	video	67	1
140.013	gaming	169	1
140.014	video	67	1
140.018	video	178	1
140.021	gaming	182	2
140.022	voip	15	1
140.064	voip	15	2
140.07	gaming	65	1
140.081	gaming	226	2
140.117	video	53	1
140.121	video	40	1
140.127	gaming	194	2
140.129	video	182	1
140.131	video	158	1
140.134	video	96	1
140.14	gaming	107	1
140.14	video	48	1
140.153	video	52	1
140.158	video	228	1
140.161	video	107	1
140.163	video	40	1
140.168	video	72	1
140.171	video	46	1
140.178	video	52	1
140.182	video	56	1
140.182	voip	15	1
140.184	gaming	116	2
140.189	video	60	1
140.191	gaming	131	1
140.201	video	43	1
140.205	video	76	1
140.208	video	52	1
140.211	video	78	1
140.215	video	119	1
140.224	voip	15	2
140.241	gaming	121	2
140.267	gaming	151	1
140.302	gaming	101	2
140.314	video	40	1
140.32	video	67	1
140.323	video	61	1
140.332	video	63	1
140.334	gaming	134	1
140.339	video	45	1
140.341	voip	15	1
140.346	video	113	1
140.351	video	250	1
140.357	gaming	148	2
140.363	video	250	1
140.365	video	58	1
140.368	video	170	1
140.37	video	40	1
140.374	video	82	1
140.376	video	44	1
140.384	voip	15	2
140.386	gaming	91	1
140.389	video	41	1
140.392	video	168	1
140.394	video	68	1
140.399	video	250	1
140.403	video	250	1
140.406	video	40	1
140.41	video	58	1
140.416	gaming	158	2
140.437	gaming	140	1
140.479	gaming	125	2
140.499	gaming	275	1
140.501	voip	15	1
140.51	video	50	1
140.515	video	59	1
140.518	video	56	1
140.53	video	42	1
140.534	gaming	177	2
140.543	video	131	1
140.544	voip	15	2
140.546	video	45	1
140.549	gaming	149	1
140.55	video	40	1
140.553	video	75	1
140.558	video	83	1
140.562	video	250	1
140.564	video	54	1
140.569	video	250	1
140.572	video	64	1
140.576	video	250	1
140.583	video	42	1
140.586	gaming	212	2
140.587	video	68	1
140.596	video	47	1
140.602	video	55	1
140.611	gaming	196	1
140.614	video	73	1
140.624	video	94	1
140.642	gaming	70	2
140.661	voip	15	1
140.671	gaming	186	1
140.697	gaming	130	2
140.704	voip	15	2
140.724	video	65	1
140.727	video	122	1
140.731	gaming	143	1
140.739	video	50	1
140.743	gaming	195	2
140.744	video	52	1
140.748	video	181	1
140.753	video	46	1
140.76	video	54	1
140.765	video	91	1
140.77	video	60	1
140.774	video	54	1
140.78	video	64	1
140.782	video	58	1
140.786	video	40	1
140.788	gaming	182	1
140.8	video	201	1
140.802	gaming	177	2
140.813	video	250	1
140.82	video	250	1
140.821	voip	15	1
140.822	video	42	1
140.834	video	52	1
140.846	video	97	1
140.847	gaming	118	1
140.849	video	104	1
140.854	gaming	203	2
140.864	voip	15	2
140.903	gaming	102	1
140.918	gaming	191	2
140.948	video	48	1
140.951	video	48	1
140.955	video	44	1
140.96	video	210	1
140.966	video	58	1
140.969	video	83	1
140.976	gaming	144	1
140.977	gaming	139	2
140.978	video	53	1
140.981	voip	15	1
140.991	video	62	1
140.995	video	136	1
141	video	250	1
141.004	video	46	1
141.01	video	41	1
141.021	video	40	1
141.024	voip	15	2
141.028	video	48	1
141.031	gaming	261	2
141.033	video	231	1
141.038	video	250	1
141.042	video	49	1
141.043	gaming	118	1
141.055	video	111	1
141.058	video	158	1
141.06	video	43	1
141.079	gaming	155	2
141.098	gaming	204	1
141.136	gaming	146	2
141.141	voip	15	1
141.148	gaming	96	1
141.161	video	129	1
141.166	video	227	1
141.169	video	62	1
141.172	video	133	1
141.182	video	63	1
141.184	voip	15	2
141.191	gaming	198	2
141.193	video	90	1
141.2	gaming	185	1
141.203	video	250	1
141.205	video	48	1
141.208	video	152	1
141.211	video	100	1
141.216	video	102	1
141.22	video	72	1
141.222	video	41	1
141.23	video	49	1
141.233	video	54	1
141.236	video	69	1
141.242	video	102	1
141.244	video	43	1
141.248	gaming	114	1
141.257	video	57	1
141.261	gaming	162	2
141.262	video	50	1
141.301	voip	15	1
141.311	gaming	249	2
141.316	gaming	147	1
141.344	voip	15	2
141.363	video	99	1
141.365	video	43	1
141.368	gaming	185	1
141.369	video	57	1
141.377	gaming	155	2
141.38	video	43	1
141.385	video	55	1
141.39	video	124	1
141.394	video	150	1
141.406	video	97	1
141.41	video	55	1
141.413	video	57	1
141.417	video	43	1
141.42	gaming	86	1
141.421	video	52	1
141.423	video	40	1
141.427	gaming	135	2
141.428	video	45	1
141.429	video	47	1
141.433	video	66	1
141.445	video	64	1
141.453	video	41	1
141.456	video	60	1
141.461	voip	15	1
141.469	video	44	1
141.47	gaming	77	1
141.483	gaming	77	2
141.504	voip	40	2
141.521	gaming	174	1
141.53	voip	40	2
141.542	gaming	123	2
141.556	voip	40	2
141.569	video	66	1
141.579	gaming	266	1
141.58	video	90	1
141.583	voip	40	2
141.591	video	91	1
141.597	video	250	1
141.602	gaming	137	2
141.603	video	41	1
141.609	voip	40	2
141.613	video	100	1
141.615	video	40	1
141.621	voip	15	1
141.625	gaming	83	1
141.629	video	224	1
141.631	video	40	1
141.635	voip	40	2
141.643	video	69	1
141.655	gaming	132	2
141.656	video	40	1
141.661	voip	15	2
141.663	video	50	1
141.669	video	46	1
141.676	video	47	1
141.679	gaming	271	1
141.68	video	98	1
141.685	video	53	1
141.69	video	104	1
141.693	video	73	1
141.696	video	57	1
141.7	video	128	1
141.714	gaming	136	2
141.729	gaming	74	1
141.767	gaming	114	2
141.781	gaming	137	1
141.782	voip	40	1
141.801	video	250	1
141.809	video	200	1
141.809	voip	40	1
141.816	gaming	101	2
141.821	video	250	1
141.821	voip	15	2
141.823	video	143	1
141.832	gaming	181	1
141.834	voip	40	1
141.835	video	110	1
141.838	video	119	1
141.843	video	250	1
141.844	video	41	1
141.849	video	42	1
141.858	video	215	1
141.86	voip	40	1
141.862	video	60	1
141.865	video	58	1
141.867	gaming	106	2
141.876	video	41	1
141.878	video	42	1
141.881	gaming	91	1
141.885	video	77	1
141.886	voip	40	1
141.889	video	89	1
141.894	video	112	1
141.898	video	41	1
141.902	video	100	1
141.905	video	63	1
141.913	voip	40	1
141.922	gaming	168	2
141.931	gaming	132	1
141.939	voip	40	1
141.965	voip	40	1
141.981	voip	15	2
141.988	gaming	142	2
141.99	gaming	125	1
141.991	voip	40	1
142.005	video	40	1
142.017	video	59	1
142.018	voip	40	1
142.027	video	78	1
142.039	video	70	1
142.042	video	147	1
142.044	voip	40	1
142.046	video	250	1
142.048	gaming	201	2
142.05	video	52	1
142.053	video	47	1
142.059	gaming	150	1
142.06	video	58	1
142.063	video	51	1
142.066	video	91	1
142.069	video	189	1
142.07	voip	40	1
142.072	video	46	1
142.078	video	61	1
142.084	video	65	1
142.09	video	44	1
142.096	voip	40	1
142.1	video	206	1
142.11	gaming	160	2
142.111	video	82	1
142.116	video	181	1
142.122	gaming	117	1
142.122	voip	40	1
142.127	video	46	1
142.141	voip	40	2
142.149	voip	40	1
142.168	voip	40	2
142.174	gaming	183	2
142.175	voip	40	1
142.189	gaming	93	1
142.194	voip	40	2
142.201	voip	40	1
142.22	voip	40	2
142.228	video	107	1
142.229	voip	40	1
142.232	gaming	150	2
142.235	video	183	1
142.238	video	117	1
142.244	video	56	1
142.246	voip	40	2
142.248	gaming	116	1
142.254	voip	40	1
142.256	video	250	1
142.264	video	64	1
142.272	voip	40	2
142.276	video	49	1
142.279	video	52	1
142.28	voip	40	1
142.286	video	250	1
142.288	gaming	73	2
142.297	video	46	1
142.299	voip	40	2
142.3	video	51	1
142.302	gaming	109	1
142.305	video	55	1
142.306	voip	40	1
142.311	video	77	1
142.315	video	77	1
142.325	voip	40	2
142.326	video	81	1
142.332	voip	40	1
142.339	video	97	1
142.342	video	44	1
142.345	gaming	107	2
142.346	video	56	1
142.351	video	64	1
142.351	voip	40	2
142.354	video	51	1
142.359	voip	40	1
142.362	gaming	140	1
142.377	voip	40	2
142.385	voip	40	1
142.4	gaming	201	2
142.404	voip	40	2
142.411	voip	40	1
142.415	gaming	184	1
142.43	voip	40	2
142.437	voip	40	1
142.447	gaming	156	2
142.454	video	76	1
142.456	voip	40	2
142.457	video	46	1
142.462	video	250	1
142.463	voip	40	1
142.464	video	41	1
142.467	gaming	107	1
142.467	video	47	1
142.473	video	250	1
142.475	video	44	1
142.478	video	47	1
142.481	video	115	1
142.482	voip	40	2
142.49	video	250	1
142.49	voip	40	1
142.5	video	93	1
142.503	gaming	208	2
142.509	voip	40	2
142.511	video	127	1
142.515	video	49	1
142.516	voip	40	1
142.527	video	250	1
142.533	gaming	111	1
142.535	voip	40	2
142.539	video	212	1
142.542	voip	40	1
142.546	video	250	1
142.55	video	117	1
142.559	video	127	1
142.561	voip	40	2
142.568	voip	40	1
142.57	gaming	133	2
142.571	video	50	1
142.575	video	89	1
142.582	gaming	142	1
142.587	voip	40	2
142.595	voip	40	1
142.613	voip	40	2
142.621	voip	40	1
142.628	gaming	126	2
142.639	gaming	104	1
142.64	voip	40	2
142.647	voip	40	1
142.666	voip	40	2
142.673	voip	40	1
142.676	video	250	1
142.677	video	60	1
142.684	video	41	1
142.692	video	82	1
142.693	voip	40	2
142.697	video	62	1
142.7	voip	40	1
142.704	gaming	135	1
142.71	video	75	1
142.712	gaming	170	2
142.713	video	65	1
142.716	video	73	1
142.718	voip	40	2
142.722	video	54	1
142.726	video	79	1
142.727	voip	40	1
142.732	video	43	1
142.737	video	54	1
142.742	video	249	1
142.745	voip	40	2
142.752	voip	40	1
142.754	video	115	1
142.759	video	209	1
142.761	video	56	1
142.762	gaming	80	1
142.764	video	137	1
142.771	voip	40	2
142.777	video	165	1
142.778	voip	40	1
142.779	video	50	1
142.785	gaming	130	2
142.791	video	78	1
142.797	voip	40	2
142.804	voip	40	1
142.819	gaming	246	1
142.823	voip	40	2
142.831	voip	40	1
142.838	gaming	198	2
142.849	voip	40	2
142.857	voip	40	1
142.876	voip	40	2
142.883	voip	40	1
142.891	video	55	1
142.895	video	44	1
142.901	video	41	1
142.902	voip	40	2
142.904	gaming	179	1
142.905	video	82	1
142.909	gaming	186	2
142.91	video	50	1
142.911	voip	40	1
142.912	video	65	1
142.915	video	53	1
142.921	video	49	1
142.924	video	45	1
142.928	voip	40	2
142.932	video	55	1
142.935	video	101	1
142.936	voip	40	1
142.938	video	79	1
142.943	video	88	1
142.946	video	57	1
142.954	voip	40	2
142.958	video	70	1
142.962	voip	40	1
142.965	video	91	1
142.966	gaming	96	1
142.968	gaming	132	2
142.969	video	104	1
142.973	video	48	1
142.981	video	250	1
142.982	voip	15	2
142.988	voip	40	1
142.989	video	64	1
143.013	gaming	89	1
143.014	voip	40	1
143.023	gaming	159	2
143.041	voip	40	1
143.064	gaming	152	1
143.067	voip	40	1
143.083	gaming	149	2
143.09	video	131	1
143.092	video	47	1
143.093	voip	40	1
143.105	video	40	1
143.109	video	44	1
143.116	video	209	1
143.118	gaming	109	1
143.119	voip	40	1
143.12	video	85	1
143.123	video	50	1
143.126	video	65	1
143.135	video	58	1
143.137	video	44	1
143.14	voip	15	2
143.145	video	132	1
143.145	voip	40	1
143.15	video	45	1
143.151	gaming	65	2
143.155	video	250	1
143.156	video	90	1
143.168	video	54	1
143.173	video	250	1
143.174	voip	40	1
143.175	gaming	75	1
143.176	video	41	1
143.181	video	41	1
143.185	video	217	1
143.193	video	60	1
143.198	voip	40	1
143.2	gaming	155	2
143.224	voip	40	1
143.23	gaming	252	1
143.247	gaming	133	2
143.25	voip	15	1
143.291	gaming	160	1
143.293	video	42	1
143.3	voip	15	2
143.302	video	145	1
143.308	gaming	152	2
143.309	video	123	1
143.312	video	41	1
143.317	video	44	1
143.325	video	83	1
143.333	video	76	1
143.345	gaming	138	1
143.346	video	78	1
143.351	video	76	1
143.354	video	56	1
143.357	gaming	124	2
143.358	video	83	1
143.37	video	166	1
143.374	video	202	1
143.378	video	54	1
143.391	video	42	1
143.394	video	47	1
143.399	video	58	1
143.403	gaming	148	1
143.404	video	116	1
143.41	voip	15	1
143.412	video	69	1
143.415	gaming	170	2
143.417	video	93	1
143.452	gaming	142	1
143.46	voip	15	2
143.465	gaming	133	2
143.517	video	50	1
143.519	gaming	170	1
143.523	video	250	1
143.526	gaming	279	2
143.527	video	124	1
143.539	video	143	1
143.543	video	250	1
143.553	video	41	1
143.563	video	42	1
143.567	video	79	1
143.57	voip	15	1
143.571	video	40	1
143.573	gaming	148	1
143.576	video	184	1
143.588	gaming	103	2
143.588	video	47	1
143.593	video	174	1
143.603	video	129	1
143.606	video	116	1
143.608	video	57	1
143.62	video	48	1
143.621	voip	40	2
143.633	video	51	1
143.638	gaming	117	2
143.64	video	107	1
143.644	video	40	1
143.647	voip	40	2
143.648	video	48	1
143.651	gaming	201	1
143.673	voip	40	2
143.699	voip	40	2
143.706	gaming	100	2
143.707	gaming	91	1
143.726	voip	40	2
143.73	voip	15	1
143.748	video	107	1
143.752	voip	40	2
143.76	gaming	203	2
143.762	video	135	1
143.764	video	116	1
143.766	video	41	1
143.772	video	149	1
143.773	gaming	69	1
143.775	video	83	1
143.778	voip	40	2
143.787	video	52	1
143.801	video	250	1
143.802	video	44	1
143.804	voip	40	2
143.807	video	84	1
143.812	video	140	1
143.814	gaming	141	2
143.815	video	40	1
143.818	video	146	1
143.828	gaming	141	1
143.83	video	67	1
143.83	voip	15	2
143.842	video	65	1
143.847	video	250	1
143.848	video	41	1
143.857	video	65	1
143.86	video	101	1
143.863	video	58	1
143.88	gaming	146	2
143.882	gaming	179	1
143.89	voip	15	1
143.934	gaming	82	2
143.939	gaming	127	1
143.964	video	194	1
143.97	video	125	1
143.972	video	53	1
143.975	video	63	1
143.98	video	41	1
143.987	video	250	1
143.989	gaming	178	2
143.99	video	55	1
143.991	voip	15	2
143.997	video	111	1
144.006	gaming	113	1
144.006	video	47	1
144.017	video	52	1
144.023	video	74	1
144.026	video	86	1
144.032	video	94	1
144.035	video	47	1
144.038	video	67	1
144.049	gaming	172	2
144.05	voip	15	1
144.051	video	108	1
144.054	video	50	1
144.058	video	52	1
144.061	gaming	99	1
144.062	video	90	1
144.066	video	48	1
144.1	gaming	116	2
144.114	gaming	141	1
144.148	gaming	150	2
144.15	voip	15	2
144.166	video	43	1
144.169	video	48	1
144.172	gaming	212	1
144.175	video	250	1
144.176	video	73	1
144.181	video	87	1
144.185	video	42	1
144.195	video	57	1
144.199	video	68	1
144.203	video	250	1
144.204	gaming	130	2
144.208	video	84	1
144.21	voip	15	1
144.213	video	40	1
144.225	gaming	170	1
144.226	video	83	1
144.228	video	52	1
144.231	video	185	1
144.237	video	84	1
144.24	video	101	1
144.246	video	88	1
144.249	video	67	1
144.252	video	88	1
144.257	video	40	1
144.258	gaming	87	2
144.294	gaming	155	1
144.31	voip	15	2
144.328	gaming	126	2
144.353	gaming	94	1
144.359	video	197	1
144.362	video	116	1
144.37	video	47	1
144.371	voip	15	1
144.373	video	48	1
144.38	gaming	109	2
144.386	video	89	1
144.4	video	250	1
144.406	video	250	1
144.407	gaming	79	1
144.411	video	135	1
144.413	video	46	1
144.416	video	40	1
144.427	video	45	1
144.431	video	173	1
144.432	gaming	86	2
144.433	video	99	1
144.445	video	54	1
144.453	video	250	1
144.464	video	47	1
144.47	voip	15	2
144.473	video	250	1
144.475	gaming	139	1
144.476	video	53	1
144.481	video	74	1
144.487	video	115	1
144.496	gaming	90	2
144.529	gaming	100	1
144.53	voip	15	1
144.56	gaming	88	2
144.586	video	45	1
144.588	gaming	104	1
144.592	video	44	1
144.605	video	56	1
144.615	video	42	1
144.619	video	59	1
144.627	video	250	1
144.63	voip	15	2
144.632	video	128	1
144.634	gaming	217	2
144.636	video	250	1
144.638	video	40	1
144.641	video	54	1
144.649	gaming	131	1
144.653	video	65	1
144.657	video	238	1
144.669	video	85	1
144.673	video	49	1
144.676	video	53	1
144.687	gaming	144	2
144.689	video	57	1
144.69	voip	15	1
144.694	video	191	1
144.696	video	46	1
144.699	video	65	1
144.701	gaming	120	1
144.704	video	54	1
144.75	gaming	123	2
144.775	gaming	111	1
144.79	voip	15	2
144.794	gaming	161	2
144.804	video	66	1
144.808	video	75	1
144.812	video	79	1
144.824	video	43	1
144.829	gaming	117	1
144.83	video	97	1
144.832	video	66	1
144.839	video	250	1
144.842	gaming	123	2
144.843	video	42	1
144.847	video	77	1
144.85	voip	15	1
144.854	video	44	1
144.86	video	189	1
144.872	video	84	1
144.875	video	45	1
144.883	gaming	165	1
144.884	video	42	1
144.885	video	82	1
144.89	video	46	1
144.898	gaming	117	2
144.904	video	233	1
144.907	video	43	1
144.921	video	250	1
144.932	video	61	1
144.94	gaming	144	1
144.95	voip	15	2
144.959	gaming	140	2
145.009	gaming	144	1
145.01	voip	15	1
145.017	gaming	129	2
145.032	video	51	1
145.041	video	63	1
145.051	video	115	1
145.053	video	49	1
145.06	video	75	1
145.065	video	208	1
145.068	gaming	280	1
145.069	gaming	118	2
145.077	video	95	1
145.079	video	60	1
145.086	video	63	1
145.089	video	82	1
145.093	video	61	1
145.096	video	47	1
145.109	video	44	1
145.11	voip	15	2
145.112	video	40	1
145.116	video	175	1
145.118	video	43	1
145.128	video	209	1
145.13	gaming	113	1
145.131	gaming	154	2
145.132	video	40	1
145.145	video	52	1
145.152	video	250	1
145.17	voip	15	1
145.184	gaming	103	2
145.191	gaming	248	1
145.232	gaming	135	2
145.242	gaming	165	1
145.251	video	149	1
145.26	video	80	1
145.267	video	105	1
145.27	video	131	1
145.271	voip	15	2
145.274	video	43	1
145.276	video	40	1
145.282	video	250	1
145.283	video	52	1
145.286	video	43	1
145.289	gaming	110	2
145.291	video	228	1
145.292	video	107	1
145.295	video	42	1
145.296	gaming	77	1
145.298	video	110	1
145.302	video	250	1
145.303	video	41	1
145.307	video	51	1
145.311	video	123	1
145.324	video	93	1
145.328	video	231	1
145.33	voip	15	1
145.332	video	49	1
145.343	gaming	138	2
145.359	gaming	95	1
145.408	gaming	130	2
145.423	gaming	179	1
145.43	voip	15	2
145.431	video	41	1
145.436	video	250	1
145.439	video	41	1
145.443	video	104	1
145.447	video	49	1
145.455	video	57	1
145.459	video	53	1
145.462	video	60	1
145.463	gaming	152	2
145.467	video	65	1
145.48	video	123	1
145.483	video	52	1
145.486	video	40	1
145.489	gaming	140	1
145.49	voip	15	1
145.499	video	96	1
145.501	video	64	1
145.504	video	48	1
145.516	video	45	1
145.52	video	64	1
145.526	gaming	153	2
145.532	video	102	1
145.535	video	40	1
145.541	video	138	1
145.544	gaming	69	1
145.586	gaming	150	2
145.59	voip	15	2
145.601	gaming	104	1
145.641	video	165	1
145.642	gaming	85	2
145.647	video	60	1
145.65	voip	40	1
145.652	video	40	1
145.658	video	40	1
145.661	video	105	1
145.666	video	239	1
145.668	gaming	178	1
145.669	video	44	1
145.674	video	47	1
145.677	voip	40	1
145.679	video	250	1
145.69	video	89	1
145.694	video	70	1
145.7	gaming	141	2
145.703	voip	40	1
145.706	video	49	1
145.71	video	47	1
145.714	video	55	1
145.717	video	46	1
145.722	video	99	1
145.728	video	250	1
145.729	voip	40	1
145.73	video	123	1
145.74	gaming	93	1
145.742	video	93	1
145.745	video	51	1
145.75	voip	15	2
145.755	voip	40	1
145.764	gaming	206	2
145.781	voip	40	1
145.794	gaming	161	1
145.808	voip	40	1
145.818	gaming	195	2
145.834	voip	40	1
145.845	video	50	1
145.847	gaming	141	1
145.85	video	40	1
145.854	video	45	1
145.86	voip	40	1
145.868	video	174	1
145.87	video	57	1
145.875	gaming	215	2
145.876	video	175	1
145.877	video	57	1
145.88	video	49	1
145.884	video	191	1
145.886	video	55	1
145.887	voip	40	1
145.899	video	91	1
145.905	video	250	1
145.907	gaming	191	1
145.908	video	68	1
145.91	voip	15	2
145.913	voip	40	1
145.921	video	146	1
145.923	video	165	1
145.925	gaming	151	2
145.935	video	49	1
145.939	voip	40	1
145.948	video	54	1
145.96	gaming	127	1
145.961	video	44	1
145.965	video	250	1
145.966	voip	40	1
145.969	video	49	1
145.988	gaming	87	2
145.991	voip	40	1
146.017	gaming	90	1
146.018	voip	40	1
146.044	voip	40	1
146.048	gaming	173	2
146.066	gaming	82	1
146.071	video	250	1
146.072	voip	40	1
146.072	voip	15	2
146.084	video	250	1
146.085	video	58	1
146.089	video	72	1
146.094	video	105	1
146.096	voip	40	1
146.104	video	81	1
146.106	video	52	1
146.107	gaming	154	2
146.11	video	99	1
146.122	video	96	1
146.123	voip	40	1
146.128	video	219	1
146.132	gaming	124	1
146.133	video	45	1
146.136	video	129	1
146.145	video	128	1
146.149	voip	40	1
146.156	video	93	1
146.159	video	67	1
146.164	gaming	336	2
146.167	video	250	1
146.171	video	43	1
146.175	video	125	1
146.176	voip	40	1
146.178	video	73	1
146.181	video	62	1
146.192	gaming	174	1
146.201	voip	40	1
146.213	gaming	162	2
146.227	voip	40	1
146.23	voip	15	2
146.254	voip	40	1
146.261	gaming	104	1
146.268	gaming	142	2
146.28	voip	40	1
146.281	video	44	1
146.294	video	65	1
146.307	video	226	1
146.308	voip	40	1
146.313	gaming	114	1
146.319	video	110	1
146.321	video	40	1
146.324	video	42	1
146.33	video	58	1
146.332	voip	40	1
146.333	video	81	1
146.336	video	49	1
146.338	gaming	110	2
146.339	video	49	1
146.351	video	70	1
146.356	video	250	1
146.358	video	45	1
146.359	voip	40	1
146.361	video	52	1
146.364	video	47	1
146.37	video	68	1
146.374	video	115	1
146.377	video	50	1
146.38	video	56	1
146.381	gaming	123	1
146.384	video	84	1
146.385	voip	40	1
146.39	voip	15	2
146.392	gaming	125	2
146.411	voip	40	1
146.437	voip	40	1
146.445	gaming	112	2
146.45	gaming	182	1
146.463	voip	40	1
146.485	video	202	1
146.487	video	40	1
146.49	voip	40	1
146.492	video	193	1
146.498	video	47	1
146.502	gaming	96	2
146.503	video	105	1
146.505	gaming	170	1
146.509	video	96	1
146.516	voip	40	1
146.52	video	48	1
146.532	video	105	1
146.536	video	250	1
146.541	video	89	1
146.542	voip	40	1
146.549	video	130	1
146.55	voip	15	2
146.552	video	103	1
146.562	gaming	124	1
146.563	gaming	108	2
146.564	video	52	1
146.569	video	236	1
146.569	voip	40	1
146.575	video	47	1
146.578	video	44	1
146.583	video	58	1
146.586	video	113	1
146.592	video	49	1
146.595	voip	40	1
146.597	video	250	1
146.614	gaming	159	1
146.617	gaming	354	2
146.621	voip	40	1
146.647	voip	40	1
146.673	gaming	159	2
146.674	voip	40	1
146.68	gaming	106	1
146.696	video	103	1
146.7	voip	40	1
146.703	video	52	1
146.706	video	137	1
146.708	video	51	1
146.71	voip	15	2
146.713	video	145	1
146.718	video	250	1
146.722	video	237	1
146.724	video	60	1
146.726	voip	40	1
146.728	video	101	1
146.73	gaming	123	2
146.732	gaming	92	1
146.735	video	60	1
146.74	video	250	1
146.747	video	205	1
146.751	video	40	1
146.752	voip	40	1
146.763	video	47	1
146.776	video	106	1
146.779	gaming	240	2
146.779	voip	40	1
146.782	video	250	1
146.784	video	67	1
146.787	video	99	1
146.794	video	59	1
146.799	video	82	1
146.804	voip	40	1
146.806	gaming	81	1
146.824	gaming	103	2
146.831	voip	40	1
146.856	gaming	120	1
146.857	voip	40	1
146.87	voip	15	2
146.883	gaming	139	2
146.884	voip	40	1
146.899	video	148	1
146.902	video	62	1
146.905	video	52	1
146.909	video	41	1
146.91	voip	40	1
146.913	video	96	1
146.918	gaming	126	1
146.922	video	69	1
146.926	video	175	1
146.928	video	57	1
146.93	video	46	1
146.934	video	70	1
146.936	voip	40	1
146.94	video	101	1
146.943	video	81	1
146.945	gaming	55	2
146.948	video	42	1
146.955	video	62	1
146.958	video	103	1
146.962	voip	40	1
146.969	video	50	1
146.972	video	51	1
146.975	video	51	1
146.98	gaming	150	1
146.981	video	41	1
146.986	video	250	1
146.988	voip	40	1
147.005	gaming	86	2
147.014	voip	40	1
147.03	voip	15	2
147.041	voip	40	1
147.05	gaming	98	1
147.067	voip	40	1
147.068	gaming	74	2
147.084	video	62	1
147.092	video	137	1
147.093	voip	40	1
147.094	video	46	1
147.098	video	132	1
147.103	video	250	1
147.107	gaming	235	1
147.109	video	49	1
147.114	video	54	1
147.119	voip	40	1
147.126	video	90	1
147.133	video	198	1
147.135	video	49	1
147.139	video	123	1
147.143	gaming	95	2
147.145	voip	40	1
147.147	video	148	1
147.15	video	250	1
147.154	video	125	1
147.157	video	217	1
147.16	video	159	1
147.162	gaming	118	1
147.172	voip	40	1
147.173	video	68	1
147.178	video	104	1
147.181	video	95	1
147.185	video	65	1
147.19	voip	40	2
147.198	voip	40	1
147.199	gaming	105	2
147.217	voip	40	2
147.222	gaming	137	1
147.224	voip	40	1
147.243	voip	40	2
147.25	voip	40	1
147.267	gaming	116	2
147.269	voip	40	2
147.277	voip	40	1
147.279	gaming	124	1
147.285	video	40	1
147.289	video	187	1
147.29	video	57	1
147.293	video	58	1
147.295	voip	40	2
147.298	video	59	1
147.304	video	250	1
147.305	voip	40	1
147.315	gaming	196	2
147.316	video	80	1
147.32	video	102	1
147.322	voip	40	2
147.324	video	231	1
147.326	gaming	155	1
147.327	video	83	1
147.329	voip	40	1
147.34	video	235	1
147.345	video	53	1
147.348	voip	40	2
147.349	video	96	1
147.352	video	47	1
147.355	video	113	1
147.356	voip	40	1
147.36	video	41	1
147.368	video	88	1
147.369	gaming	105	2
147.371	video	82	1
147.375	video	196	1
147.375	voip	40	2
147.38	gaming	121	1
147.38	video	43	1
147.381	voip	40	1
147.4	voip	40	2
147.408	voip	40	1
147.422	gaming	113	2
147.427	voip	40	2
147.434	voip	40	1
147.452	gaming	169	1
147.453	voip	40	2
147.46	voip	40	1
147.47	gaming	53	2
147.479	voip	40	2
147.48	video	71	1
147.483	video	90	1
147.486	voip	40	1
147.493	video	55	1
147.498	video	54	1
147.503	video	48	1
147.505	gaming	192	1
147.506	voip	40	2
147.509	video	75	1
147.512	video	49	1
147.513	voip	40	1
147.519	video	124	1
147.523	gaming	66	2
147.532	video	123	1
147.533	voip	40	2
147.536	video	250	1
147.54	video	250	1
147.541	voip	40	1
147.548	video	110	1
147.552	video	210	1
147.558	gaming	167	1
147.559	voip	40	2
147.564	video	124	1
147.565	voip	40	1
147.568	video	250	1
147.578	video	57	1
147.582	video	207	1
147.584	voip	15	2
147.586	gaming	84	2
147.591	voip	40	1
147.595	video	250	1
147.597	video	57	1
147.601	video	41	1
147.618	voip	40	1
147.624	gaming	134	1
147.644	voip	40	1
147.648	gaming	118	2
147.67	voip	40	1
147.692	gaming	105	1
147.696	voip	40	1
147.702	video	156	1
147.713	video	51	1
147.722	voip	40	1
147.724	video	183	1
147.727	video	76	1
147.732	gaming	220	2
147.733	video	73	1
147.742	video	104	1
147.744	voip	15	2
147.745	gaming	104	1
147.748	video	56	1
147.749	voip	40	1
147.756	video	250	1
147.763	video	72	1
147.769	video	250	1
147.772	video	166	1
147.775	voip	40	1
147.776	video	88	1
147.782	gaming	247	2
147.787	video	250	1
147.79	video	77	1
147.794	video	250	1
147.797	video	83	1
147.799	video	54	1
147.801	gaming	142	1
147.802	voip	40	1
147.813	video	250	1
147.817	video	44	1
147.823	video	107	1
147.827	voip	40	1
147.854	gaming	179	2
147.855	voip	40	1
147.859	gaming	139	1
147.88	voip	40	1
147.904	voip	15	2
147.906	voip	40	1
147.923	gaming	98	2
147.923	video	57	1
147.928	video	163	1
147.93	video	82	1
147.931	gaming	69	1
147.932	voip	40	1
147.935	video	179	1
147.939	video	43	1
147.947	video	47	1
147.951	video	211	1
147.953	video	83	1
147.959	voip	40	1
147.96	video	54	1
147.963	video	56	1
147.976	video	250	1
147.984	gaming	123	1
147.985	voip	40	1
147.987	video	45	1
147.99	video	54	1
147.993	video	43	1
147.997	gaming	156	2
148.007	video	160	1
148.011	video	51	1
148.012	voip	40	1
148.019	video	51	1
148.032	video	49	1
148.037	voip	40	1
148.041	video	86	1
148.045	video	44	1
148.048	gaming	149	2
148.055	gaming	146	1
148.063	voip	40	1
148.064	voip	15	2
148.09	voip	40	1
148.105	gaming	155	1
148.116	gaming	193	2
148.117	voip	40	1
148.142	voip	40	1
148.145	video	41	1
148.158	video	71	1
148.161	gaming	126	1
148.168	voip	40	1
148.171	video	250	1
148.176	gaming	211	2
148.177	video	61	1
148.179	video	51	1
148.186	video	42	1
148.189	video	47	1
148.194	video	195	1
148.195	voip	40	1
148.195	video	50	1
148.2	video	56	1
148.212	video	62	1
148.218	video	86	1
148.22	gaming	106	1
148.22	video	43	1
148.221	voip	40	1
148.224	voip	15	2
148.228	video	60	1
148.23	gaming	154	2
148.237	video	41	1
148.241	video	102	1
148.243	video	91	1
148.247	voip	40	1
148.25	video	178	1
148.252	video	41	1
148.257	video	44	1
148.273	voip	40	1
148.289	gaming	89	2
148.292	gaming	77	1
148.3	voip	40	1
148.326	voip	40	1
148.346	gaming	123	1
148.349	gaming	106	2
148.352	voip	40	1
148.357	video	42	1
148.369	video	54	1
148.373	video	234	1
148.378	voip	40	1
148.381	video	44	1
148.384	voip	40	2
148.394	video	80	1
148.396	gaming	146	1
148.403	gaming	170	2
148.404	video	65	1
148.405	voip	40	1
148.409	video	74	1
148.41	voip	40	2
148.413	video	54	1
148.425	video	103	1
148.431	voip	40	1
148.434	video	68	1
148.436	voip	40	2
148.444	gaming	177	1
148.447	video	104	1
148.449	gaming	91	2
148.451	video	69	1
148.455	video	250	1
148.457	voip	40	1
148.463	video	69	1
148.463	voip	40	2
148.466	video	53	1
148.48	video	185	1
148.483	voip	40	1
148.489	voip	40	2
148.491	video	42	1
148.5	gaming	179	2
148.501	video	51	1
148.509	video	54	1
148.509	voip	40	1
148.51	gaming	84	1
148.514	video	104	1
148.515	voip	40	2
148.536	voip	40	1
148.541	voip	40	2
148.556	gaming	112	2
148.562	gaming	210	1
148.563	voip	40	1
148.568	voip	40	2
148.588	voip	40	1
148.594	voip	40	2
148.613	gaming	209	1
148.616	video	238	1
148.616	voip	40	1
148.617	video	43	1
148.618	video	42	1
148.62	voip	40	2
148.622	gaming	151	2
148.631	video	75	1
148.635	video	243	1
148.641	video	133	1
148.642	voip	40	1
148.644	video	150	1
148.646	voip	40	2
148.648	video	92	1
148.653	video	250	1
148.664	video	107	1
148.667	voip	40	1
148.671	gaming	107	1
148.672	voip	40	2
148.676	video	44	1
148.679	video	43	1
148.686	gaming	224	2
148.687	video	72	1
148.689	video	250	1
148.692	video	58	1
148.693	voip	40	1
148.699	voip	40	2
148.704	video	40	1
148.713	video	71	1
148.719	voip	40	1
148.725	voip	40	2
148.726	video	50	1
148.729	video	72	1
148.732	video	73	1
148.745	voip	40	1
148.747	gaming	203	2
148.749	gaming	141	1
148.751	voip	40	2
148.772	voip	40	1
148.777	voip	40	2
148.798	voip	40	1
148.801	gaming	98	2
148.803	gaming	81	1
148.804	voip	40	2
148.824	voip	40	1
148.83	voip	40	2
148.832	video	72	1
148.837	video	94	1
148.844	video	57	1
148.848	video	49	1
148.85	voip	40	1
148.853	video	250	1
148.855	video	147	1
148.856	gaming	165	2
148.857	voip	40	2
148.858	gaming	86	1
148.861	video	250	1
148.872	video	226	1
148.877	video	250	1
148.877	voip	40	1
148.882	voip	40	2
148.887	video	42	1
148.895	video	54	1
148.903	voip	40	1
148.904	video	52	1
148.908	video	93	1
148.909	voip	40	2
148.911	gaming	124	2
148.912	gaming	92	1
148.913	video	73	1
148.915	video	45	1
148.923	video	59	1
148.926	video	40	1
148.929	voip	40	1
148.93	video	96	1
148.934	video	58	1
148.935	voip	40	2
148.948	video	250	1
148.955	voip	40	1
148.961	voip	40	2
148.97	gaming	156	2
148.975	gaming	201	1
148.981	voip	40	1
148.987	voip	40	2
149.008	voip	40	1
149.013	voip	40	2
149.024	gaming	98	1
149.034	voip	40	1
149.037	gaming	123	2
149.04	voip	40	2
149.047	video	44	1
149.051	video	52	1
149.055	video	200	1
149.057	video	85	1
149.06	voip	40	1
149.065	video	250	1
149.066	voip	40	2
149.072	video	51	1
149.075	video	70	1
149.078	video	59	1
149.084	gaming	167	1
149.087	gaming	181	2
149.088	voip	40	1
149.089	video	98	1
149.09	video	45	1
149.092	voip	40	2
149.095	video	109	1
149.1	video	181	1
149.11	video	64	1
149.113	voip	40	1
149.113	video	50	1
149.117	video	158	1
149.118	voip	40	2
149.121	video	104	1
149.127	video	130	1
149.131	video	89	1
149.134	video	87	1
149.137	video	43	1
149.139	voip	40	1
149.144	gaming	84	1
149.145	voip	40	2
149.152	gaming	149	2
149.165	voip	40	1
149.171	voip	40	2
149.191	voip	40	1
149.194	gaming	126	1
149.197	voip	40	2
149.205	gaming	85	2
149.218	voip	40	1
149.223	voip	40	2
149.237	video	50	1
149.24	video	52	1
149.244	voip	40	1
149.245	video	45	1
149.246	gaming	102	1
149.249	voip	40	2
149.254	video	67	1
149.258	video	57	1
149.262	video	40	1
149.268	gaming	188	2
149.271	video	250	1
149.271	voip	40	1
149.272	video	43	1
149.276	video	75	1
149.276	voip	40	2
149.28	video	46	1
149.289	video	161	1
149.295	video	250	1
149.296	voip	40	1
149.301	video	62	1
149.302	gaming	151	1
149.303	voip	40	2
149.304	video	45	1
149.316	video	250	1
149.322	voip	40	1
149.327	video	250	1
149.328	voip	40	2
149.329	video	57	1
149.332	video	124	1
149.336	video	60	1
149.338	video	42	1
149.341	gaming	145	2
149.349	voip	40	1
149.354	voip	40	2
149.358	gaming	92	1
149.375	voip	40	1
149.381	voip	40	2
149.391	gaming	108	2
149.401	voip	40	1
149.407	voip	40	2
149.413	gaming	114	1
149.427	voip	40	1
149.433	voip	40	2
149.438	video	47	1
149.441	video	48	1
149.446	video	169	1
149.449	video	51	1
149.453	video	116	1
149.454	gaming	160	2
149.455	voip	40	1
149.458	video	250	1
149.459	voip	40	2
149.461	video	45	1
149.467	video	250	1
149.471	video	69	1
149.473	gaming	102	1
149.48	voip	40	1
149.483	video	80	1
149.486	voip	40	2
149.487	video	111	1
149.489	video	54	1
149.493	video	250	1
149.494	video	72	1
149.506	voip	40	1
149.508	video	173	1
149.512	voip	40	2
149.513	gaming	100	2
149.519	video	66	1
149.526	video	62	1
149.529	video	79	1
149.531	gaming	119	1
149.532	voip	15	1
149.535	video	250	1
149.538	voip	40	2
149.543	video	250	1
149.563	gaming	101	2
149.564	voip	40	2
149.586	gaming	146	1
149.59	voip	40	2
149.617	voip	40	2
149.635	gaming	133	2
149.643	video	215	1
149.643	voip	40	2
149.645	video	174	1
149.648	video	55	1
149.651	video	69	1
149.653	gaming	94	1
149.654	video	47	1
149.658	video	41	1
149.662	video	89	1
149.669	voip	40	2
149.675	video	164	1
149.679	video	176	1
149.689	video	250	1
149.69	video	137	1
149.693	video	104	1
149.693	voip	15	1
149.695	video	52	1
149.695	voip	40	2
149.7	video	110	1
149.704	video	58	1
149.709	gaming	90	2
149.711	video	46	1
149.713	gaming	85	1
149.715	video	120	1
149.719	video	250	1
149.722	video	250	1
149.723	voip	40	2
149.733	video	75	1
149.748	voip	40	2
149.767	gaming	72	2
149.771	gaming	158	1
149.774	voip	40	2
149.8	voip	40	2
149.811	gaming	125	2
149.827	gaming	172	1
149.828	voip	40	2
149.833	video	123	1
149.846	video	96	1
149.853	video	250	1
149.854	voip	40	1
149.855	voip	40	2
149.856	video	73	1
149.868	video	70	1
149.871	video	57	1
149.874	video	43	1
149.876	gaming	95	1
149.878	video	60	1
149.879	voip	40	1
149.88	voip	40	2
149.883	video	94	1
149.884	gaming	89	2
149.891	video	70	1
149.897	video	250	1
149.905	video	145	1
149.906	voip	40	1
149.907	voip	40	2
149.908	video	58	1
149.911	video	95	1
149.925	video	250	1
149.926	gaming	103	1
149.928	video	83	1
149.931	voip	40	1
149.932	voip	40	2
149.933	gaming	97	2
149.934	video	60	1
149.938	video	52	1
149.951	video	67	1
149.956	video	82	1
149.957	voip	40	1
149.958	voip	40	2
149.983	gaming	252	1
149.983	voip	40	1
149.984	voip	40	2
149.986	gaming	169	2
150.01	voip	40	1
150.01	voip	40	2
150.036	gaming	232	2
150.036	voip	40	1
150.037	voip	40	2
150.045	gaming	123	1
150.056	video	61	1
150.06	video	147	1
150.062	voip	40	1
150.063	voip	15	2
150.064	video	58	1
150.067	video	64	1
150.077	video	77	1
150.088	gaming	125	2
150.089	voip	40	1
150.089	video	44	1
150.093	video	60	1
150.095	video	79	1
150.101	video	250	1
150.102	video	48	1
150.106	video	40	1
150.111	video	43	1
150.114	gaming	98	1
150.115	voip	40	1
150.115	video	46	1
150.128	video	162	1
150.132	video	132	1
150.141	voip	40	1
150.143	video	57	1
150.146	video	83	1
150.149	gaming	141	2
150.152	video	242	1
150.153	video	80	1
150.157	video	123	1
150.167	voip	40	1
150.169	gaming	103	1
150.193	voip	40	1
150.2	gaming	104	2
150.22	voip	40	1
150.222	gaming	231	1
150.222	voip	15	2
150.246	voip	40	1
150.251	gaming	166	2
150.256	video	65	1
150.26	video	80	1
150.268	gaming	58	1
150.269	video	45	1
150.272	voip	40	1
150.276	video	155	1
150.279	video	159	1
150.284	video	71	1
150.288	video	153	1
150.291	video	85	1
150.299	video	250	1
150.299	voip	40	1
150.3	video	45	1
150.313	video	186	1
150.325	gaming	117	1
150.325	voip	40	1
150.326	video	47	1
150.33	video	124	1
150.342	video	67	1
150.345	video	61	1
150.351	voip	40	1
150.357	video	52	1
150.358	gaming	97	2
150.361	video	148	1
150.366	video	45	1
150.37	video	68	1
150.372	video	47	1
150.377	voip	40	1
150.38	gaming	103	1
150.382	voip	15	2
150.403	voip	40	1
150.427	gaming	297	2
150.429	gaming	150	1
150.43	voip	40	1
150.456	voip	40	1
150.472	video	40	1
150.475	video	54	1
150.478	gaming	130	2
150.48	video	40	1
150.482	voip	40	1
150.484	video	40	1
150.489	video	59	1
150.493	video	123	1
150.496	video	94	1
150.499	gaming	139	1
150.505	video	131	1
150.507	video	75	1
150.508	voip	40	1
150.511	video	49	1
150.517	video	250	1
150.518	video	66	1
150.521	video	84	1
150.524	video	135	1
150.532	video	79	1
150.534	gaming	148	2
150.535	voip	40	1
150.536	video	78	1
150.54	video	66	1
150.542	voip	15	2
150.543	video	71	1
150.549	gaming	133	1
150.553	video	250	1
150.561	voip	40	1
150.564	video	111	1
150.587	voip	40	1
150.589	gaming	182	2
150.603	gaming	225	1
150.613	voip	40	1
150.639	voip	40	1
150.643	gaming	146	2
150.659	gaming	148	1
150.664	video	67	1
150.665	voip	40	1
150.669	video	58	1
150.682	video	113	1
150.687	video	49	1
150.692	voip	40	1
150.693	video	41	1
150.694	gaming	73	2
150.697	video	250	1
150.702	voip	15	2
150.709	video	123	1
150.711	video	83	1
150.716	video	86	1
150.718	voip	40	1
150.719	video	46	1
150.721	gaming	178	1
150.731	video	51	1
150.737	video	59	1
150.742	video	224	1
150.744	voip	40	1
150.753	video	44	1
150.757	video	43	1
150.76	video	43	1
150.765	gaming	100	2
150.767	video	63	1
150.77	gaming	181	1
150.771	voip	40	1
150.779	video	42	1
150.783	video	76	1
150.785	video	42	1
150.797	voip	40	1
150.821	gaming	157	2
150.823	voip	40	1
150.83	gaming	115	1
150.849	voip	40	1
150.862	voip	15	2
150.873	gaming	139	2
150.875	voip	40	1
150.885	video	43	1
150.892	video	166	1
150.898	video	68	1
150.9	gaming	137	1
150.901	voip	40	1
150.91	video	56	1
150.921	video	42	1
150.925	video	202	1
150.928	voip	40	1
150.93	video	41	1
150.932	gaming	150	2
150.944	video	167	1
150.948	video	86	1
150.951	gaming	80	1
150.954	voip	40	1
150.955	video	93	1
150.957	video	51	1
150.964	video	47	1
150.967	video	44	1
150.971	video	127	1
150.98	voip	40	1
150.983	video	52	1
150.987	video	250	1
150.991	gaming	77	2
150.998	video	46	1
151.005	gaming	119	1
151.006	voip	40	1
151.012	video	250	1
151.015	video	54	1
151.018	video	40	1
151.022	voip	15	2
151.033	voip	40	1
151.053	gaming	95	1
151.057	gaming	86	2
151.059	voip	40	1
151.085	voip	40	1
151.109	gaming	144	1
151.111	voip	15	1
151.118	gaming	131	2
151.119	video	68	1
151.122	video	43	1
151.13	video	51	1
151.135	video	250	1
151.142	video	67	1
151.154	video	40	1
151.157	video	54	1
151.165	gaming	103	1
151.168	video	250	1
151.17	video	83	1
151.175	video	43	1
151.18	gaming	111	2
151.181	video	48	1
151.182	video	64	1
151.183	voip	15	2
151.193	video	79	1
151.196	video	48	1
151.2	video	116	1
151.203	video	60	1
151.206	video	41	1
151.209	video	42	1
151.213	video	250	1
151.216	video	250	1
151.226	gaming	139	1
151.229	gaming	80	2
151.271	voip	40	1
151.289	gaming	112	1
151.296	gaming	150	2
151.298	voip	40	1
151.314	video	48	1
151.317	video	67	1
151.324	voip	40	1
151.328	video	51	1
151.34	video	68	1
151.343	voip	40	2
151.343	video	52	1
151.348	video	52	1
151.35	voip	40	1
151.352	gaming	134	2
151.353	gaming	55	1
151.355	video	48	1
151.359	video	250	1
151.363	video	41	1
151.367	video	49	1
151.369	voip	40	2
151.374	video	237	1
151.376	voip	40	1
151.381	video	92	1
151.383	video	70	1
151.39	video	47	1
151.393	video	126	1
151.395	voip	40	2
151.398	video	250	1
151.402	voip	40	1
151.406	gaming	236	2
151.407	video	69	1
151.408	gaming	160	1
151.416	video	40	1
151.421	video	68	1
151.422	voip	40	2
151.426	video	60	1
151.429	voip	40	1
151.448	voip	40	2
151.451	gaming	77	2
151.455	voip	40	1
151.474	gaming	154	1
151.475	voip	40	2
151.481	voip	40	1
151.5	voip	40	2
151.507	voip	40	1
151.512	gaming	55	2
151.522	gaming	70	1
151.526	video	43	1
151.527	voip	40	2
151.53	video	168	1
151.534	voip	40	1
151.534	video	48	1
151.542	video	72	1
151.546	video	250	1
151.548	video	68	1
151.552	voip	40	2
151.555	video	236	1
151.557	video	48	1
151.56	voip	40	1
151.561	video	40	1
151.564	video	68	1
151.567	video	41	1
151.57	video	59	1
151.574	video	47	1
151.577	gaming	94	1
151.579	voip	40	2
151.58	gaming	108	2
151.584	video	96	1
151.586	voip	40	1
151.593	video	250	1
151.594	video	54	1
151.604	video	44	1
151.605	voip	40	2
151.612	voip	40	1
151.617	video	76	1
151.627	video	46	1
151.631	video	52	1
151.631	voip	40	2
151.636	gaming	108	2
151.639	voip	40	1
151.64	gaming	127	1
151.657	voip	40	2
151.665	voip	40	1
151.684	voip	40	2
151.691	gaming	149	2
151.692	voip	40	1
151.698	gaming	149	1
151.71	voip	40	2
151.717	voip	40	1
151.731	video	103	1
151.736	voip	40	2
151.738	video	142	1
151.742	gaming	81	2
151.745	video	231	1
151.745	voip	40	1
151.746	video	65	1
151.749	video	42	1
151.757	video	138	1
151.76	video	59	1
151.764	video	246	1
151.765	voip	40	2
151.767	gaming	201	1
151.77	voip	40	1
151.775	video	50	1
151.779	video	250	1
151.784	video	46	1
151.789	voip	40	2
151.795	gaming	103	2
151.796	voip	40	1
151.797	video	43	1
151.8	video	133	1
151.803	video	50	1
151.805	video	62	1
151.812	video	250	1
151.815	video	123	1
151.815	voip	40	2
151.819	video	41	1
151.822	voip	40	1
151.825	video	86	1
151.827	gaming	170	1
151.829	video	64	1
151.841	voip	40	2
151.848	gaming	340	2
151.848	voip	40	1
151.867	voip	40	2
151.875	voip	40	1
151.889	gaming	235	1
151.893	voip	40	2
151.9	gaming	119	2
151.901	voip	40	1
151.92	voip	40	2
151.927	voip	40	1
151.928	video	59	1
151.933	video	87	1
151.938	video	250	1
151.942	gaming	171	2
151.944	video	220	1
151.946	gaming	133	1
151.947	voip	40	2
151.953	voip	40	1
151.954	video	74	1
151.958	video	107	1
151.96	video	50	1
151.97	video	161	1
151.972	voip	40	2
151.973	video	42	1
151.98	video	106	1
151.981	voip	40	1
151.983	video	51	1
151.986	video	59	1
151.993	gaming	196	1
151.994	video	60	1
151.998	video	250	1
151.998	voip	40	2
151.999	video	48	1
152.002	video	146	1
152.004	gaming	104	2
152.006	video	250	1
152.007	voip	40	1
152.018	video	250	1
152.022	video	238	1
152.025	video	81	1
152.026	voip	40	2
152.032	voip	40	1
152.047	gaming	135	1
152.051	voip	40	2
152.053	gaming	105	2
152.058	voip	40	1
152.077	voip	40	2
152.084	voip	40	1
152.103	voip	40	2
152.111	voip	40	1
152.113	gaming	201	1
152.115	gaming	131	2
152.126	video	248	1
152.129	video	44	1
152.13	voip	40	2
152.137	voip	40	1
152.142	video	77	1
152.154	video	119	1
152.156	voip	40	2
152.161	video	86	1
152.163	voip	40	1
152.167	gaming	106	1
152.168	gaming	156	2
152.174	video	250	1
152.182	voip	40	2
152.187	video	250	1
152.189	video	55	1
152.19	voip	40	1
152.192	video	56	1
152.195	video	52	1
152.205	video	250	1
152.208	voip	40	2
152.216	voip	40	1
152.218	gaming	216	2
152.218	video	40	1
152.219	video	45	1
152.221	gaming	122	1
152.222	video	54	1
152.227	video	165	1
152.229	video	148	1
152.232	video	126	1
152.234	voip	40	2
152.236	video	59	1
152.239	video	52	1
152.242	voip	40	1
152.244	video	57	1
152.261	voip	40	2
152.269	gaming	143	1
152.27	voip	40	1
152.275	gaming	164	2
152.287	voip	40	2
152.294	voip	40	1
152.313	voip	40	2
152.321	voip	40	1
152.324	gaming	148	2
152.329	gaming	145	1
152.339	voip	40	2
152.344	video	74	1
152.347	voip	40	1
152.354	video	109	1
152.356	video	53	1
152.359	video	76	1
152.362	video	129	1
152.364	video	47	1
152.366	voip	40	2
152.373	voip	40	1
152.377	video	58	1
152.378	gaming	94	1
152.38	video	135	1
152.383	video	90	1
152.386	gaming	116	2
152.392	voip	40	2
152.395	video	41	1
152.398	video	50	1
152.399	voip	40	1
152.405	video	145	1
152.408	video	48	1
152.418	voip	40	2
152.422	video	250	1
152.425	voip	40	1
152.434	gaming	124	1
152.435	video	46	1
152.437	video	49	1
152.442	gaming	122	2
152.443	video	55	1
152.444	voip	40	2
152.445	video	47	1
152.448	video	50	1
152.452	voip	40	1
152.452	video	44	1
152.47	voip	40	2
152.478	voip	15	1
152.497	voip	40	2
152.499	gaming	178	1
152.508	gaming	83	2
152.523	voip	15	2
152.552	video	75	1
152.554	video	44	1
152.56	video	97	1
152.561	gaming	116	1
152.564	video	144	1
152.567	gaming	151	2
152.568	video	66	1
152.57	video	94	1
152.583	video	100	1
152.585	video	40	1
152.588	video	50	1
152.592	video	108	1
152.596	video	46	1
152.604	video	66	1
152.608	video	65	1
152.611	gaming	225	1
152.612	video	68	1
152.618	gaming	149	2
152.619	video	65	1
152.621	video	40	1
152.634	video	40	1
152.637	video	77	1
152.638	voip	40	1
152.641	video	131	1
152.648	video	97	1
152.664	voip	40	1
152.668	gaming	171	1
152.675	gaming	217	2
152.683	voip	15	2
152.69	voip	40	1
152.717	voip	40	1
152.723	gaming	176	1
152.726	gaming	185	2
152.743	voip	15	1
152.748	video	40	1
152.751	video	40	1
152.755	video	115	1
152.758	video	66	1
152.761	video	61	1
152.765	video	159	1
152.769	gaming	138	1
152.771	video	156	1
152.774	video	219	1
152.778	video	179	1
152.78	gaming	124	2
152.781	video	147	1
152.787	video	85	1
152.791	video	55	1
152.802	video	145	1
152.804	video	85	1
152.81	video	185	1
152.813	video	222	1
152.817	video	42	1
152.821	gaming	122	1
152.83	video	47	1
152.834	video	110	1
152.838	video	250	1
152.843	voip	15	2
152.846	gaming	97	2
152.872	gaming	135	1
152.903	voip	15	1
152.905	gaming	160	2
152.927	gaming	154	1
152.936	video	54	1
152.94	video	90	1
152.945	video	45	1
152.949	video	250	1
152.95	video	61	1
152.963	video	88	1
152.964	gaming	112	2
152.975	video	40	1
152.978	gaming	111	1
152.985	video	67	1
152.989	video	90	1
152.994	video	250	1
152.996	video	129	1
153.003	voip	15	2
153.007	video	44	1
153.014	video	148	1
153.016	video	43	1
153.019	gaming	254	2
153.029	video	71	1
153.036	gaming	123	1
153.037	video	64	1
153.04	video	56	1
153.046	video	69	1
153.052	video	88	1
153.06	video	62	1
153.063	voip	15	1
153.068	gaming	81	2
153.086	gaming	101	1
153.123	gaming	101	2
153.137	gaming	108	1
153.161	video	131	1
153.163	voip	15	2
153.171	video	170	1
153.173	video	50	1
153.186	video	92	1
153.189	video	133	1
153.191	gaming	158	2
153.192	video	61	1
153.193	gaming	95	1
153.195	video	49	1
153.197	video	42	1
153.203	video	124	1
153.205	video	97	1
153.209	video	250	1
153.21	video	66	1
153.214	video	113	1
153.223	voip	15	1
153.226	video	43	1
153.231	video	78	1
153.237	video	54	1
153.24	video	57	1
153.243	gaming	151	1
153.248	video	215	1
153.252	video	64	1
153.259	gaming	278	2
153.266	video	250	1
153.299	gaming	171	1
153.316	gaming	138	2
153.323	voip	15	2
153.361	gaming	108	1
153.365	video	47	1
153.368	video	117	1
153.371	video	51	1
153.376	gaming	104	2
153.379	video	138	1
153.383	voip	15	1
153.391	video	94	1
153.394	video	54	1
153.402	video	180	1
153.408	video	104	1
153.412	video	71	1
153.42	gaming	65	1
153.423	video	250	1
153.429	gaming	227	2
153.432	video	75	1
153.435	video	63	1
153.439	video	40	1
153.447	video	68	1
153.45	video	76	1
153.462	video	53	1
153.476	video	243	1
153.478	gaming	142	1
153.48	video	250	1
153.483	voip	15	2
153.485	video	213	1
153.492	video	41	1
153.506	gaming	134	2
153.538	gaming	116	1
153.543	voip	15	1
153.582	gaming	132	2
153.588	gaming	115	1
153.593	video	250	1
153.605	video	100	1
153.611	video	45	1
153.618	video	43	1
153.623	video	51	1
153.625	video	40	1
153.629	video	65	1
153.637	gaming	226	1
153.639	gaming	162	2
153.642	video	102	1
153.643	voip	15	2
153.644	video	42	1
153.649	video	54	1
153.653	video	56	1
153.666	video	211	1
153.678	video	87	1
153.69	video	63	1
153.694	video	48	1
153.698	gaming	197	2
153.699	video	51	1
153.7	gaming	86	1
153.702	video	47	1
153.703	voip	15	1
153.71	video	52	1
153.713	video	76	1
153.722	video	50	1
153.746	gaming	114	1
153.781	gaming	128	2
153.795	gaming	123	1
153.803	voip	15	2
153.822	video	87	1
153.826	video	57	1
153.83	video	250	1
153.833	video	250	1
153.837	video	59	1
153.838	gaming	149	2
153.841	video	250	1
153.843	video	53	1
153.847	video	186	1
153.852	video	120	1
153.854	gaming	173	1
153.855	video	73	1
153.863	voip	15	1
153.866	video	47	1
153.869	video	61	1
153.879	video	250	1
153.883	video	250	1
153.885	video	78	1
153.888	video	48	1
153.893	gaming	129	2
153.9	video	127	1
153.91	gaming	164	1
153.912	video	45	1
153.926	video	236	1
153.929	video	59	1
153.96	gaming	106	2
153.963	voip	15	2
153.964	gaming	91	1
154.023	gaming	130	1
154.023	voip	15	1
154.03	video	118	1
154.031	gaming	146	2
154.032	video	91	1
154.036	video	186	1
154.038	video	73	1
154.042	video	125	1
154.05	video	44	1
154.054	video	85	1
154.058	video	71	1
154.062	video	105	1
154.064	video	70	1
154.072	gaming	115	1
154.076	video	80	1
154.08	video	48	1
154.084	video	43	1
154.087	video	47	1
154.09	video	87	1
154.102	gaming	158	2
154.104	video	250	1
154.107	video	250	1
154.11	video	143	1
154.113	video	51	1
154.123	voip	15	2
154.126	video	48	1
154.148	gaming	164	1
154.154	gaming	108	2
154.183	voip	15	1
154.219	gaming	258	2
154.221	gaming	183	1
154.226	video	120	1
154.229	video	73	1
154.232	video	58	1
154.238	video	202	1
154.24	video	118	1
154.248	video	111	1
154.25	video	109	1
154.253	video	83	1
154.258	video	166	1
154.266	video	48	1
154.271	video	51	1
154.275	gaming	203	1
154.277	video	154	1
154.283	voip	15	2
154.289	video	139	1
154.29	gaming	132	2
154.293	video	108	1
154.296	video	48	1
154.3	video	50	1
154.304	video	150	1
154.307	video	164	1
154.309	video	51	1
154.314	video	71	1
154.327	gaming	92	1
154.343	voip	15	1
154.347	gaming	82	2
154.384	gaming	166	1
154.398	gaming	105	2
154.413	video	40	1
154.416	video	42	1
154.424	video	68	1
154.428	video	41	1
154.434	video	48	1
154.437	video	46	1
154.438	gaming	72	1
154.441	video	133	1
154.443	voip	15	2
154.444	video	40	1
154.448	video	123	1
154.453	video	105	1
154.456	gaming	104	2
154.457	video	40	1
154.463	video	137	1
154.466	video	41	1
154.47	video	118	1
154.482	video	90	1
154.489	video	182	1
154.498	gaming	121	1
154.5	video	45	1
154.503	voip	15	1
154.508	video	134	1
154.511	video	46	1
154.515	video	67	1
154.522	gaming	185	2
154.549	gaming	149	1
154.575	gaming	294	2
154.603	voip	15	2
154.616	gaming	103	1
154.617	video	163	1
154.621	video	45	1
154.625	video	128	1
154.636	video	50	1
154.638	gaming	139	2
154.64	video	154	1
154.652	video	53	1
154.663	voip	15	1
154.666	video	250	1
154.671	gaming	133	1
154.676	video	53	1
154.679	video	67	1
154.691	video	51	1
154.694	video	42	1
154.699	video	168	1
154.7	gaming	85	2
154.711	video	84	1
154.722	video	235	1
154.726	video	66	1
154.729	gaming	227	1
154.737	video	44	1
154.74	video	63	1
154.753	gaming	183	2
154.754	video	96	1
154.759	video	109	1
154.762	video	67	1
154.763	voip	15	2
154.794	gaming	229	1
154.806	gaming	102	2
154.823	voip	15	1
154.858	gaming	220	2
154.859	gaming	139	1
154.862	video	92	1
154.865	video	87	1
154.868	video	60	1
154.871	video	54	1
154.877	video	159	1
154.883	video	134	1
154.89	video	67	1
154.894	video	250	1
154.896	video	73	1
154.904	video	59	1
154.913	gaming	83	2
154.917	gaming	98	1
154.918	video	104	1
154.921	video	43	1
154.923	voip	15	2
154.924	video	78	1
154.927	video	68	1
154.933	video	250	1
154.935	video	197	1
154.94	video	52	1
154.944	video	250	1
154.951	video	100	1
154.963	video	41	1
154.967	gaming	167	2
154.983	voip	15	1
154.987	gaming	152	1
155.026	gaming	125	2
155.038	gaming	75	1
155.063	video	49	1
155.069	video	119	1
155.071	video	42	1
155.075	video	87	1
155.079	video	48	1
155.081	video	45	1
155.083	voip	15	2
155.084	video	54	1
155.09	gaming	101	2
155.091	video	40	1
155.096	video	152	1
155.099	video	77	1
155.102	video	112	1
155.105	video	47	1
155.106	gaming	120	1
155.107	video	51	1
155.113	video	56	1
155.117	video	56	1
155.129	video	48	1
155.134	video	120	1
155.139	video	146	1
155.143	voip	15	1
155.144	video	60	1
155.153	gaming	161	2
155.157	video	91	1
155.176	gaming	130	1
155.21	gaming	123	2
155.235	gaming	129	1
155.243	voip	15	2
155.257	video	73	1
155.259	gaming	190	2
155.261	video	239	1
155.263	video	125	1
155.267	video	49	1
155.271	video	79	1
155.276	video	92	1
155.28	video	150	1
155.287	video	177	1
155.288	gaming	75	1
155.291	video	110	1
155.297	video	83	1
155.303	voip	15	1
155.308	gaming	164	2
155.31	video	158	1
155.319	video	168	1
155.323	video	78	1
155.329	video	124	1
155.333	video	66	1
155.337	video	94	1
155.34	video	81	1
155.343	video	41	1
155.348	video	250	1
155.351	video	250	1
155.357	gaming	84	2
155.362	gaming	114	1
155.403	voip	15	2
155.412	gaming	191	2
155.414	gaming	150	1
155.45	video	144	1
155.454	video	45	1
155.463	voip	15	1
155.464	video	125	1
155.466	video	57	1
155.471	gaming	262	2
155.48	video	128	1
155.483	gaming	109	1
155.489	video	67	1
155.493	video	48	1
155.497	video	50	1
155.503	video	97	1
155.506	video	250	1
155.508	video	63	1
155.511	video	46	1
155.515	video	102	1
155.522	video	41	1
155.534	gaming	155	2
155.535	video	69	1
155.537	gaming	151	1
155.538	video	54	1
155.542	video	184	1
155.545	video	90	1
155.548	video	56	1
155.551	video	97	1
155.563	voip	15	2
155.583	gaming	97	1
155.59	gaming	131	2
155.623	voip	15	1
155.633	gaming	115	1
155.641	gaming	154	2
155.652	video	211	1
155.664	video	56	1
155.669	video	44	1
155.681	video	64	1
155.683	gaming	74	1
155.684	video	55	1
155.688	video	101	1
155.692	video	61	1
155.694	gaming	112	2
155.702	video	48	1
155.715	video	59	1
155.717	video	47	1
155.722	video	250	1
155.723	voip	15	2
155.725	video	52	1
155.728	video	50	1
155.732	video	89	1
155.735	gaming	104	1
155.735	video	43	1
155.744	video	217	1
155.75	video	50	1
155.754	video	50	1
155.757	gaming	151	2
155.759	video	166	1
155.767	video	59	1
155.783	voip	15	1
155.794	gaming	165	1
155.815	gaming	166	2
155.854	gaming	149	1
155.861	gaming	149	2
155.867	video	52	1
155.878	video	250	1
155.882	video	250	1
155.883	voip	15	2
155.886	video	50	1
155.892	video	50	1
155.905	video	110	1
155.909	video	195	1
155.911	gaming	101	2
155.911	video	45	1
155.914	video	63	1
155.922	gaming	107	1
155.926	video	77	1
155.929	video	40	1
155.942	video	49	1
155.943	voip	15	1
155.946	video	45	1
155.949	video	72	1
155.957	gaming	176	2
155.962	video	62	1
155.974	video	92	1
155.978	video	86	1
155.979	gaming	93	1
155.982	video	217	1
155.984	video	86	1
155.992	video	45	1
156.025	gaming	212	2
156.034	gaming	73	1
156.043	voip	15	2
156.079	gaming	189	2
156.092	video	41	1
156.095	video	41	1
156.097	gaming	120	1
156.1	video	74	1
156.103	voip	15	1
156.104	video	165	1
156.111	video	47	1
156.114	video	92	1
156.125	video	88	1
156.129	gaming	110	2
156.132	video	250	1
156.143	video	58	1
156.146	video	118	1
156.152	video	67	1
156.156	video	250	1
156.163	gaming	136	1
156.167	video	51	1
156.176	video	101	1
156.189	video	148	1
156.201	gaming	220	2
156.202	video	65	1
156.203	voip	15	2
156.205	video	46	1
156.209	video	78	1
156.212	gaming	165	1
156.215	video	106	1
156.219	video	49	1
156.259	gaming	146	2
156.263	voip	15	1
156.27	gaming	70	1
156.309	gaming	98	2
156.321	video	250	1
156.331	gaming	146	1
156.332	video	44	1
156.336	video	73	1
156.34	video	52	1
156.35	video	250	1
156.354	video	52	1
156.361	video	50	1
156.363	voip	15	2
156.365	video	66	1
156.37	gaming	212	2
156.373	video	67	1
156.381	gaming	118	1
156.383	video	54	1
156.387	video	52	1
156.391	video	153	1
156.397	video	43	1
156.402	video	250	1
156.407	video	40	1
156.411	video	76	1
156.414	video	62	1
156.42	video	50	1
156.422	video	49	1
156.423	voip	15	1
156.426	gaming	89	2
156.427	video	43	1
156.433	gaming	149	1
156.477	gaming	219	2
156.486	gaming	142	1
156.523	voip	15	2
156.528	video	80	1
156.532	video	250	1
156.535	video	202	1
156.537	video	68	1
156.54	gaming	136	1
156.541	gaming	121	2
156.543	video	50	1
156.546	video	68	1
156.556	video	47	1
156.564	video	71	1
156.57	video	142	1
156.573	video	226	1
156.583	video	96	1
156.583	voip	15	1
156.59	video	47	1
156.593	video	42	1
156.605	gaming	276	2
156.606	video	50	1
156.607	gaming	118	1
156.61	video	53	1
156.613	video	41	1
156.617	video	78	1
156.62	video	82	1
156.627	video	44	1
156.631	video	46	1
156.665	gaming	160	1
156.666	gaming	86	2
156.683	voip	15	2
156.73	gaming	147	1
156.732	gaming	151	2
156.732	video	51	1
156.735	video	198	1
156.737	video	58	1
156.743	voip	40	1
156.751	video	208	1
156.754	video	250	1
156.758	video	42	1
156.761	video	47	1
156.767	video	81	1
156.769	voip	40	1
156.779	video	41	1
156.783	gaming	146	1
156.784	video	48	1
156.786	video	50	1
156.793	gaming	196	2
156.795	voip	40	1
156.799	video	70	1
156.801	video	46	1
156.811	video	250	1
156.822	video	59	1
156.822	voip	40	1
156.831	video	61	1
156.837	gaming	97	1
156.839	video	91	1
156.843	voip	15	2
156.844	gaming	126	2
156.847	video	250	1
156.848	voip	40	1
156.857	video	88	1
156.861	video	224	1
156.874	voip	40	1
156.889	gaming	150	1
156.896	gaming	197	2
156.9	voip	40	1
156.926	voip	40	1
156.951	gaming	147	1
156.952	voip	15	1
156.961	video	138	1
156.962	gaming	111	2
156.963	video	49	1
156.967	video	187	1
156.968	video	50	1
156.971	video	71	1
156.975	video	42	1
156.982	video	81	1
156.992	video	69	1
156.996	video	66	1
156.999	gaming	106	1
157.003	video	249	1
157.003	voip	15	2
157.008	video	250	1
157.019	video	66	1
157.022	video	66	1
157.025	video	55	1
157.029	gaming	144	2
157.032	video	109	1
157.038	video	46	1
157.04	video	51	1
157.048	gaming	184	1
157.049	video	94	1
157.051	video	82	1
157.062	video	141	1
157.085	gaming	207	2
157.102	gaming	253	1
157.112	voip	15	1
157.133	gaming	126	2
157.162	video	77	1
157.163	voip	15	2
157.165	gaming	209	1
157.169	video	152	1
157.171	video	61	1
157.175	video	125	1
157.179	video	82	1
157.181	video	60	1
157.191	video	250	1
157.192	gaming	72	2
157.193	video	63	1
157.206	video	102	1
157.21	video	58	1
157.214	video	69	1
157.218	gaming	112	1
157.226	video	44	1
157.232	video	92	1
157.236	video	60	1
157.244	gaming	64	2
157.249	video	132	1
157.252	video	48	1
157.255	video	70	1
157.266	video	40	1
157.269	video	48	1
157.273	voip	40	1
157.282	video	41	1
157.283	gaming	122	1
157.299	voip	40	1
157.301	gaming	162	2
157.323	voip	15	2
157.325	voip	40	1
157.345	gaming	217	1
157.351	voip	40	1
157.355	gaming	129	2
157.378	voip	40	1
157.382	video	148	1
157.389	video	250	1
157.4	video	132	1
157.403	video	46	1
157.404	voip	40	1
157.405	gaming	87	1
157.406	video	43	1
157.41	video	250	1
157.412	video	74	1
157.414	gaming	119	2
157.417	video	91	1
157.421	video	99	1
157.425	video	250	1
157.429	video	250	1
157.43	voip	40	1
157.432	video	250	1
157.438	video	51	1
157.441	video	86	1
157.444	video	46	1
157.447	video	49	1
157.453	video	125	1
157.456	voip	40	1
157.465	video	48	1
157.466	gaming	119	2
157.467	gaming	119	1
157.475	video	51	1
157.482	voip	40	1
157.483	voip	15	2
157.484	video	54	1
157.509	voip	40	1
157.516	gaming	108	1
157.529	gaming	134	2
157.535	voip	40	1
157.561	voip	40	1
157.568	gaming	137	1
157.584	video	40	1
157.588	gaming	132	2
157.589	voip	40	1
157.591	video	84	1
157.594	video	40	1
157.599	video	192	1
157.604	video	145	1
157.608	video	58	1
157.614	video	233	1
157.614	voip	40	1
157.615	video	79	1
157.618	video	73	1
157.623	video	40	1
157.628	video	250	1
157.63	video	58	1
157.633	video	43	1
157.637	gaming	148	1
157.638	video	41	1
157.64	voip	40	1
157.642	video	57	1
157.643	voip	15	2
157.647	video	113	1
157.661	video	250	1
157.663	gaming	270	2
157.665	video	99	1
157.666	voip	40	1
157.67	video	45	1
157.675	video	250	1
157.688	gaming	120	1
157.692	voip	40	1
157.709	gaming	134	2
157.719	voip	40	1
157.74	gaming	147	1
157.745	voip	40	1
157.769	gaming	189	2
157.771	voip	40	1
157.773	video	40	1
157.782	video	89	1
157.796	video	235	1
157.797	voip	40	1
157.798	video	44	1
157.801	video	50	1
157.803	voip	15	2
157.805	gaming	112	1
157.814	video	204	1
157.819	video	163	1
157.823	gaming	92	2
157.823	voip	40	1
157.83	video	45	1
157.838	video	69	1
157.84	video	70	1
157.844	video	58	1
157.849	video	50	1
157.85	voip	40	1
157.862	gaming	155	1
157.864	video	160	1
157.867	video	103	1
157.87	video	97	1
157.875	gaming	113	2
157.876	voip	40	1
157.878	video	52	1
157.883	video	248	1
157.885	video	105	1
157.891	video	59	1
157.895	video	128	1
157.902	voip	40	1
157.913	gaming	89	1
157.928	voip	40	1
157.938	gaming	192	2
157.955	voip	40	1
157.963	voip	15	2
157.981	voip	40	1
157.984	gaming	116	2
157.989	gaming	92	1
157.994	video	44	1
158.007	video	73	1
158.008	voip	40	1
158.012	video	231	1
158.014	video	130	1
158.022	video	44	1
158.026	video	58	1
158.032	video	71	1
158.033	voip	40	1
158.036	gaming	99	2
158.036	video	49	1
158.039	video	134	1
158.043	video	250	1
158.044	gaming	100	1
158.045	video	55	1
158.048	video	40	1
158.06	voip	40	1
158.061	video	84	1
158.065	video	250	1
158.069	video	250	1
158.073	video	106	1
158.077	video	133	1
158.083	video	76	1
158.086	video	90	1
158.087	voip	40	1
158.092	gaming	111	2
158.094	video	71	1
158.097	gaming	277	1
158.112	voip	40	1
158.123	voip	15	2
158.139	gaming	150	2
158.14	voip	40	1
158.152	gaming	113	1
158.164	voip	40	1
158.19	gaming	289	2
158.191	voip	40	1
158.194	video	101	1
158.196	video	43	1
158.2	video	63	1
158.206	video	233	1
158.209	video	224	1
158.212	gaming	187	1
158.215	video	161	1
158.217	voip	40	1
158.221	video	250	1
158.227	video	250	1
158.23	video	49	1
158.234	video	74	1
158.239	video	89	1
158.243	voip	40	1
158.251	video	43	1
158.253	gaming	73	2
158.26	gaming	145	1
158.265	video	250	1
158.266	video	54	1
158.269	voip	40	1
158.271	video	96	1
158.284	video	184	1
158.285	voip	15	2
158.288	video	106	1
158.291	video	133	1
158.295	video	97	1
158.296	voip	40	1
158.298	video	92	1
158.308	gaming	155	2
158.31	gaming	141	1
158.322	voip	40	1
158.348	voip	40	1
158.364	gaming	166	1
158.365	gaming	77	2
158.374	voip	40	1
158.398	video	51	1
158.401	voip	40	1
158.403	video	58	1
158.411	video	96	1
158.418	video	42	1
158.422	video	65	1
158.426	gaming	110	1
158.426	video	51	1
158.427	voip	40	1
158.429	gaming	146	2
158.43	video	101	1
158.432	video	55	1
158.435	video	92	1
158.441	video	112	1
158.443	voip	15	2
158.45	video	42	1
158.453	voip	40	1
158.456	video	150	1
158.468	video	65	1
158.471	video	44	1
158.477	video	74	1
158.479	voip	40	1
158.482	video	250	1
158.483	gaming	140	1
158.484	video	49	1
158.489	video	250	1
158.491	video	57	1
158.495	gaming	115	2
158.5	video	250	1
158.505	voip	40	1
158.531	gaming	170	1
158.532	voip	40	1
158.545	gaming	103	2
158.558	voip	40	1
158.582	gaming	151	1
158.584	voip	40	1
158.599	video	112	1
158.601	gaming	78	2
158.602	video	41	1
158.603	voip	15	2
158.605	video	62	1
158.608	video	90	1
158.61	voip	40	1
158.612	video	143	1
158.623	video	44	1
158.629	video	157	1
158.634	gaming	109	1
158.637	voip	40	1
158.641	video	112	1
158.648	video	250	1
158.652	video	60	1
158.655	video	112	1
158.657	video	72	1
158.661	gaming	150	2
158.663	voip	40	1
158.669	video	40	1
158.674	video	48	1
158.679	video	250	1
158.684	video	40	1
158.686	gaming	141	1
158.689	voip	40	1
158.691	video	250	1
158.692	video	71	1
158.695	video	55	1
158.704	video	40	1
158.712	gaming	129	2
158.715	voip	40	1
158.741	gaming	230	1
158.741	voip	40	1
158.763	voip	15	2
158.766	gaming	84	2
158.768	voip	40	1
158.794	voip	40	1
158.805	gaming	264	1
158.806	video	41	1
158.809	video	250	1
158.811	video	67	1
158.814	video	44	1
158.817	video	51	1
158.82	voip	40	1
158.825	video	112	1
158.828	video	64	1
158.831	gaming	186	2
158.832	video	69	1
158.844	video	43	1
158.846	voip	40	1
158.851	video	59	1
158.853	video	58	1
158.858	gaming	195	1
158.867	video	250	1
158.871	video	44	1
158.872	voip	15	1
158.877	video	250	1
158.878	video	41	1
158.881	gaming	80	2
158.882	video	40	1
158.887	video	250	1
158.891	video	52	1
158.894	video	46	1
158.906	video	46	1
158.918	gaming	125	1
158.923	voip	15	2
158.937	gaming	161	2
158.989	gaming	121	2
158.996	gaming	162	1
159.007	video	103	1
159.009	video	54	1
159.019	video	53	1
159.022	video	40	1
159.025	video	90	1
159.028	video	62	1
159.032	video	95	1
159.032	voip	15	1
159.041	gaming	143	1
159.044	video	64	1
159.048	gaming	219	2
159.049	video	74	1
159.051	video	250	1
159.062	video	55	1
159.075	video	72	1
159.077	video	59	1
159.083	voip	15	2
159.084	video	71	1
159.087	video	52	1
159.09	video	47	1
159.092	video	47	1
159.097	gaming	141	2
159.101	video	48	1
159.106	gaming	125	1
159.114	video	53	1
159.119	video	62	1
159.155	gaming	135	2
159.167	gaming	172	1
159.192	voip	15	1
159.208	gaming	79	2
159.22	video	69	1
159.223	video	175	1
159.225	video	43	1
159.228	video	67	1
159.233	video	250	1
159.234	gaming	68	1
159.238	video	99	1
159.242	video	143	1
159.243	voip	15	2
159.254	video	51	1
159.257	video	68	1
159.26	gaming	166	2
159.263	video	250	1
159.266	video	227	1
159.277	video	51	1
159.28	video	44	1
159.284	video	72	1
159.296	gaming	134	1
159.297	video	46	1
159.309	video	45	1
159.31	gaming	72	2
159.321	video	174	1
159.323	video	162	1
159.325	video	55	1
159.328	video	94	1
159.345	gaming	154	1
159.352	voip	15	1
159.373	gaming	145	2
159.393	gaming	137	1
159.403	voip	15	2
159.428	video	97	1
159.433	video	250	1
159.434	video	62	1
159.439	gaming	209	2
159.446	gaming	90	1
159.447	video	47	1
159.451	video	46	1
159.453	video	50	1
159.458	video	84	1
159.465	video	66	1
159.472	video	87	1
159.476	video	250	1
159.479	video	89	1
159.485	video	82	1
159.498	video	86	1
159.499	gaming	146	2
159.502	gaming	178	1
159.51	video	41	1
159.512	voip	15	1
159.515	video	103	1
159.518	video	59	1
159.524	video	59	1
159.527	video	49	1
159.541	video	250	1
159.543	video	63	1
159.556	gaming	225	1
159.563	gaming	177	2
159.564	voip	15	2
159.609	gaming	115	1
159.611	gaming	151	2
159.643	video	83	1
159.65	video	50	1
159.653	video	42	1
159.656	video	64	1
159.66	video	250	1
159.662	gaming	121	1
159.664	video	240	1
159.666	video	45	1
159.669	video	43	1
159.673	video	135	1
159.673	voip	15	1
159.676	gaming	134	2
159.68	video	58	1
159.683	video	40	1
159.689	video	250	1
159.69	video	82	1
159.694	video	54	1
159.699	video	74	1
159.705	video	41	1
159.708	video	97	1
159.711	gaming	109	1
159.712	video	46	1
159.723	voip	40	2
159.725	video	96	1
159.728	video	85	1
159.73	gaming	82	2
159.749	voip	40	2
159.775	gaming	190	1
159.776	voip	40	2
159.787	gaming	55	2
159.802	voip	40	2
159.828	video	93	1
159.829	voip	40	2
159.83	gaming	106	1
159.831	video	93	1
159.833	video	47	1
159.833	voip	15	1
159.836	video	50	1
159.843	video	42	1
159.848	video	44	1
159.851	video	50	1
159.854	gaming	178	2
159.856	video	147	1
159.857	voip	40	2
159.86	video	55	1
159.865	video	250	1
159.876	video	47	1
159.879	video	108	1
159.88	voip	40	2
159.883	video	250	1
159.885	video	51	1
159.892	gaming	113	1
159.898	video	78	1
159.903	video	250	1
159.907	voip	40	2
159.908	video	135	1
159.909	gaming	110	2
159.92	video	42	1
159.925	video	51	1
159.929	video	162	1
159.933	voip	40	2
159.951	gaming	82	1
159.959	voip	40	2
159.965	gaming	110	2
159.985	voip	40	2
159.992	voip	15	1
160.008	gaming	139	1
160.011	voip	40	2
160.019	gaming	108	2
160.028	video	54	1
160.038	voip	40	2
160.039	video	156	1
160.045	video	250	1
160.046	video	54	1
160.058	video	55	1
160.064	voip	40	2
160.068	video	78	1
160.071	video	81	1
160.073	gaming	113	1
160.074	video	92	1
160.081	gaming	265	2
160.086	video	44	1
160.09	voip	40	2
160.099	video	77	1
160.112	video	73	1
160.114	video	41	1
160.116	voip	40	2
160.123	gaming	137	1
160.127	video	51	1
160.13	video	73	1
160.138	video	93	1
160.141	video	78	1
160.143	voip	40	2
160.144	video	65	1
160.145	gaming	106	2
160.146	video	46	1
160.152	voip	15	1
160.154	video	110	1
160.158	video	45	1
160.169	voip	40	2
160.172	gaming	159	1
160.195	voip	40	2
160.198	gaming	112	2
160.221	voip	40	2
160.233	gaming	114	1
160.248	voip	40	2
160.257	gaming	160	2
160.258	video	109	1
160.261	video	42	1
160.264	video	46	1
160.274	voip	40	2
160.277	video	45	1
160.282	video	41	1
160.286	video	55	1
160.291	video	48	1
160.294	video	65	1
160.3	gaming	159	1
160.301	voip	40	2
160.305	video	87	1
160.311	video	250	1
160.312	voip	15	1
160.315	video	52	1
160.326	voip	40	2
160.327	video	47	1
160.334	gaming	89	2
160.337	video	45	1
160.35	video	49	1
160.352	voip	40	2
160.353	video	40	1
160.358	video	55	1
160.362	video	54	1
160.366	video	82	1
160.37	video	250	1
160.373	video	250	1
160.375	gaming	143	1
160.379	voip	40	2
160.387	gaming	109	2
160.405	voip	40	2
160.431	voip	40	2
160.44	gaming	123	1
160.443	gaming	156	2
160.457	voip	40	2
160.472	video	43	1
160.472	voip	15	1
160.475	video	48	1
160.479	video	44	1
160.484	voip	40	2
160.485	video	42	1
160.489	gaming	124	1
160.498	video	56	1
160.501	video	43	1
160.504	video	98	1
160.506	gaming	112	2
160.51	voip	40	2
160.515	video	112	1
160.52	video	250	1
160.524	video	54	1
160.531	video	50	1
160.536	voip	40	2
160.541	gaming	364	1
160.543	video	71	1
160.556	video	51	1
160.558	gaming	191	2
160.561	video	103	1
160.562	voip	40	2
160.566	video	128	1
160.577	video	104	1
160.579	video	67	1
160.589	voip	40	2
160.591	video	43	1
160.598	video	77	1
160.606	gaming	105	1
160.61	video	53	1
160.612	gaming	111	2
160.615	voip	40	2
160.632	voip	15	1
160.641	voip	40	2
160.656	gaming	256	1
160.667	voip	40	2
160.683	gaming	132	2
160.693	voip	40	2
160.71	video	48	1
160.713	gaming	120	1
160.714	video	83	1
160.72	voip	40	2
160.726	video	82	1
160.738	video	64	1
160.744	gaming	124	2
160.746	voip	40	2
160.752	video	250	1
160.754	video	42	1
160.759	video	250	1
160.76	video	59	1
160.763	video	66	1
160.772	voip	15	2
160.776	video	68	1
160.778	gaming	190	1
160.779	video	62	1
160.782	video	47	1
160.788	video	250	1
160.792	video	250	1
160.793	voip	15	1
160.801	gaming	125	2
160.803	video	211	1
160.815	video	76	1
160.818	video	115	1
160.826	gaming	119	1
160.829	video	162	1
160.832	video	99	1
160.844	video	64	1
160.874	gaming	109	2
160.885	gaming	173	1
160.925	gaming	251	2
160.932	voip	15	2
160.937	gaming	184	1
160.944	video	62	1
160.948	video	172	1
160.95	video	109	1
160.952	voip	15	1
160.957	video	69	1
160.961	video	41	1
160.966	video	41	1
160.978	video	73	1
160.981	video	91	1
160.984	video	65	1
160.988	gaming	110	2
160.996	video	69	1
161	gaming	122	1
161.003	video	57	1
161.006	video	74	1
161.011	video	41	1
161.023	video	43	1
161.027	video	87	1
161.029	video	49	1
161.033	video	75	1
161.038	video	222	1
161.041	video	210	1
161.043	gaming	187	2
161.052	video	41	1
161.054	gaming	119	1
161.092	voip	15	2
161.112	gaming	158	2
161.113	voip	40	1
161.114	gaming	147	1
161.139	voip	40	1
161.153	video	120	1
161.16	video	45	1
161.165	voip	40	1
161.167	gaming	99	1
161.171	video	250	1
161.176	video	98	1
161.179	video	63	1
161.18	gaming	90	2
161.181	video	64	1
161.191	voip	40	1
161.194	video	88	1
161.199	video	40	1
161.203	video	51	1
161.206	video	44	1
161.211	video	115	1
161.217	gaming	175	1
161.218	voip	40	1
161.223	video	72	1
161.229	video	91	1
161.234	video	42	1
161.236	video	45	1
161.241	video	204	1
161.244	voip	40	1
161.246	video	61	1
161.249	video	66	1
161.251	gaming	109	2
161.252	video	81	1
161.253	voip	15	2
161.264	video	57	1
161.27	gaming	168	1
161.271	voip	40	1
161.296	voip	40	1
161.302	gaming	74	2
161.322	voip	40	1
161.326	gaming	152	1
161.349	voip	40	1
161.359	gaming	73	2
161.365	video	122	1
161.369	video	44	1
161.375	voip	40	1
161.377	video	41	1
161.385	gaming	142	1
161.387	video	145	1
161.393	video	106	1
161.401	voip	40	1
161.405	video	40	1
161.41	video	80	1
161.412	voip	15	2
161.419	video	50	1
161.42	gaming	146	2
161.427	video	224	1
161.428	voip	40	1
161.438	video	106	1
161.442	gaming	145	1
161.444	video	56	1
161.452	video	55	1
161.454	voip	40	1
161.455	video	93	1
161.46	video	114	1
161.465	video	41	1
161.469	video	165	1
161.475	gaming	130	2
161.48	voip	40	1
161.481	video	68	1
161.484	video	54	1
161.487	video	68	1
161.492	gaming	172	1
161.501	video	218	1
161.506	voip	40	1
161.531	gaming	114	2
161.532	voip	40	1
161.547	gaming	99	1
161.559	voip	40	1
161.572	voip	15	2
161.585	voip	40	1
161.594	gaming	106	2
161.6	video	72	1
161.604	video	73	1
161.607	gaming	137	1
161.611	voip	40	1
161.617	video	53	1
161.619	video	52	1
161.622	video	86	1
161.633	video	52	1
161.637	video	43	1
161.637	voip	40	1
161.645	gaming	88	2
161.65	video	90	1
161.656	video	250	1
161.657	video	50	1
161.661	gaming	130	1
161.663	voip	40	1
161.666	video	250	1
161.672	video	123	1
161.675	video	70	1
161.678	video	70	1
161.684	video	51	1
161.688	video	213	1
161.69	voip	40	1
161.7	video	51	1
161.703	video	42	1
161.707	video	158	1
161.708	gaming	106	2
161.712	video	42	1
161.716	voip	40	1
161.727	gaming	256	1
161.732	voip	15	2
161.742	voip	40	1
161.768	voip	40	1
161.778	gaming	238	2
161.781	gaming	114	1
161.795	voip	40	1
161.812	video	44	1
161.815	video	70	1
161.819	video	102	1
161.821	voip	40	1
161.822	video	56	1
161.825	video	138	1
161.827	video	53	1
161.83	video	126	1
161.833	video	47	1
161.835	gaming	116	2
161.837	video	76	1
161.841	gaming	167	1
161.847	video	82	1
161.848	voip	40	1
161.85	video	78	1
161.853	video	40	1
161.857	video	49	1
161.861	video	247	1
161.87	video	250	1
161.873	voip	40	1
161.882	video	250	1
161.884	video	46	1
161.891	gaming	317	1
161.893	gaming	127	2
161.894	video	50	1
161.894	voip	15	2
161.9	voip	40	1
161.904	video	64	1
161.906	video	61	1
161.926	voip	40	1
161.943	gaming	109	2
161.948	gaming	119	1
161.952	voip	40	1
161.978	voip	40	1
161.99	gaming	133	2
162.004	gaming	100	1
162.004	voip	40	1
162.006	video	47	1
162.019	video	88	1
162.024	video	250	1
162.026	video	78	1
162.028	video	42	1
162.031	voip	40	1
162.038	gaming	248	2
162.041	video	73	1
162.046	video	72	1
162.048	video	41	1
162.051	video	50	1
162.052	voip	15	2
162.055	video	166	1
162.057	voip	40	1
162.059	video	220	1
162.061	video	68	1
162.067	video	112	1
162.073	video	60	1
162.076	video	91	1
162.08	gaming	105	1
162.082	video	41	1
162.083	voip	40	1
162.086	video	60	1
162.089	video	82	1
162.093	video	151	1
162.094	gaming	124	2
162.096	video	62	1
162.109	voip	40	1
162.133	gaming	115	1
162.136	voip	40	1
162.162	voip	40	1
162.163	gaming	76	2
162.188	gaming	111	1
162.188	voip	40	1
162.196	video	48	1
162.199	video	56	1
162.208	video	75	1
162.212	voip	15	2
162.214	voip	40	1
162.216	video	49	1
162.218	gaming	147	2
162.229	video	215	1
162.234	video	43	1
162.24	video	225	1
162.241	voip	40	1
162.242	gaming	120	1
162.244	video	128	1
162.247	video	174	1
162.249	video	173	1
162.253	video	53	1
162.257	video	127	1
162.263	video	61	1
162.267	voip	40	1
162.27	gaming	142	2
162.272	video	183	1
162.273	video	104	1
162.286	video	103	1
162.293	voip	40	1
162.298	video	40	1
162.301	gaming	145	1
162.302	video	57	1
162.309	video	42	1
162.315	video	45	1
162.319	voip	40	1
162.325	gaming	177	2
162.345	voip	40	1
162.359	gaming	152	1
162.372	voip	40	1
162.372	voip	15	2
162.391	gaming	134	2
162.398	voip	40	1
162.411	gaming	137	1
162.415	video	57	1
162.424	voip	40	1
162.427	video	41	1
162.441	video	250	1
162.443	video	67	1
162.45	voip	40	1
162.452	gaming	114	2
162.453	video	138	1
162.454	video	69	1
162.46	video	43	1
162.463	gaming	81	1
162.467	video	96	1
162.478	video	164	1
162.478	voip	40	1
162.486	video	57	1
162.488	video	44	1
162.5	video	250	1
162.503	voip	40	1
162.505	video	56	1
162.512	video	146	1
162.514	video	101	1
162.516	gaming	160	1
162.517	video	42	1
162.518	gaming	159	2
162.526	video	107	1
162.529	voip	40	1
162.53	video	73	1
162.532	voip	15	2
162.539	video	75	1
162.542	video	43	1
162.555	voip	40	1
162.567	gaming	169	1
162.57	gaming	98	2
162.581	voip	40	1
162.608	voip	40	1
162.617	gaming	160	1
162.626	gaming	104	2
162.634	voip	40	1
162.643	video	56	1
162.647	video	250	1
162.649	video	66	1
162.652	video	53	1
162.655	video	60	1
162.66	voip	40	1
162.665	video	85	1
162.669	video	105	1
162.675	gaming	199	1
162.676	gaming	68	2
162.683	video	250	1
162.686	voip	40	1
162.692	voip	40	2
162.694	video	59	1
162.704	video	48	1
162.709	video	59	1
162.712	video	117	1
162.713	voip	40	1
162.716	video	99	1
162.718	voip	40	2
162.719	video	49	1
162.724	video	83	1
162.727	video	68	1
162.732	video	67	1
162.735	gaming	117	2
162.737	video	250	1
162.739	voip	40	1
162.74	video	53	1
162.743	video	58	1
162.744	gaming	102	1
162.745	voip	40	2
162.765	voip	40	1
162.771	voip	40	2
162.784	gaming	197	2
162.791	voip	40	1
162.796	gaming	95	1
162.797	voip	40	2
162.818	voip	40	1
162.823	voip	40	2
162.843	video	51	1
162.844	voip	40	1
162.849	gaming	162	2
162.85	voip	40	2
162.857	video	250	1
162.859	gaming	170	1
162.863	video	126	1
162.87	voip	40	1
162.872	video	56	1
162.875	video	45	1
162.876	voip	40	2
162.885	video	216	1
162.886	video	40	1
162.896	voip	40	1
162.898	video	59	1
162.902	voip	40	2
162.903	video	48	1
162.906	gaming	208	1
162.909	video	74	1
162.913	gaming	131	2
162.921	video	49	1
162.922	voip	40	1
162.926	video	163	1
162.928	voip	40	2
162.929	video	55	1
162.941	video	54	1
162.946	video	43	1
162.949	voip	40	1
162.951	video	68	1
162.955	video	97	1
162.955	voip	40	2
162.96	video	176	1
162.964	video	70	1
162.966	gaming	252	1
162.967	gaming	99	2
162.968	video	76	1
162.975	voip	40	1
162.981	voip	40	2
163.001	voip	40	1
163.007	voip	40	2
163.027	gaming	106	2
163.028	gaming	121	1
163.029	voip	40	1
163.033	voip	40	2
163.054	voip	40	1
163.059	voip	40	2
163.069	video	208	1
163.071	video	50	1
163.074	gaming	149	1
163.075	video	55	1
163.08	voip	40	1
163.081	video	51	1
163.084	gaming	125	2
163.086	voip	40	2
163.095	video	250	1
163.097	video	141	1
163.1	video	48	1
163.104	video	71	1
163.106	voip	40	1
163.11	video	147	1
163.112	voip	40	2
163.113	video	60	1
163.124	video	116	1
163.126	gaming	145	1
163.132	voip	40	1
163.135	video	91	1
163.138	voip	40	2
163.139	video	52	1
163.143	video	60	1
163.146	gaming	190	2
163.148	video	99	1
163.159	voip	40	1
163.159	video	63	1
163.164	voip	40	2
163.173	video	250	1
163.18	video	188	1
163.182	gaming	141	1
163.185	voip	40	1
163.187	video	96	1
163.189	video	41	1
163.19	voip	40	2
163.206	gaming	209	2
163.211	voip	40	1
163.217	voip	40	2
163.23	gaming	140	1
163.237	voip	40	1
163.243	voip	40	2
163.26	gaming	109	2
163.263	voip	40	1
163.269	voip	40	2
163.286	gaming	119	1
163.289	video	52	1
163.29	voip	40	1
163.292	video	70	1
163.295	video	73	1
163.296	voip	40	2
163.299	video	62	1
163.312	video	49	1
163.316	video	119	1
163.316	voip	40	1
163.321	gaming	98	2
163.322	video	67	1
163.322	voip	40	2
163.328	video	228	1
163.339	video	54	1
163.341	gaming	200	1
163.342	voip	15	1
163.348	voip	40	2
163.349	video	64	1
163.351	video	144	1
163.363	video	42	1
163.367	video	51	1
163.37	gaming	158	2
163.374	voip	15	2
163.379	video	71	1
163.391	video	41	1
163.396	gaming	205	1
163.404	video	72	1
163.409	video	250	1
163.412	video	250	1
163.413	video	49	1
163.416	video	46	1
163.418	gaming	128	2
163.449	gaming	160	1
163.468	gaming	102	2
163.502	voip	15	1
163.507	gaming	103	1
163.516	video	68	1
163.52	video	46	1
163.523	video	60	1
163.526	video	51	1
163.533	gaming	168	2
163.534	video	86	1
163.535	voip	15	2
163.536	video	70	1
163.538	video	44	1
163.55	video	43	1
163.553	video	40	1
163.566	video	50	1
163.57	gaming	94	1
163.571	video	46	1
163.576	video	133	1
163.578	video	41	1
163.582	video	48	1
163.588	video	58	1
163.59	video	59	1
163.604	video	149	1
163.615	gaming	96	2
163.617	video	212	1
163.62	video	250	1
163.627	gaming	144	1
163.631	video	142	1
163.659	gaming	121	2
163.662	voip	15	1
163.683	gaming	136	1
163.694	voip	15	2
163.705	gaming	169	2
163.731	video	57	1
163.734	gaming	117	1
163.734	video	41	1
163.747	video	44	1
163.754	video	47	1
163.755	gaming	102	2
163.757	video	46	1
163.76	video	71	1
163.763	video	46	1
163.767	video	82	1
163.769	video	44	1
163.776	video	203	1
163.781	video	77	1
163.787	video	250	1
163.788	video	50	1
163.792	gaming	123	1
163.802	video	196	1
163.813	video	93	1
163.816	video	54	1
163.819	video	61	1
163.82	gaming	121	2
163.822	voip	15	1
163.823	video	90	1
163.83	video	206	1
163.835	video	231	1
163.843	gaming	158	1
163.854	voip	15	2
163.88	gaming	133	2
163.9	gaming	91	1
163.927	gaming	137	2
163.933	video	55	1
163.938	video	157	1
163.941	video	40	1
163.945	video	51	1
163.955	gaming	125	1
163.959	video	242	1
163.962	video	237	1
163.965	video	47	1
163.97	video	55	1
163.974	video	103	1
163.976	video	71	1
163.98	gaming	140	2
163.982	voip	15	1
163.988	video	44	1
164.002	video	158	1
164.003	video	41	1
164.01	gaming	186	1
164.013	video	44	1
164.014	voip	15	2
164.019	video	46	1
164.032	video	55	1
164.035	video	48	1
164.038	gaming	91	2
164.041	video	80	1
164.043	video	43	1
164.051	video	234	1
164.073	gaming	140	1
164.088	gaming	57	2
164.136	gaming	133	2
164.143	gaming	185	1
164.144	voip	15	1
164.15	video	83	1
164.154	video	74	1
164.158	video	250	1
164.166	video	214	1
164.168	video	66	1
164.173	video	43	1
164.174	voip	15	2
164.178	video	70	1
164.184	video	92	1
164.187	video	78	1
164.19	gaming	183	2
164.192	video	125	1
164.2	video	44	1
164.204	gaming	192	1
164.205	video	57	1
164.208	video	250	1
164.212	video	250	1
164.216	video	250	1
164.22	video	250	1
164.224	video	250	1
164.23	video	250	1
164.235	video	46	1
164.238	video	53	1
164.248	gaming	71	2
164.26	gaming	68	1
164.3	gaming	96	2
164.302	voip	15	1
164.327	gaming	78	1
164.334	voip	15	2
164.339	video	162	1
164.342	video	49	1
164.347	video	250	1
164.35	video	168	1
164.353	video	42	1
164.355	video	79	1
164.359	video	127	1
164.361	video	71	1
164.366	video	212	1
164.369	video	134	1
164.37	gaming	105	2
164.371	video	45	1
164.376	video	176	1
164.385	gaming	180	1
164.388	video	89	1
164.391	video	60	1
164.397	video	166	1
164.403	video	250	1
164.405	video	57	1
164.417	video	49	1
164.427	gaming	133	2
164.429	video	44	1
164.431	gaming	87	1
164.435	video	58	1
164.462	voip	15	1
164.476	gaming	112	2
164.489	gaming	135	1
164.494	voip	15	2
164.524	gaming	73	2
164.535	video	61	1
164.539	gaming	109	1
164.54	video	102	1
164.546	video	80	1
164.548	video	42	1
164.557	video	41	1
164.566	video	52	1
164.569	video	69	1
164.573	video	84	1
164.585	video	47	1
164.586	gaming	112	2
164.597	gaming	298	1
164.598	video	50	1
164.601	video	250	1
164.602	video	43	1
164.606	video	42	1
164.611	video	84	1
164.617	video	120	1
164.622	voip	15	1
164.629	video	77	1
164.642	video	70	1
164.644	gaming	141	2
164.646	video	147	1
164.652	gaming	197	1
164.653	video	83	1
164.654	voip	15	2
164.658	video	49	1
164.699	gaming	197	2
164.715	gaming	106	1
164.757	gaming	105	2
164.758	video	41	1
164.771	gaming	145	1
164.772	video	48	1
164.774	video	102	1
164.777	video	145	1
164.781	video	67	1
164.782	voip	15	1
164.785	video	42	1
164.799	video	220	1
164.806	video	40	1
164.81	video	145	1
164.813	gaming	174	2
164.814	voip	15	2
164.815	video	63	1
164.822	gaming	145	1
164.824	video	46	1
164.828	video	102	1
164.831	video	87	1
164.836	video	66	1
164.848	video	44	1
164.851	video	52	1
164.863	video	43	1
164.87	gaming	135	2
164.871	video	50	1
164.874	gaming	100	1
164.883	video	83	1
164.894	video	85	1
164.924	gaming	145	2
164.929	gaming	103	1
164.942	voip	15	1
164.974	voip	15	2
164.993	gaming	95	1
164.995	gaming	134	2
164.996	video	42	1
164.997	video	70	1
165	video	112	1
165.003	video	58	1
165.007	video	107	1
165.014	video	52	1
165.018	video	48	1
165.022	video	56	1
165.031	video	208	1
165.035	video	250	1
165.038	video	231	1
165.049	video	123	1
165.053	gaming	199	1
165.061	gaming	178	2
165.062	video	44	1
165.069	video	41	1
165.082	video	89	1
165.085	video	52	1
165.098	video	160	1
165.102	voip	15	1
165.105	gaming	137	1
165.106	video	75	1
165.117	gaming	123	2
165.118	video	80	1
165.12	video	81	1
165.134	voip	15	2
165.172	gaming	115	1
165.182	gaming	177	2
165.22	video	149	1
165.224	video	43	1
165.232	video	250	1
165.235	gaming	203	1
165.237	gaming	171	2
165.243	video	68	1
165.25	video	105	1
165.254	video	89	1
165.261	video	250	1
165.262	voip	15	1
165.273	video	118	1
165.286	video	250	1
165.287	video	40	1
165.289	gaming	86	2
165.29	video	49	1
165.295	video	243	1
165.296	voip	15	2
165.298	video	87	1
165.299	gaming	105	1
165.307	video	55	1
165.311	video	56	1
165.324	video	58	1
165.33	video	50	1
165.341	gaming	119	2
165.344	video	250	1
165.347	video	61	1
165.359	video	53	1
165.362	gaming	130	1
165.416	gaming	134	2
165.422	voip	15	1
165.429	gaming	125	1
165.454	voip	15	2
165.459	video	52	1
165.463	video	79	1
165.466	video	85	1
165.469	video	100	1
165.474	gaming	61	2
165.476	video	170	1
165.477	gaming	90	1
165.482	video	77	1
165.485	video	61	1
165.488	video	50	1
165.493	video	250	1
165.503	video	42	1
165.507	video	81	1
165.512	video	247	1
165.516	video	102	1
165.52	video	79	1
165.522	video	46	1
165.525	video	62	1
165.528	video	47	1
165.533	gaming	170	2
165.534	video	54	1
165.54	gaming	117	1
165.545	video	54	1
165.548	video	57	1
165.582	voip	15	1
165.588	gaming	119	2
165.608	gaming	116	1
165.614	voip	15	2
165.638	gaming	172	2
165.648	video	76	1
165.654	video	250	1
165.658	video	56	1
165.662	video	161	1
165.664	gaming	219	1
165.666	video	88	1
165.668	video	71	1
165.682	video	250	1
165.684	video	84	1
165.696	video	45	1
165.702	video	57	1
165.706	video	244	1
165.707	gaming	160	2
165.717	video	46	1
165.718	gaming	113	1
165.726	video	57	1
165.729	video	98	1
165.741	video	40	1
165.742	voip	15	1
165.75	video	211	1
165.756	video	97	1
165.768	video	74	1
165.769	gaming	128	2
165.77	gaming	83	1
165.772	video	138	1
165.774	voip	15	2
165.778	video	57	1
165.828	gaming	219	1
165.831	gaming	100	2
165.878	video	61	1
165.88	gaming	154	1
165.884	video	42	1
165.896	video	57	1
165.898	gaming	124	2
165.901	video	204	1
165.902	voip	15	1
165.903	video	73	1
165.907	video	149	1
165.91	video	60	1
165.913	video	52	1
165.917	video	69	1
165.921	video	51	1
165.927	video	50	1
165.93	video	41	1
165.934	voip	15	2
165.94	gaming	196	1
165.941	video	68	1
165.943	video	66	1
165.948	video	250	1
165.955	video	58	1
165.957	gaming	122	2
165.958	video	43	1
165.972	video	151	1
165.983	video	60	1
165.987	video	48	1
165.99	gaming	83	1
166.026	gaming	111	2
166.041	gaming	80	1
166.062	voip	15	1
166.08	gaming	145	2
166.088	video	124	1
166.092	video	41	1
166.094	voip	15	2
166.096	video	250	1
166.1	video	250	1
166.105	gaming	144	1
166.112	video	250	1
166.116	video	55	1
166.122	video	82	1
166.136	video	240	1
166.143	gaming	123	2
166.149	video	250	1
166.151	video	157	1
166.158	video	61	1
166.161	video	84	1
166.167	video	125	1
166.171	video	90	1
166.175	video	90	1
166.177	gaming	187	1
166.179	video	48	1
166.184	video	42	1
166.192	gaming	136	2
166.194	video	41	1
166.197	video	56	1
166.2	video	92	1
166.222	voip	15	1
166.247	gaming	171	1
166.252	gaming	120	2
166.254	voip	15	2
166.301	video	195	1
166.303	video	58	1
166.306	gaming	127	2
166.309	video	250	1
166.31	video	57	1
166.318	gaming	85	1
166.323	video	92	1
166.328	video	164	1
166.33	video	123	1
166.334	video	120	1
166.339	video	141	1
166.352	video	227	1
166.361	gaming	149	2
166.364	video	61	1
166.376	video	250	1
166.377	gaming	123	1
166.382	voip	15	1
166.385	video	53	1
166.391	video	250	1
166.402	video	79	1
166.412	gaming	234	2
166.416	video	250	1
166.416	voip	15	2
166.419	video	250	1
166.422	video	119	1
166.424	video	62	1
166.429	gaming	170	1
166.433	video	118	1
166.462	gaming	132	2
166.488	gaming	230	1
166.513	gaming	171	2
166.532	gaming	89	1
166.533	video	47	1
166.537	video	41	1
166.541	video	55	1
166.542	voip	15	1
166.546	video	46	1
166.56	video	136	1
166.562	video	55	1
166.57	gaming	79	2
166.573	video	49	1
166.574	voip	15	2
166.582	video	44	1
166.586	video	40	1
166.59	video	46	1
166.595	video	239	1
166.597	video	43	1
166.604	gaming	187	1
166.61	video	89	1
166.612	video	65	1
166.616	video	56	1
166.621	video	85	1
166.624	video	157	1
166.627	video	53	1
166.634	video	166	1
166.637	video	79	1
166.641	gaming	105	2
166.658	gaming	112	1
166.702	voip	40	1
166.708	gaming	260	2
166.713	gaming	160	1
166.728	voip	40	1
166.734	voip	15	2
166.737	video	46	1
166.74	video	86	1
166.743	video	68	1
166.747	video	51	1
166.751	video	230	1
166.752	video	40	1
166.755	voip	40	1
166.756	video	76	1
166.763	gaming	84	1
166.766	gaming	233	2
166.767	video	40	1
166.773	video	250	1
166.774	video	41	1
166.781	voip	40	1
166.787	video	60	1
166.792	video	42	1
166.795	video	84	1
166.807	video	50	1
166.808	voip	40	1
166.811	video	178	1
166.82	gaming	123	1
166.821	gaming	140	2
166.823	video	213	1
166.825	video	78	1
166.833	voip	40	1
166.836	video	71	1
166.844	video	49	1
166.846	video	45	1
166.86	voip	40	1
166.869	gaming	74	2
166.885	gaming	113	1
166.886	voip	40	1
166.894	voip	15	2
166.912	voip	40	1
166.925	gaming	154	2
166.938	voip	40	1
166.946	video	55	1
166.953	gaming	173	1
166.958	video	41	1
166.964	voip	40	1
166.966	video	49	1
166.969	video	196	1
166.971	video	46	1
166.984	video	53	1
166.991	gaming	113	2
166.991	voip	40	1
166.997	video	118	1
167.004	gaming	72	1
167.009	video	58	1
167.015	video	165	1
167.017	voip	40	1
167.027	video	190	1
167.034	video	250	1
167.038	video	140	1
167.045	video	250	1
167.046	voip	40	1
167.049	video	199	1
167.05	gaming	95	2
167.052	video	176	1
167.055	gaming	183	1
167.056	voip	15	2
167.057	video	46	1
167.059	video	48	1
167.067	video	61	1
167.069	voip	40	1
167.07	video	67	1
167.082	video	45	1
167.096	voip	40	1
167.106	gaming	122	2
167.116	gaming	129	1
167.122	voip	40	1
167.148	voip	40	1
167.156	gaming	120	2
167.173	gaming	112	1
167.174	voip	40	1
167.182	video	41	1
167.185	video	114	1
167.197	video	56	1
167.201	voip	40	1
167.202	video	141	1
167.209	video	40	1
167.214	voip	15	2
167.219	video	111	1
167.222	video	215	1
167.224	gaming	129	1
167.226	video	149	1
167.227	voip	40	1
167.229	video	98	1
167.23	gaming	149	2
167.233	video	110	1
167.245	video	48	1
167.252	video	172	1
167.253	voip	40	1
167.257	video	47	1
167.264	video	51	1
167.269	video	75	1
167.279	voip	40	1
167.283	video	250	1
167.286	gaming	302	2
167.287	video	42	1
167.299	video	44	1
167.302	gaming	173	1
167.303	video	72	1
167.305	voip	40	1
167.306	video	50	1
167.332	gaming	140	2
167.333	voip	40	1
167.358	voip	40	1
167.36	gaming	100	1
167.374	voip	15	2
167.384	voip	40	1
167.388	gaming	190	2
167.407	video	77	1
167.41	video	43	1
167.411	voip	40	1
167.414	video	64	1
167.425	video	99	1
167.428	gaming	109	1
167.43	video	51	1
167.435	video	56	1
167.437	gaming	103	2
167.437	voip	40	1
167.44	video	66	1
167.443	video	80	1
167.448	video	42	1
167.461	video	48	1
167.463	voip	40	1
167.464	video	114	1
167.474	video	250	1
167.477	video	81	1
167.479	gaming	163	1
167.483	video	75	1
167.49	video	250	1
167.491	voip	40	1
167.493	video	250	1
167.495	gaming	116	2
167.495	video	53	1
167.499	video	250	1
167.5	video	93	1
167.505	video	53	1
167.515	voip	40	1
167.534	voip	15	2
167.537	gaming	166	1
167.541	voip	40	1
167.568	voip	40	1
167.574	gaming	101	2
167.586	gaming	170	1
167.594	voip	40	1
167.605	video	58	1
167.608	video	81	1
167.611	video	50	1
167.617	video	250	1
167.62	voip	40	1
167.626	video	104	1
167.628	gaming	184	2
167.632	video	119	1
167.635	video	50	1
167.639	video	46	1
167.64	gaming	127	1
167.642	video	98	1
167.645	video	93	1
167.646	voip	40	1
167.648	video	42	1
167.66	video	250	1
167.669	video	70	1
167.672	video	139	1
167.673	voip	40	1
167.684	gaming	165	2
167.685	video	55	1
167.687	video	42	1
167.69	video	131	1
167.694	voip	15	2
167.696	video	218	1
167.699	voip	40	1
167.701	gaming	210	1
167.703	video	123	1
167.705	video	80	1
167.725	voip	40	1
167.738	gaming	94	2
167.752	gaming	168	1
167.753	voip	40	1
167.778	voip	40	1
167.793	gaming	105	2
167.804	voip	40	1
167.805	video	97	1
167.809	gaming	103	1
167.811	video	62	1
167.824	video	48	1
167.828	video	187	1
167.83	voip	40	1
167.841	video	250	1
167.842	gaming	151	2
167.847	video	185	1
167.848	video	42	1
167.854	voip	15	2
167.856	voip	15	1
167.859	video	82	1
167.863	gaming	178	1
167.866	video	250	1
167.877	video	250	1
167.88	video	112	1
167.883	video	78	1
167.887	video	59	1
167.891	video	50	1
167.896	video	171	1
167.898	gaming	167	2
167.902	video	238	1
167.903	video	80	1
167.905	video	43	1
167.912	video	60	1
167.916	video	69	1
167.917	gaming	94	1
167.949	gaming	160	2
167.982	gaming	96	1
167.999	gaming	145	2
168.014	voip	15	2
168.016	video	49	1
168.017	voip	15	1
168.021	video	250	1
168.032	video	40	1
168.036	gaming	104	1
168.036	video	43	1
168.039	video	69	1
168.043	video	42	1
168.046	video	107	1
168.05	video	52	1
168.054	gaming	145	2
168.063	video	49	1
168.067	video	47	1
168.07	video	60	1
168.073	video	54	1
168.081	video	250	1
168.083	video	138	1
168.085	video	47	1
168.09	video	125	1
168.102	video	101	1
168.105	video	78	1
168.109	video	43	1
168.111	gaming	119	1
168.113	gaming	144	2
168.121	video	140	1
168.174	voip	15	2
168.176	gaming	148	1
168.176	voip	15	1
168.181	gaming	267	2
168.221	video	80	1
168.226	video	49	1
168.232	video	49	1
168.238	gaming	113	1
168.242	video	95	1
168.246	video	151	1
168.249	video	116	1
168.251	gaming	213	2
168.252	video	79	1
168.265	video	82	1
168.268	video	69	1
168.272	video	123	1
168.275	video	62	1
168.281	video	63	1
168.284	video	53	1
168.287	video	103	1
168.292	video	250	1
168.294	gaming	100	1
168.302	gaming	110	2
168.303	video	98	1
168.306	video	43	1
168.319	video	78	1
168.322	video	66	1
168.328	video	250	1
168.334	voip	15	2
168.336	voip	15	1
168.351	gaming	121	1
168.379	gaming	95	2
168.413	gaming	123	1
168.426	video	55	1
168.43	video	48	1
168.432	gaming	130	2
168.442	video	41	1
168.445	video	62	1
168.448	video	47	1
168.451	video	77	1
168.456	video	155	1
168.458	video	87	1
168.467	video	55	1
168.469	gaming	138	1
168.475	video	243	1
168.476	video	60	1
168.481	video	87	1
168.484	video	61	1
168.489	video	49	1
168.494	voip	15	2
168.496	voip	15	1
168.499	gaming	105	2
168.502	video	40	1
168.515	video	54	1
168.517	video	99	1
168.522	video	45	1
168.526	video	64	1
168.533	video	47	1
168.536	gaming	119	1
168.555	gaming	109	2
168.59	gaming	144	1
168.622	gaming	154	2
168.634	video	75	1
168.643	gaming	96	1
168.646	video	53	1
168.649	video	93	1
168.654	voip	15	2
168.656	voip	15	1
168.659	video	63	1
168.662	video	76	1
168.675	video	47	1
168.677	gaming	202	2
168.678	video	56	1
168.682	video	40	1
168.695	video	96	1
168.703	gaming	201	1
168.707	video	80	1
168.712	video	51	1
168.715	video	58	1
168.72	video	67	1
168.724	video	41	1
168.727	gaming	186	2
168.73	video	243	1
168.733	video	250	1
168.734	video	40	1
168.737	video	43	1
168.74	video	49	1
168.745	video	138	1
168.754	gaming	189	1
168.785	gaming	217	2
168.815	gaming	118	1
168.815	voip	15	2
168.816	voip	15	1
168.846	gaming	215	2
168.847	video	143	1
168.854	video	110	1
168.857	video	94	1
168.87	video	250	1
168.871	video	49	1
168.876	gaming	96	1
168.88	video	124	1
168.892	video	92	1
168.899	video	57	1
168.907	gaming	152	2
168.909	video	76	1
168.912	video	50	1
168.916	video	162	1
168.921	video	250	1
168.931	video	40	1
168.936	video	99	1
168.938	gaming	183	1
168.946	video	153	1
168.955	video	75	1
168.957	video	84	1
168.965	video	213	1
168.974	voip	15	2
168.976	video	48	1
168.977	voip	15	1
168.979	gaming	182	2
168.982	video	250	1
168.989	gaming	100	1
169.035	gaming	197	2
169.04	gaming	118	1
169.079	video	105	1
169.083	video	40	1
169.087	video	250	1
169.09	video	65	1
169.096	gaming	96	1
169.098	video	112	1
169.099	gaming	116	2
169.101	video	159	1
169.106	video	64	1
169.111	video	95	1
169.113	video	45	1
169.124	video	103	1
169.134	video	57	1
169.135	voip	40	2
169.136	voip	15	1
169.137	video	81	1
169.142	video	250	1
169.144	video	66	1
169.147	video	50	1
169.153	video	250	1
169.155	video	51	1
169.156	gaming	94	1
169.158	gaming	192	2
169.161	video	250	1
169.162	video	54	1
169.162	voip	40	2
169.163	video	44	1
169.187	voip	40	2
169.213	gaming	211	1
169.214	voip	40	2
169.219	gaming	203	2
169.239	voip	40	2
169.263	video	54	1
169.265	voip	40	2
169.271	gaming	99	1
169.273	video	88	1
169.275	gaming	135	2
169.278	video	250	1
169.29	video	172	1
169.292	video	89	1
169.292	voip	40	2
169.295	video	45	1
169.296	voip	15	1
169.309	video	250	1
169.318	video	136	1
169.319	voip	40	2
169.323	video	76	1
169.331	gaming	128	1
169.334	video	114	1
169.338	video	61	1
169.34	video	86	1
169.344	voip	40	2
169.346	video	54	1
169.353	gaming	114	2
169.355	video	45	1
169.368	video	142	1
169.37	voip	40	2
169.374	video	116	1
169.377	video	202	1
169.38	video	61	1
169.383	video	63	1
169.39	video	250	1
169.391	gaming	106	1
169.396	voip	40	2
169.423	gaming	113	2
169.423	voip	40	2
169.449	voip	40	2
169.45	gaming	116	1
169.456	voip	15	1
169.475	voip	40	2
169.481	gaming	102	2
169.488	video	77	1
169.491	video	49	1
169.496	video	57	1
169.5	gaming	139	1
169.501	voip	40	2
169.504	video	72	1
169.507	video	46	1
169.511	video	65	1
169.517	video	86	1
169.528	voip	40	2
169.529	video	42	1
169.532	video	67	1
169.535	video	74	1
169.538	video	40	1
169.539	gaming	93	2
169.551	video	130	1
169.554	voip	40	2
169.556	video	250	1
169.559	video	240	1
169.571	gaming	356	1
169.571	video	51	1
169.58	voip	40	2
169.582	video	126	1
169.591	gaming	132	2
169.592	video	106	1
169.596	video	159	1
169.606	voip	40	2
169.608	video	62	1
169.614	video	250	1
169.616	voip	15	1
169.625	gaming	142	1
169.632	voip	40	2
169.642	gaming	80	2
169.659	voip	40	2
169.685	voip	40	2
169.688	gaming	83	1
169.696	gaming	98	2
169.711	voip	40	2
169.713	video	161	1
169.725	video	95	1
169.732	video	49	1
169.737	voip	40	2
169.74	video	46	1
169.741	gaming	135	1
169.743	video	78	1
169.75	gaming	129	2
169.755	video	40	1
169.758	video	54	1
169.761	video	53	1
169.764	voip	40	2
169.773	video	54	1
169.776	voip	15	1
169.781	video	250	1
169.785	video	250	1
169.788	video	70	1
169.79	voip	40	2
169.791	video	135	1
169.795	video	247	1
169.799	video	249	1
169.8	video	52	1
169.809	gaming	107	2
169.81	video	58	1
169.813	video	60	1
169.816	voip	40	2
169.817	gaming	78	1
169.821	video	89	1
169.835	video	250	1
169.842	voip	40	2
169.868	gaming	88	1
169.869	voip	40	2
169.871	gaming	202	2
169.895	voip	40	2
169.921	voip	40	2
169.922	gaming	84	1
169.925	gaming	108	2
169.933	video	53	1
169.936	video	97	1
169.937	voip	15	1
169.947	voip	40	2
169.95	video	226	1
169.951	video	87	1
169.954	video	67	1
169.966	video	250	1
169.967	video	86	1
169.973	video	47	1
169.974	voip	40	2
169.979	gaming	119	1
169.98	gaming	157	2
169.984	video	53	1
169.996	video	54	1
169.999	video	111	1
170	voip	40	2
170.011	video	125	1
170.016	video	193	1
170.018	video	57	1
170.02	video	63	1
170.026	voip	40	2
170.029	video	250	1
170.031	gaming	83	1
170.032	video	42	1
170.035	gaming	155	2
170.036	video	55	1
170.042	video	52	1
170.045	video	58	1
170.052	voip	40	2
170.078	voip	40	2
170.096	voip	15	1
170.102	gaming	178	1
170.105	voip	40	2
170.109	gaming	181	2
170.131	voip	40	2
170.145	video	42	1
170.15	video	161	1
170.152	video	67	1
170.155	video	55	1
170.157	voip	40	2
170.161	gaming	138	1
170.163	gaming	191	2
170.164	video	43	1
170.167	video	90	1
170.171	video	49	1
170.178	video	187	1
170.183	voip	40	2
170.187	video	76	1
170.194	video	59	1
170.197	video	104	1
170.201	video	220	1
170.205	video	250	1
170.209	voip	40	2
170.216	video	44	1
170.219	gaming	177	1
170.221	gaming	164	2
170.229	video	164	1
170.233	video	61	1
170.236	voip	40	2
170.237	video	106	1
170.249	video	52	1
170.254	video	66	1
170.256	voip	15	1
170.26	video	55	1
170.262	voip	40	2
170.276	gaming	161	2
170.288	gaming	113	1
170.288	voip	40	2
170.314	voip	40	2
170.324	gaming	133	2
170.341	voip	40	2
170.342	gaming	75	1
170.36	video	144	1
170.363	video	81	1
170.367	video	88	1
170.367	voip	40	2
170.373	video	250	1
170.376	video	53	1
170.379	video	63	1
170.384	gaming	120	2
170.391	video	48	1
170.393	voip	40	2
170.396	video	137	1
170.4	gaming	131	1
170.405	video	134	1
170.416	video	100	1
170.416	voip	15	1
170.419	voip	40	2
170.421	video	62	1
170.425	video	250	1
170.426	video	41	1
170.439	video	48	1
170.444	gaming	107	2
170.445	video	93	1
170.446	voip	40	2
170.447	video	66	1
170.448	gaming	164	1
170.454	video	168	1
170.456	video	176	1
170.461	video	71	1
170.466	video	44	1
170.472	voip	40	2
170.498	voip	40	2
170.503	gaming	114	1
170.505	gaming	134	2
170.524	voip	40	2
170.55	voip	40	2
170.557	gaming	360	1
170.562	gaming	138	2
170.567	video	102	1
170.575	video	41	1
170.576	voip	15	1
170.577	voip	40	2
170.588	video	44	1
170.591	video	41	1
170.594	video	60	1
170.6	video	115	1
170.604	video	119	1
170.604	voip	40	2
170.606	gaming	103	2
170.607	video	132	1
170.609	video	45	1
170.614	video	250	1
170.617	gaming	121	1
170.619	video	223	1
170.626	video	54	1
170.629	voip	40	2
170.635	video	69	1
170.64	video	250	1
170.652	video	83	1
170.655	video	47	1
170.655	voip	40	2
170.66	video	41	1
170.668	video	50	1
170.669	gaming	116	2
170.673	video	53	1
170.676	gaming	150	1
170.682	voip	40	2
170.686	video	128	1
170.708	voip	40	2
170.721	gaming	115	2
170.734	voip	40	2
170.736	gaming	63	1
170.737	voip	15	1
170.76	voip	40	2
170.775	gaming	173	2
170.785	video	48	1
170.787	voip	40	2
170.788	gaming	130	1
170.789	video	43	1
170.796	video	65	1
170.802	video	50	1
170.807	video	250	1
170.81	video	101	1
170.813	video	69	1
170.813	voip	40	2
170.817	video	116	1
170.819	video	55	1
170.831	video	60	1
170.833	gaming	139	2
170.839	voip	40	2
170.843	video	65	1
170.848	video	250	1
170.85	video	53	1
170.854	video	81	1
170.856	video	48	1
170.859	gaming	131	1
170.865	video	77	1
170.865	voip	40	2
170.869	video	62	1
170.875	video	57	1
170.879	video	55	1
170.883	video	98	1
170.888	gaming	138	2
170.891	voip	40	2
170.896	voip	15	1
170.916	gaming	109	1
170.918	voip	40	2
170.944	voip	40	2
170.955	gaming	209	2
170.963	gaming	210	1
170.97	voip	40	2
170.983	video	57	1
170.986	video	96	1
170.988	video	44	1
170.993	video	45	1
170.998	video	250	1
170.999	voip	40	2
170.999	video	45	1
171.004	video	250	1
171.013	video	128	1
171.023	gaming	108	1
171.023	voip	40	2
171.025	video	41	1
171.027	gaming	173	2
171.03	video	250	1
171.034	video	250	1
171.036	video	118	1
171.042	video	191	1
171.049	video	81	1
171.05	voip	40	2
171.056	voip	15	1
171.06	video	90	1
171.064	video	54	1
171.067	video	150	1
171.074	gaming	127	2
171.075	voip	40	2
171.076	video	76	1
171.079	gaming	110	1
171.083	video	133	1
171.085	video	46	1
171.101	voip	40	2
171.127	gaming	159	1
171.128	voip	40	2
171.13	gaming	108	2
171.154	voip	40	2
171.18	voip	40	2
171.185	video	60	1
171.199	video	250	1
171.203	gaming	137	1
171.204	video	54	1
171.206	voip	40	2
171.208	video	167	1
171.211	gaming	196	2
171.212	video	54	1
171.216	voip	15	1
171.225	video	134	1
171.23	video	48	1
171.232	voip	40	2
171.233	video	64	1
171.237	video	123	1
171.241	video	250	1
171.245	video	59	1
171.248	video	44	1
171.25	video	50	1
171.253	video	69	1
171.255	gaming	99	1
171.259	voip	40	2
171.264	video	47	1
171.27	gaming	116	2
171.277	video	56	1
171.28	video	40	1
171.284	video	151	1
171.285	voip	40	2
171.289	video	63	1
171.294	video	166	1
171.311	voip	40	2
171.317	gaming	125	1
171.321	gaming	215	2
171.337	voip	40	2
171.364	voip	40	2
171.371	gaming	148	1
171.376	voip	15	1
171.39	voip	40	2
171.392	gaming	95	2
171.393	video	62	1
171.396	video	49	1
171.4	video	50	1
171.408	video	60	1
171.416	voip	40	2
171.419	video	74	1
171.432	video	200	1
171.44	gaming	92	1
171.444	gaming	252	2
171.445	voip	40	2
171.446	video	64	1
171.448	video	74	1
171.453	video	250	1
171.458	video	112	1
171.462	video	87	1
171.466	video	106	1
171.469	video	162	1
171.469	voip	15	2
171.481	video	101	1
171.483	video	49	1
171.494	gaming	200	2
171.495	video	40	1
171.497	gaming	184	1
171.498	video	43	1
171.508	video	107	1
171.51	video	43	1
171.515	video	44	1
171.536	voip	40	1
171.557	gaming	132	2
171.563	gaming	123	1
171.563	voip	40	1
171.589	voip	40	1
171.615	voip	40	1
171.617	video	250	1
171.619	gaming	111	2
171.62	video	114	1
171.623	gaming	264	1
171.624	video	133	1
171.626	video	41	1
171.628	voip	15	2
171.639	video	45	1
171.641	voip	40	1
171.652	video	250	1
171.662	video	44	1
171.667	voip	40	1
171.676	video	250	1
171.678	gaming	206	2
171.679	gaming	103	1
171.68	video	58	1
171.682	video	51	1
171.689	video	79	1
171.692	video	84	1
171.694	voip	40	1
171.694	video	45	1
171.698	video	58	1
171.705	video	106	1
171.709	video	174	1
171.711	video	41	1
171.717	video	48	1
171.72	voip	40	1
171.721	video	46	1
171.724	video	44	1
171.734	gaming	205	1
171.737	gaming	123	2
171.746	voip	40	1
171.772	voip	40	1
171.788	voip	15	2
171.792	gaming	309	1
171.799	gaming	149	2
171.8	voip	40	1
171.824	video	66	1
171.825	voip	40	1
171.834	video	40	1
171.837	video	46	1
171.842	video	45	1
171.844	gaming	140	2
171.847	video	250	1
171.848	gaming	151	1
171.851	voip	40	1
171.853	video	116	1
171.864	video	43	1
171.868	video	58	1
171.877	video	80	1
171.878	voip	40	1
171.881	video	66	1
171.885	video	82	1
171.887	video	59	1
171.892	video	250	1
171.895	video	250	1
171.905	video	250	1
171.906	voip	40	1
171.907	gaming	130	1
171.909	video	113	1
171.91	gaming	142	2
171.911	video	92	1
171.912	video	46	1
171.925	video	46	1
171.929	video	44	1
171.93	voip	40	1
171.948	voip	15	2
171.956	voip	40	1
171.969	gaming	45	2
171.983	gaming	172	1
171.984	voip	40	1
172.008	voip	40	1
172.03	video	131	1
172.035	voip	40	1
172.036	video	169	1
172.04	video	57	1
172.043	gaming	128	1
172.045	video	250	1
172.046	gaming	102	2
172.047	video	58	1
172.051	video	177	1
172.055	video	46	1
172.061	voip	40	1
172.062	video	53	1
172.076	video	250	1
172.079	video	70	1
172.087	voip	40	1
172.092	video	85	1
172.096	video	98	1
172.098	gaming	117	2
172.1	video	250	1
172.101	gaming	103	1
172.102	video	47	1
172.106	video	250	1
172.108	voip	15	2
172.113	voip	40	1
172.117	video	53	1
172.129	video	214	1
172.14	voip	40	1
172.14	video	52	1
172.15	video	250	1
172.152	gaming	97	2
172.155	video	250	1
172.165	gaming	156	1
172.166	voip	40	1
172.192	voip	40	1
172.218	voip	40	1
172.223	gaming	139	1
172.224	gaming	97	2
172.244	voip	40	1
172.253	video	71	1
172.264	video	105	1
172.27	video	235	1
172.27	voip	15	2
172.271	voip	40	1
172.272	video	54	1
172.273	gaming	76	1
172.276	video	250	1
172.279	gaming	113	2
172.288	video	250	1
172.297	voip	40	1
172.298	video	60	1
172.311	video	92	1
172.316	video	64	1
172.323	video	115	1
172.324	voip	40	1
172.326	video	69	1
172.333	gaming	237	1
172.338	gaming	73	2
172.339	video	76	1
172.342	video	45	1
172.349	voip	40	1
172.354	video	49	1
172.363	video	56	1
172.366	video	129	1
172.37	video	44	1
172.373	video	41	1
172.376	voip	40	1
172.377	video	45	1
172.38	video	94	1
172.392	gaming	415	2
172.402	voip	40	1
172.419	gaming	211	1
172.428	voip	40	1
172.429	voip	15	2
172.451	gaming	186	2
172.454	voip	40	1
172.48	video	46	1
172.481	voip	40	1
172.484	video	41	1
172.491	gaming	83	1
172.498	video	250	1
172.501	video	113	1
172.503	gaming	120	2
172.504	video	44	1
172.507	voip	40	1
172.517	video	91	1
172.52	video	71	1
172.527	video	42	1
172.534	video	250	1
172.534	voip	40	1
172.54	video	126	1
172.543	video	72	1
172.547	gaming	296	1
172.548	video	57	1
172.549	video	66	1
172.553	video	40	1
172.556	video	49	1
172.559	voip	40	1
172.562	gaming	138	2
172.568	video	65	1
172.58	video	71	1
172.585	video	100	1
172.586	voip	40	1
172.588	video	46	1
172.588	voip	15	2
172.594	video	42	1
172.607	gaming	281	1
172.612	voip	40	1
172.616	gaming	131	2
172.638	voip	40	1
172.66	gaming	150	1
172.664	voip	15	1
172.683	gaming	128	2
172.694	video	45	1
172.698	video	53	1
172.7	video	43	1
172.713	video	48	1
172.715	gaming	143	1
172.721	video	76	1
172.733	video	53	1
172.737	gaming	83	2
172.739	video	45	1
172.742	video	41	1
172.747	video	54	1
172.749	voip	40	2
172.75	video	91	1
172.757	video	73	1
172.761	video	182	1
172.774	video	195	1
172.775	voip	40	2
172.777	video	109	1
172.778	gaming	108	1
172.785	video	101	1
172.798	video	117	1
172.8	gaming	112	2
172.801	voip	40	2
172.811	video	250	1
172.814	video	52	1
172.824	voip	15	1
172.827	video	97	1
172.828	voip	40	2
172.83	video	101	1
172.835	gaming	164	1
172.851	gaming	162	2
172.853	voip	40	2
172.88	voip	40	2
172.886	gaming	90	1
172.902	gaming	174	2
172.906	voip	40	2
172.93	video	42	1
172.932	voip	40	2
172.941	video	41	1
172.946	video	68	1
172.95	gaming	150	1
172.952	video	53	1
172.958	voip	40	2
172.964	gaming	139	2
172.965	video	47	1
172.97	video	97	1
172.973	video	47	1
172.977	video	60	1
172.983	video	41	1
172.984	voip	15	1
172.985	voip	40	2
172.997	video	250	1
173	gaming	198	1
173.002	video	57	1
173.009	video	250	1
173.011	voip	40	2
173.018	video	70	1
173.02	video	48	1
173.026	video	250	1
173.028	gaming	198	2
173.029	video	40	1
173.033	video	63	1
173.037	voip	40	2
173.04	video	173	1
173.053	video	250	1
173.06	video	50	1
173.063	gaming	109	1
173.063	voip	40	2
173.078	gaming	196	2
173.089	voip	40	2
173.116	voip	40	2
173.126	gaming	195	1
173.132	gaming	120	2
173.142	voip	40	2
173.144	voip	15	1
173.16	video	67	1
173.164	video	113	1
173.168	video	45	1
173.169	voip	40	2
173.181	video	199	1
173.192	gaming	77	2
173.195	video	208	1
173.195	voip	40	2
173.196	gaming	89	1
173.205	video	45	1
173.215	video	124	1
173.221	voip	40	2
173.226	video	42	1
173.239	video	126	1
173.243	video	81	1
173.247	gaming	176	2
173.248	voip	40	2
173.254	gaming	187	1
173.255	video	44	1
173.258	video	64	1
173.267	video	250	1
173.27	video	70	1
173.273	voip	40	2
173.278	video	241	1
173.281	video	69	1
173.286	video	107	1
173.288	video	46	1
173.299	voip	40	2
173.301	video	50	1
173.304	voip	15	1
173.305	video	120	1
173.311	gaming	181	2
173.321	gaming	162	1
173.326	voip	40	2
173.352	voip	40	2
173.369	gaming	116	2
173.372	gaming	102	1
173.378	voip	40	2
173.404	voip	40	2
173.405	video	49	1
173.417	video	66	1
173.421	video	46	1
173.424	gaming	166	2
173.426	video	40	1
173.426	gaming	28	1
173.428	video	45	1
173.43	voip	40	2
173.433	video	44	1
173.436	video	41	1
173.439	video	56	1
173.442	video	80	1
173.45	video	44	1
173.454	video	45	1
173.457	voip	40	2
173.46	video	219	1
173.463	video	250	1
173.464	voip	15	1
173.465	video	41	1
173.468	video	54	1
173.472	video	112	1
173.481	gaming	194	1
173.484	gaming	276	2
173.485	voip	40	2
173.487	video	250	1
173.488	video	44	1
173.49	video	42	1
173.503	video	48	1
173.509	voip	40	2
173.534	gaming	114	2
173.535	voip	40	2
173.542	gaming	103	1
173.562	voip	40	2
173.588	voip	40	2
173.594	gaming	121	1
173.598	gaming	138	2
173.603	video	61	1
173.606	video	64	1
173.611	video	79	1
173.614	voip	40	2
173.619	video	62	1
173.624	voip	15	1
173.631	video	58	1
173.636	video	58	1
173.64	voip	40	2
173.648	video	46	1
173.654	video	116	1
173.664	gaming	105	2
173.665	gaming	84	1
173.667	video	90	1
173.667	voip	40	2
173.672	video	43	1
173.687	video	250	1
173.689	video	77	1
173.693	voip	40	2
173.697	video	74	1
173.7	video	55	1
173.714	video	250	1
173.716	gaming	223	2
173.718	gaming	165	1
173.719	voip	40	2
173.721	video	76	1
173.725	video	179	1
173.729	video	71	1
173.732	video	68	1
173.744	video	125	1
173.745	voip	40	2
173.768	gaming	192	2
173.771	voip	40	2
173.783	gaming	107	1
173.784	voip	15	1
173.798	voip	40	2
173.817	gaming	92	2
173.824	voip	40	2
173.829	gaming	68	1
173.843	video	40	1
173.847	video	95	1
173.85	voip	40	2
173.851	video	53	1
173.856	video	57	1
173.867	gaming	123	2
173.868	video	120	1
173.873	video	250	1
173.874	video	55	1
173.876	voip	40	2
173.879	video	166	1
173.881	video	62	1
173.884	video	47	1
173.89	gaming	85	1
173.897	video	72	1
173.9	video	155	1
173.903	video	67	1
173.903	voip	40	2
173.913	video	250	1
173.916	video	51	1
173.92	video	189	1
173.924	video	95	1
173.926	gaming	142	2
173.929	voip	40	2
173.93	video	151	1
173.941	gaming	95	1
173.943	video	143	1
173.944	voip	15	1
173.95	video	159	1
173.955	voip	40	2
173.982	gaming	228	2
173.982	voip	40	2
173.999	gaming	107	1
174.008	voip	40	2
174.034	voip	40	2
174.036	gaming	89	2
174.051	video	250	1
174.054	video	61	1
174.055	gaming	101	1
174.06	voip	40	2
174.067	video	140	1
174.077	video	250	1
174.08	video	183	1
174.082	video	62	1
174.084	gaming	131	2
174.085	video	48	1
174.086	voip	40	2
174.089	video	97	1
174.092	video	81	1
174.095	video	46	1
174.101	video	44	1
174.104	voip	15	1
174.109	gaming	124	1
174.109	video	40	1
174.112	voip	40	2
174.113	video	44	1
174.12	video	132	1
174.122	video	51	1
174.128	video	250	1
174.131	video	86	1
174.135	gaming	97	2
174.136	video	102	1
174.139	video	65	1
174.139	voip	40	2
174.143	video	53	1
174.161	gaming	184	1
174.165	voip	40	2
174.191	voip	40	2
174.197	gaming	97	2
174.217	voip	40	2
174.22	gaming	262	1
174.243	video	41	1
174.244	voip	40	2
174.247	video	58	1
174.258	gaming	144	2
174.259	video	47	1
174.263	video	147	1
174.264	voip	15	1
174.27	gaming	121	1
174.27	voip	40	2
174.275	video	51	1
174.287	video	42	1
174.291	video	57	1
174.294	video	59	1
174.296	voip	15	2
174.299	video	84	1
174.304	video	250	1
174.314	gaming	113	2
174.317	video	250	1
174.319	video	250	1
174.327	video	145	1
174.331	video	198	1
174.335	gaming	145	1
174.336	video	120	1
174.346	video	91	1
174.353	video	49	1
174.366	video	42	1
174.369	video	50	1
174.373	video	70	1
174.378	gaming	210	2
174.398	gaming	150	1
174.424	voip	15	1
174.437	gaming	111	2
174.457	gaming	129	1
174.457	voip	15	2
174.473	video	77	1
174.483	video	67	1
174.487	gaming	115	2
174.488	video	54	1
174.492	video	250	1
174.493	video	42	1
174.498	video	73	1
174.503	video	48	1
174.509	video	104	1
174.512	video	56	1
174.515	gaming	96	1
174.517	video	41	1
174.526	video	145	1
174.532	video	40	1
174.544	gaming	155	2
174.546	video	250	1
174.548	video	47	1
174.557	video	46	1
174.561	video	71	1
174.566	gaming	101	1
174.57	video	133	1
174.573	video	115	1
174.584	voip	15	1
174.585	video	70	1
174.588	video	105	1
174.615	gaming	201	2
174.616	voip	15	2
174.619	gaming	142	1
174.669	gaming	114	2
174.67	gaming	85	1
174.688	video	69	1
174.692	video	43	1
174.695	video	88	1
174.707	video	46	1
174.71	video	50	1
174.719	video	250	1
174.721	gaming	195	2
174.722	gaming	145	1
174.726	video	60	1
174.73	video	61	1
174.733	video	40	1
174.737	video	44	1
174.744	voip	15	1
174.745	video	46	1
174.748	video	108	1
174.752	video	53	1
174.756	video	136	1
174.764	video	64	1
174.769	video	205	1
174.77	video	41	1
174.774	video	50	1
174.776	gaming	103	1
174.776	voip	15	2
174.778	video	59	1
174.782	video	69	1
174.785	gaming	117	2
174.832	gaming	90	1
174.837	gaming	151	2
174.882	video	53	1
174.887	video	250	1
174.889	video	75	1
174.892	gaming	102	2
174.895	video	58	1
174.896	gaming	134	1
174.898	video	41	1
174.904	voip	15	1
174.907	video	250	1
174.912	video	250	1
174.914	video	82	1
174.919	video	82	1
174.924	video	72	1
174.933	video	152	1
174.936	voip	15	2
174.945	video	169	1
174.948	video	112	1
174.95	gaming	179	1
174.952	video	102	1
174.954	gaming	137	2
174.965	video	178	1
174.968	video	250	1
174.971	video	250	1
174.974	video	250	1
174.975	video	49	1
174.98	video	52	1
175.004	gaming	146	1
175.036	gaming	177	2
175.064	voip	15	1
175.079	gaming	72	1
175.08	video	49	1
175.085	video	87	1
175.089	video	170	1
175.091	gaming	164	2
175.093	video	250	1
175.096	voip	15	2
175.104	video	91	1
175.109	video	216	1
175.11	video	46	1
175.115	video	41	1
175.119	video	145	1
175.123	video	250	1
175.127	video	80	1
175.129	gaming	155	1
175.131	video	107	1
175.134	video	60	1
175.14	video	62	1
175.143	gaming	133	2
175.153	video	97	1
175.161	video	245	1
175.165	video	131	1
175.167	video	42	1
175.171	video	52	1
175.175	video	63	1
175.184	gaming	94	1
175.196	gaming	132	2
175.224	voip	15	1
175.239	gaming	102	1
175.247	gaming	129	2
175.256	voip	15	2
175.275	video	41	1
175.283	video	250	1
175.284	video	49	1
175.293	video	134	1
175.296	video	250	1
175.298	video	52	1
175.3	gaming	163	2
175.301	video	45	1
175.302	gaming	91	1
175.304	video	62	1
175.314	video	246	1
175.321	video	250	1
175.328	video	72	1
175.334	video	56	1
175.337	video	51	1
175.34	video	104	1
175.351	video	164	1
175.353	gaming	193	1
175.354	video	60	1
175.357	video	59	1
175.358	gaming	104	2
175.363	video	67	1
175.367	video	62	1
175.38	video	136	1
175.384	voip	15	1
175.416	gaming	115	2
175.416	voip	15	2
175.422	gaming	93	1
175.467	gaming	94	2
175.475	gaming	147	1
175.48	video	49	1
175.485	video	44	1
175.489	video	51	1
175.502	video	56	1
175.506	video	250	1
175.512	video	235	1
175.517	video	169	1
175.519	gaming	135	2
175.519	video	43	1
175.528	video	61	1
175.532	video	177	1
175.536	gaming	141	1
175.544	video	104	1
175.544	voip	15	1
175.551	video	250	1
175.552	video	85	1
175.556	video	51	1
175.569	video	211	1
175.571	video	41	1
175.576	voip	15	2
175.582	gaming	102	2
175.583	video	53	1
175.593	gaming	120	1
175.597	video	231	1
175.609	video	78	1
175.621	video	65	1
175.64	gaming	122	1
175.642	gaming	220	2
175.689	gaming	153	1
175.704	voip	15	1
175.708	gaming	81	2
175.721	video	69	1
175.733	video	57	1
175.736	voip	15	2
175.738	video	250	1
175.74	video	85	1
175.743	video	250	1
175.747	video	41	1
175.751	video	67	1
175.757	gaming	179	1
175.758	video	52	1
175.762	gaming	164	2
175.765	video	250	1
175.767	video	207	1
175.779	video	41	1
175.785	video	81	1
175.792	video	213	1
175.797	video	55	1
175.801	video	45	1
175.805	video	166	1
175.81	video	58	1
175.813	video	56	1
175.816	gaming	151	1
175.817	gaming	127	2
175.818	video	78	1
175.821	video	250	1
175.864	voip	15	1
175.867	gaming	170	2
175.869	gaming	122	1
175.896	voip	15	2
175.919	video	87	1
175.924	video	226	1
175.926	video	52	1
175.93	gaming	103	2
175.931	video	60	1
175.932	video	52	1
175.936	video	88	1
175.939	video	67	1
175.942	gaming	261	1
175.943	video	51	1
175.944	video	107	1
175.957	video	82	1
175.961	video	250	1
175.964	video	143	1
175.972	video	59	1
175.975	video	133	1
175.985	gaming	160	2
175.987	video	54	1
175.992	video	115	1
175.996	video	54	1
175.998	gaming	118	1
176.001	video	147	1
176.003	video	83	1
176.006	video	77	1
176.024	voip	15	1
176.032	gaming	213	2
176.055	gaming	94	1
176.056	voip	15	2
176.091	gaming	86	2
176.107	video	149	1
176.11	gaming	152	1
176.112	video	172	1
176.115	video	175	1
176.118	video	77	1
176.121	video	45	1
176.124	video	43	1
176.127	video	51	1
176.135	video	128	1
176.147	gaming	116	2
176.148	video	51	1
176.15	video	55	1
176.157	video	85	1
176.164	gaming	128	1
176.167	video	47	1
176.172	video	250	1
176.173	video	55	1
176.182	video	49	1
176.184	voip	15	1
176.185	video	75	1
176.188	video	50	1
176.191	video	47	1
176.195	video	135	1
176.199	video	250	1
176.204	gaming	130	2
176.216	voip	15	2
176.224	gaming	117	1
176.263	gaming	159	2
176.281	gaming	109	1
176.297	video	52	1
176.301	video	50	1
176.306	video	54	1
176.309	video	47	1
176.321	video	41	1
176.334	gaming	167	2
176.335	video	69	1
176.337	gaming	142	1
176.342	video	57	1
176.344	voip	15	1
176.345	video	62	1
176.35	video	42	1
176.353	video	43	1
176.357	video	111	1
176.369	video	70	1
176.372	video	69	1
176.375	video	43	1
176.376	voip	15	2
176.38	video	174	1
176.383	gaming	177	2
176.386	video	250	1
176.387	gaming	124	1
176.392	video	222	1
176.398	video	41	1
176.405	video	250	1
176.407	video	57	1
176.439	gaming	153	2
176.443	gaming	81	1
176.503	gaming	82	1
176.504	voip	15	1
176.508	gaming	215	2
176.508	video	48	1
176.511	video	59	1
176.519	video	72	1
176.525	video	105	1
176.529	video	64	1
176.535	video	59	1
176.536	voip	15	2
176.544	video	49	1
176.556	video	55	1
176.559	gaming	191	1
176.567	gaming	113	2
176.569	video	70	1
176.581	video	46	1
176.594	video	89	1
176.596	video	46	1
176.604	video	48	1
176.609	video	49	1
176.612	gaming	220	1
176.619	video	250	1
176.621	video	49	1
176.624	video	49	1
176.627	video	69	1
176.631	gaming	155	2
176.636	video	156	1
176.642	video	63	1
176.664	voip	15	1
176.678	gaming	169	1
176.691	gaming	191	2
176.696	voip	15	2
176.726	gaming	219	1
176.742	video	43	1
176.747	gaming	216	2
176.751	video	54	1
176.759	video	64	1
176.772	video	53	1
176.78	video	59	1
176.784	video	106	1
176.786	gaming	139	1
176.787	video	126	1
176.794	video	176	1
176.797	video	47	1
176.799	gaming	164	2
176.801	video	92	1
176.81	video	58	1
176.814	video	86	1
176.82	video	40	1
176.824	voip	15	1
176.83	video	250	1
176.834	gaming	116	1
176.837	video	59	1
176.846	video	48	1
176.853	video	109	1
176.854	gaming	127	2
176.856	video	45	1
176.857	voip	15	2
176.866	video	40	1
176.871	video	45	1
176.897	gaming	121	1
176.908	gaming	159	2
176.95	gaming	112	1
176.96	gaming	119	2
176.971	video	146	1
176.974	video	44	1
176.979	video	84	1
176.984	voip	40	1
176.987	video	80	1
176.991	video	147	1
176.994	video	99	1
177.006	video	79	1
177.01	video	250	1
177.011	voip	40	1
177.012	video	94	1
177.015	gaming	201	2
177.016	voip	15	2
177.018	gaming	143	1
177.019	video	62	1
177.022	video	250	1
177.033	video	62	1
177.037	video	157	1
177.038	voip	40	1
177.047	video	51	1
177.054	video	250	1
177.063	voip	40	1
177.065	video	46	1
177.068	gaming	160	1
177.069	video	40	1
177.07	gaming	139	2
177.071	video	72	1
177.083	video	42	1
177.088	video	250	1
177.089	voip	40	1
177.115	voip	40	1
177.122	gaming	172	2
177.128	gaming	99	1
177.141	voip	40	1
177.168	voip	40	1
177.176	gaming	132	2
177.176	voip	15	2
177.179	gaming	62	1
177.187	video	51	1
177.194	voip	40	1
177.199	video	40	1
177.202	video	54	1
177.212	video	62	1
177.216	video	59	1
177.219	video	44	1
177.22	voip	40	1
177.223	video	250	1
177.225	video	171	1
177.228	video	69	1
177.234	gaming	91	2
177.237	video	77	1
177.24	video	128	1
177.243	video	107	1
177.246	video	60	1
177.247	voip	40	1
177.25	video	51	1
177.256	video	198	1
177.258	gaming	226	1
177.263	video	108	1
177.266	video	77	1
177.271	video	250	1
177.273	voip	40	1
177.274	video	74	1
177.277	video	63	1
177.296	gaming	178	2
177.299	voip	40	1
177.317	gaming	120	1
177.325	voip	40	1
177.336	voip	15	2
177.351	voip	40	1
177.352	gaming	84	2
177.377	video	58	1
177.378	voip	40	1
177.38	video	56	1
177.383	video	48	1
177.39	gaming	168	1
177.396	video	115	1
177.404	voip	40	1
177.406	gaming	130	2
177.41	video	250	1
177.412	video	123	1
177.421	video	49	1
177.425	video	52	1
177.428	video	61	1
177.43	voip	40	1
177.431	video	41	1
177.435	video	45	1
177.439	video	66	1
177.45	video	250	1
177.452	gaming	159	1
177.453	video	48	1
177.456	voip	40	1
177.464	video	49	1
177.468	gaming	103	2
177.468	video	48	1
177.472	video	102	1
177.475	video	250	1
177.478	video	56	1
177.482	video	71	1
177.483	voip	40	1
177.496	voip	40	2
177.509	voip	40	1
177.513	gaming	77	1
177.52	gaming	155	2
177.522	voip	40	2
177.535	voip	40	1
177.549	voip	40	2
177.561	voip	40	1
177.568	gaming	149	2
177.575	voip	40	2
177.582	video	45	1
177.587	video	50	1
177.588	voip	40	1
177.593	video	243	1
177.597	video	57	1
177.599	gaming	100	1
177.601	voip	40	2
177.605	video	43	1
177.613	voip	15	1
177.615	video	197	1
177.617	video	54	1
177.625	gaming	56	2
177.627	voip	40	2
177.631	video	250	1
177.644	video	250	1
177.654	video	66	1
177.654	voip	40	2
177.656	gaming	109	1
177.659	video	94	1
177.663	video	114	1
177.667	video	250	1
177.671	video	147	1
177.673	video	45	1
177.678	video	59	1
177.679	gaming	163	2
177.68	voip	40	2
177.682	video	116	1
177.694	video	74	1
177.697	video	44	1
177.702	video	54	1
177.706	voip	40	2
177.709	gaming	101	1
177.731	gaming	95	2
177.732	voip	40	2
177.758	voip	40	2
177.773	voip	15	1
177.784	gaming	154	1
177.785	voip	40	2
177.791	gaming	226	2
177.803	video	185	1
177.811	voip	40	2
177.815	video	78	1
177.82	video	80	1
177.823	video	119	1
177.825	video	53	1
177.83	video	47	1
177.833	video	85	1
177.837	voip	40	2
177.84	gaming	195	1
177.844	video	76	1
177.849	gaming	169	2
177.858	video	241	1
177.862	video	49	1
177.863	voip	40	2
177.866	video	200	1
177.878	video	167	1
177.889	voip	40	2
177.891	video	84	1
177.892	gaming	139	1
177.893	video	47	1
177.897	video	97	1
177.901	gaming	129	2
177.909	video	123	1
177.913	video	250	1
177.916	voip	40	2
177.919	video	65	1
177.921	video	43	1
177.925	video	81	1
177.933	voip	15	1
177.942	voip	40	2
177.946	gaming	219	1
177.957	gaming	155	2
177.968	voip	40	2
177.994	voip	40	2
178.01	gaming	125	1
178.021	voip	40	2
178.025	gaming	134	2
178.026	video	51	1
178.031	video	60	1
178.038	video	161	1
178.047	voip	40	2
178.05	video	54	1
178.054	video	65	1
178.058	video	96	1
178.062	video	219	1
178.064	video	84	1
178.073	gaming	106	1
178.073	voip	40	2
178.077	video	67	1
178.078	gaming	155	2
178.08	video	63	1
178.085	video	174	1
178.088	video	250	1
178.094	video	99	1
178.095	voip	40	1
178.096	video	112	1
178.099	voip	40	2
178.102	video	250	1
178.113	video	62	1
178.117	video	124	1
178.12	video	57	1
178.12	voip	40	1
178.126	voip	40	2
178.126	video	55	1
178.13	video	46	1
178.131	gaming	189	1
178.138	gaming	90	2
178.146	voip	40	1
178.152	voip	40	2
178.172	voip	40	1
178.178	voip	40	2
178.183	gaming	100	1
178.187	gaming	175	2
178.198	voip	15	1
178.204	voip	40	2
178.23	video	138	1
178.231	voip	40	2
178.238	gaming	156	2
178.242	video	47	1
178.247	gaming	162	1
178.248	video	64	1
178.253	video	54	1
178.257	voip	40	2
178.266	video	54	1
178.271	video	250	1
178.273	video	42	1
178.278	video	51	1
178.283	voip	40	2
178.284	video	48	1
178.287	video	47	1
178.291	video	126	1
178.297	video	95	1
178.3	video	49	1
178.301	gaming	99	1
178.303	video	55	1
178.304	gaming	72	2
178.307	video	47	1
178.309	voip	40	2
178.321	video	250	1
178.325	video	98	1
178.335	voip	40	2
178.338	video	128	1
178.341	video	250	1
178.345	video	250	1
178.356	gaming	132	1
178.36	gaming	310	2
178.361	voip	15	1
178.362	voip	40	2
178.388	voip	40	2
178.414	gaming	164	2
178.415	gaming	88	1
178.416	voip	40	2
178.44	voip	40	2
178.444	video	185	1
178.456	video	104	1
178.461	video	250	1
178.462	video	52	1
178.466	gaming	195	1
178.468	video	174	1
178.469	voip	40	2
178.47	video	77	1
178.473	video	195	1
178.475	gaming	148	2
178.476	video	49	1
178.477	video	40	1
178.485	video	101	1
178.491	video	115	1
178.493	voip	40	2
178.503	video	71	1
178.509	video	250	1
178.516	video	47	1
178.518	voip	15	1
178.519	voip	40	2
178.52	video	42	1
178.526	video	96	1
178.529	gaming	122	2
178.532	video	158	1
178.534	gaming	256	1
178.536	video	86	1
178.541	video	250	1
178.545	voip	40	2
178.547	video	42	1
178.571	voip	40	2
178.587	gaming	190	1
178.598	voip	40	2
178.605	gaming	79	2
178.624	voip	40	2
178.643	gaming	74	1
178.648	video	115	1
178.651	gaming	156	2
178.652	voip	40	2
178.654	video	229	1
178.657	video	47	1
178.663	video	56	1
178.666	video	104	1
178.672	video	43	1
178.676	voip	40	2
178.678	voip	15	1
178.685	video	46	1
178.695	gaming	112	1
178.696	video	68	1
178.701	video	53	1
178.703	voip	40	2
178.709	video	53	1
178.712	video	42	1
178.717	gaming	131	2
178.72	video	146	1
178.729	voip	40	2
178.731	video	222	1
178.733	video	63	1
178.736	video	66	1
178.743	video	236	1
178.745	video	56	1
178.75	video	250	1
178.752	video	42	1
178.755	voip	40	2
178.757	video	135	1
178.759	gaming	173	1
178.776	gaming	188	2
178.781	voip	40	2
178.806	gaming	169	1
178.808	voip	40	2
178.83	gaming	142	2
178.834	voip	40	2
178.838	voip	15	1
178.857	video	112	1
178.86	voip	40	2
178.863	gaming	187	1
178.865	video	172	1
178.868	video	45	1
178.872	video	55	1
178.876	video	250	1
178.882	gaming	174	2
178.884	video	64	1
178.886	voip	40	2
178.891	video	65	1
178.896	video	250	1
178.897	video	102	1
178.909	video	80	1
178.912	voip	40	2
178.913	video	41	1
178.916	video	59	1
178.918	video	40	1
178.923	video	250	1
178.924	gaming	87	1
178.932	gaming	128	2
178.933	video	71	1
178.939	video	119	1
178.94	voip	40	2
178.948	video	133	1
178.95	video	46	1
178.955	video	132	1
178.959	video	144	1
178.965	voip	40	2
178.975	gaming	143	1
178.991	voip	40	2
178.998	voip	15	1
179.006	gaming	130	2
179.017	voip	40	2
179.037	gaming	83	1
179.044	voip	40	2
179.052	gaming	227	2
179.059	video	40	1
179.064	video	82	1
179.067	video	106	1
179.07	voip	40	2
179.071	video	81	1
179.076	video	41	1
179.08	video	56	1
179.084	video	41	1
179.096	video	97	1
179.097	voip	40	2
179.099	video	43	1
179.105	video	44	1
179.106	gaming	174	1
179.108	gaming	98	2
179.113	video	129	1
179.122	voip	40	2
179.124	video	41	1
179.138	video	240	1
179.14	video	40	1
179.143	video	55	1
179.149	voip	40	2
179.152	video	250	1
179.153	video	81	1
179.159	video	124	1
179.159	voip	15	1
179.162	video	71	1
179.165	video	47	1
179.168	gaming	138	2
179.175	voip	40	2
179.177	gaming	146	1
179.201	voip	40	2
179.227	voip	40	2
179.229	gaming	174	1
179.234	gaming	105	2
179.253	voip	40	2
179.265	video	89	1
179.27	video	250	1
179.273	video	174	1
179.278	gaming	100	2
179.28	voip	40	2
179.285	video	74	1
179.288	video	55	1
179.292	gaming	103	1
179.296	video	86	1
179.304	video	48	1
179.306	voip	40	2
179.31	video	66	1
179.313	video	73	1
179.317	video	55	1
179.318	voip	15	1
179.323	video	150	1
179.328	video	61	1
179.331	gaming	162	2
179.333	video	123	1
179.333	voip	40	2
179.337	video	67	1
179.34	video	41	1
179.342	gaming	116	1
179.346	video	126	1
179.351	video	250	1
179.355	video	52	1
179.36	video	250	1
179.361	voip	40	2
179.361	video	53	1
179.385	voip	40	2
179.39	gaming	155	1
179.394	gaming	161	2
179.411	voip	40	2
179.437	gaming	149	1
179.438	voip	40	2
179.451	gaming	146	2
179.461	video	50	1
179.463	voip	40	2
179.47	video	56	1
179.474	video	138	1
179.478	voip	15	1
179.486	video	62	1
179.488	video	46	1
179.489	voip	40	2
179.492	video	134	1
179.496	video	136	1
179.497	gaming	76	1
179.504	gaming	81	2
179.508	video	62	1
179.512	video	63	1
179.516	video	100	1
179.516	voip	40	2
179.521	video	47	1
179.527	video	40	1
179.532	video	250	1
179.534	video	59	1
179.537	video	54	1
179.54	video	52	1
179.542	voip	40	2
179.544	video	85	1
179.552	video	143	1
179.553	gaming	138	1
179.555	gaming	155	2
179.561	video	250	1
179.564	video	140	1
179.568	voip	40	2
179.594	voip	40	2
179.61	gaming	143	2
179.62	gaming	123	1
179.621	voip	40	2
179.638	voip	15	1
179.647	voip	40	2
179.664	gaming	303	2
179.665	video	43	1
179.669	gaming	164	1
179.672	video	43	1
179.673	voip	40	2
179.675	video	138	1
179.678	video	47	1
179.682	video	185	1
179.685	video	250	1
179.695	video	47	1
179.699	video	64	1
179.699	voip	40	2
179.701	video	40	1
179.705	video	41	1
179.714	video	111	1
179.716	video	41	1
179.719	gaming	118	2
179.72	video	102	1
179.726	voip	40	2
179.732	video	61	1
179.734	gaming	68	1
179.736	video	154	1
179.739	video	73	1
179.751	video	61	1
179.752	voip	40	2
179.754	video	59	1
179.762	video	95	1
179.767	video	250	1
179.775	gaming	124	2
179.778	voip	40	2
179.797	gaming	207	1
179.798	voip	15	1
179.804	voip	40	2
179.83	voip	40	2
179.833	gaming	125	2
179.852	gaming	154	1
179.857	voip	40	2
179.866	video	122	1
179.869	video	47	1
179.872	video	59	1
179.875	video	44	1
179.88	video	67	1
179.883	voip	40	2
179.885	gaming	111	2
179.891	video	81	1
179.895	video	45	1
179.907	gaming	128	1
179.908	video	41	1
179.909	voip	40	2
179.918	video	130	1
179.923	video	219	1
179.924	video	42	1
179.93	video	48	1
179.935	voip	40	2
179.937	gaming	160	2
179.938	video	53	1
179.942	video	49	1
179.946	video	157	1
179.958	video	137	1
179.96	gaming	129	1
179.96	voip	15	1
179.962	voip	40	2
179.963	video	68	1
179.967	video	105	1
179.979	video	42	1
179.982	video	54	1
179.988	voip	40	2
179.994	gaming	94	2
180.012	gaming	276	1
180.014	voip	40	2
180.04	voip	40	2
180.045	gaming	110	2
180.066	voip	15	2
180.079	gaming	109	1
180.082	video	40	1
180.087	video	62	1
180.094	gaming	125	2
180.1	video	150	1
180.103	video	61	1
180.106	video	82	1
180.111	video	62	1
180.117	video	202	1
180.118	voip	15	1
180.121	video	116	1
180.124	gaming	144	1
180.125	video	40	1
180.137	video	201	1
180.143	video	250	1
180.148	video	125	1
180.151	video	52	1
180.155	video	250	1
180.156	gaming	104	2
180.166	video	52	1
180.169	video	51	1
180.173	gaming	110	1
180.176	video	195	1
180.178	video	87	1
180.181	video	92	1
180.186	video	82	1
180.205	gaming	173	2
180.226	voip	15	2
180.228	gaming	130	1
180.261	gaming	67	2
180.279	voip	40	1
180.286	video	69	1
180.298	video	44	1
180.299	gaming	87	1
180.306	video	187	1
180.306	voip	40	1
180.308	video	47	1
180.311	video	55	1
180.317	video	73	1
180.318	gaming	84	2
180.32	video	107	1
180.322	video	92	1
180.325	video	63	1
180.331	voip	40	1
180.337	video	53	1
180.349	video	40	1
180.357	voip	40	1
180.362	gaming	212	1
180.363	video	44	1
180.369	video	40	1
180.373	video	250	1
180.375	gaming	115	2
180.376	video	41	1
180.384	video	250	1
180.384	voip	40	1
180.386	voip	15	2
180.39	video	250	1
180.394	video	250	1
180.4	video	45	1
180.404	video	149	1
180.41	voip	40	1
180.421	gaming	105	1
180.435	gaming	122	2
180.436	voip	40	1
180.462	voip	40	1
180.482	gaming	101	1
180.488	voip	40	1
180.493	gaming	106	2
180.503	video	69	1
180.507	video	54	1
180.51	video	52	1
180.513	video	45	1
180.515	voip	40	1
180.517	video	78	1
180.523	video	81	1
180.526	video	76	1
180.532	video	41	1
180.534	gaming	97	1
180.541	voip	40	1
180.544	video	52	1
180.546	voip	15	2
180.551	gaming	107	2
180.558	video	203	1
180.567	voip	40	1
180.569	video	93	1
180.572	video	129	1
180.576	video	230	1
180.583	video	41	1
180.593	voip	40	1
180.596	video	44	1
180.609	gaming	130	2
180.61	video	76	1
180.611	video	55	1
180.62	gaming	167	1
180.621	voip	40	1
180.622	video	47	1
180.627	video	43	1
180.631	video	192	1
180.646	voip	40	1
180.66	gaming	94	2
180.672	voip	40	1
180.675	gaming	93	1
180.698	voip	40	1
180.706	voip	15	2
180.709	gaming	115	2
180.724	voip	40	1
180.73	gaming	153	1
180.731	video	53	1
180.735	video	55	1
180.74	video	48	1
180.751	video	98	1
180.751	voip	40	1
180.753	video	44	1
180.762	video	74	1
180.768	video	119	1
180.773	gaming	118	2
180.774	video	79	1
180.777	video	67	1
180.778	voip	40	1
180.783	gaming	121	1
180.791	video	242	1
180.797	video	68	1
180.8	video	99	1
180.803	video	56	1
180.804	voip	40	1
180.806	video	67	1
180.809	video	125	1
180.812	video	101	1
180.817	video	148	1
180.819	video	42	1
180.821	video	42	1
180.824	video	74	1
180.829	voip	40	1
180.834	gaming	145	2
180.836	gaming	129	1
180.856	voip	40	1
180.866	voip	15	2
180.882	voip	40	1
180.889	gaming	174	1
180.894	gaming	108	2
180.908	voip	40	1
180.924	video	58	1
180.929	video	72	1
180.934	voip	40	1
180.936	video	194	1
180.938	video	51	1
180.942	video	81	1
180.947	video	206	1
180.95	gaming	227	1
180.951	gaming	119	2
180.953	video	135	1
180.953	video	40	1
180.957	video	111	1
180.96	video	50	1
180.961	voip	40	1
180.963	video	40	1
180.968	video	51	1
180.971	video	78	1
180.985	video	250	1
180.987	voip	40	1
180.989	video	56	1
180.993	video	60	1
181.005	video	74	1
181.01	gaming	152	1
181.011	video	120	1
181.013	voip	40	1
181.016	video	161	1
181.02	video	85	1
181.026	voip	15	2
181.034	gaming	107	2
181.039	voip	40	1
181.059	gaming	158	1
181.065	voip	40	1
181.088	gaming	218	2
181.092	voip	40	1
181.118	voip	40	1
181.119	video	59	1
181.122	gaming	108	1
181.125	video	162	1
181.129	video	250	1
181.132	video	117	1
181.134	video	43	1
181.144	gaming	142	2
181.145	voip	40	1
181.146	video	50	1
181.155	video	41	1
181.164	video	72	1
181.167	video	51	1
181.17	voip	40	1
181.172	gaming	170	1
181.173	video	49	1
181.175	video	88	1
181.178	video	43	1
181.186	video	56	1
181.186	voip	15	2
181.194	gaming	202	2
181.197	voip	40	1
181.198	video	122	1
181.21	video	51	1
181.215	video	173	1
181.217	video	60	1
181.223	voip	40	1
181.23	video	44	1
181.238	gaming	167	1
181.243	video	192	1
181.247	video	81	1
181.249	voip	40	1
181.266	gaming	194	2
181.275	voip	40	1
181.288	gaming	123	1
181.301	voip	40	1
181.326	gaming	154	2
181.328	voip	40	1
181.346	voip	15	2
181.347	video	80	1
181.352	gaming	111	1
181.354	voip	40	1
181.361	video	250	1
181.372	video	50	1
181.38	voip	40	1
181.381	video	44	1
181.387	video	165	1
181.39	video	249	1
181.393	gaming	141	2
181.395	video	53	1
181.403	video	109	1
181.406	video	57	1
181.407	voip	40	1
181.412	video	66	1
181.415	gaming	150	1
181.418	video	46	1
181.423	video	128	1
181.425	video	40	1
181.433	voip	40	1
181.438	video	89	1
181.441	video	99	1
181.444	video	54	1
181.449	gaming	104	2
181.456	video	52	1
181.459	voip	40	1
181.47	video	232	1
181.474	video	250	1
181.477	video	58	1
181.484	gaming	234	1
181.485	voip	40	1
181.5	gaming	109	2
181.506	voip	15	2
181.511	voip	40	1
181.537	gaming	218	1
181.538	voip	40	1
181.557	gaming	184	2
181.564	voip	40	1
181.577	video	47	1
181.585	video	161	1
181.587	video	46	1
181.59	video	40	1
181.591	voip	40	1
181.594	gaming	158	1
181.595	video	68	1
181.598	video	41	1
181.602	video	143	1
181.605	video	74	1
181.616	voip	40	1
181.618	video	86	1
181.623	gaming	177	2
181.625	video	57	1
181.629	video	43	1
181.632	video	43	1
181.636	video	250	1
181.639	video	250	1
181.64	video	42	1
181.642	voip	40	1
181.645	video	113	1
181.649	video	42	1
181.653	video	40	1
181.658	gaming	196	1
181.666	video	91	1
181.666	voip	15	2
181.669	voip	40	1
181.676	gaming	114	2
181.678	video	46	1
181.695	voip	40	1
181.721	voip	40	1
181.726	gaming	176	1
181.73	gaming	141	2
181.747	voip	40	1
181.774	voip	40	1
181.779	video	134	1
181.781	video	41	1
181.783	gaming	138	1
181.791	video	47	1
181.795	gaming	122	2
181.797	video	41	1
181.8	video	139	1
181.801	voip	40	1
181.804	video	250	1
181.806	video	41	1
181.82	video	250	1
181.822	video	69	1
181.826	video	56	1
181.827	voip	40	1
181.827	voip	15	2
181.833	video	245	1
181.835	video	149	1
181.838	video	118	1
181.841	video	58	1
181.845	video	250	1
181.846	gaming	110	1
181.849	video	44	1
181.852	voip	40	1
181.855	gaming	180	2
181.859	video	135	1
181.862	video	50	1
181.869	video	134	1
181.872	video	46	1
181.879	voip	40	1
181.895	gaming	128	1
181.905	voip	40	1
181.912	gaming	262	2
181.931	voip	40	1
181.945	gaming	236	1
181.957	voip	40	1
181.971	gaming	143	2
181.974	video	250	1
181.98	video	131	1
181.984	video	250	1
181.985	voip	40	1
181.986	voip	15	2
181.987	video	41	1
182	video	186	1
182.001	gaming	84	1
182.005	video	115	1
182.007	video	43	1
182.01	voip	40	1
182.014	video	96	1
182.017	video	47	1
182.021	video	121	1
182.023	gaming	86	2
182.024	video	70	1
182.03	video	104	1
182.033	video	49	1
182.036	voip	40	1
182.037	video	46	1
182.048	video	111	1
182.05	video	45	1
182.054	video	187	1
182.056	gaming	109	1
182.058	video	250	1
182.059	video	81	1
182.062	voip	40	1
182.063	video	41	1
182.088	voip	40	1
182.098	gaming	85	2
182.115	gaming	133	1
182.116	voip	40	1
182.141	voip	40	1
182.146	voip	15	2
182.163	video	59	1
182.167	voip	40	1
182.17	gaming	241	2
182.173	video	213	1
182.174	gaming	128	1
182.176	video	62	1
182.189	video	146	1
182.191	video	42	1
182.193	voip	40	1
182.195	video	131	1
182.202	video	55	1
182.205	video	45	1
182.211	video	67	1
182.214	video	45	1
182.22	voip	40	1
182.223	video	43	1
182.225	gaming	216	1
182.231	gaming	128	2
182.235	video	49	1
182.239	video	57	1
182.243	video	67	1
182.246	voip	40	1
182.248	video	114	1
182.252	video	45	1
182.259	video	200	1
182.262	video	136	1
182.267	video	151	1
182.272	gaming	161	1
182.273	voip	40	1
182.277	video	250	1
182.286	gaming	121	2
182.298	voip	40	1
182.306	voip	15	2
182.324	voip	40	1
182.333	gaming	140	1
182.345	gaming	142	2
182.351	voip	40	1
182.375	video	45	1
182.377	voip	40	1
182.379	video	45	1
182.385	video	237	1
182.388	gaming	112	1
182.388	video	51	1
182.392	video	70	1
182.399	video	48	1
182.403	video	43	1
182.403	voip	40	1
182.414	video	135	1
182.416	gaming	91	2
182.418	video	130	1
182.422	video	250	1
182.429	voip	40	1
182.433	video	67	1
182.438	video	40	1
182.443	video	218	1
182.446	gaming	181	1
182.449	video	250	1
182.452	video	126	1
182.457	video	250	1
182.458	voip	40	1
182.467	video	250	1
182.467	voip	15	2
182.476	video	138	1
182.477	gaming	86	2
182.479	video	128	1
182.482	voip	40	1
182.485	video	250	1
182.498	gaming	171	1
182.508	voip	40	1
182.532	gaming	156	2
182.534	voip	40	1
182.544	gaming	124	1
182.561	voip	40	1
182.584	video	44	1
182.585	gaming	118	2
182.587	voip	40	1
182.588	video	98	1
182.594	gaming	131	1
182.595	video	43	1
182.601	video	250	1
182.605	video	250	1
182.613	voip	40	1
182.615	video	250	1
182.617	video	58	1
182.619	video	69	1
182.626	video	250	1
182.626	voip	15	2
182.63	video	51	1
182.633	video	73	1
182.638	video	250	1
182.64	gaming	216	2
182.641	voip	40	1
182.642	video	61	1
182.646	video	80	1
182.649	video	59	1
182.652	gaming	86	1
182.662	video	49	1
182.665	video	50	1
182.665	voip	40	1
182.667	video	61	1
182.672	video	54	1
182.678	video	53	1
182.692	voip	40	1
182.693	gaming	143	2
182.714	gaming	105	1
182.718	voip	40	1
182.744	gaming	157	2
182.745	voip	40	1
182.772	gaming	226	1
182.772	voip	40	1
182.779	video	224	1
182.784	video	73	1
182.786	voip	15	2
182.787	video	63	1
182.794	video	250	1
182.796	video	48	1
182.798	gaming	124	2
182.798	voip	40	1
182.8	video	86	1
182.802	video	43	1
182.806	video	42	1
182.81	video	53	1
182.815	video	250	1
182.823	voip	40	1
182.826	video	44	1
182.83	gaming	130	1
182.838	video	58	1
182.846	video	213	1
182.848	gaming	98	2
182.848	video	46	1
182.849	voip	40	1
182.853	video	50	1
182.866	video	48	1
182.871	video	102	1
182.875	voip	40	1
182.876	video	44	1
182.886	video	250	1
182.888	video	82	1
182.891	gaming	113	1
182.894	gaming	79	2
182.901	voip	40	1
182.928	voip	40	1
182.945	gaming	191	2
182.946	voip	15	2
182.954	gaming	286	1
182.955	voip	40	1
182.98	voip	40	1
182.988	video	42	1
182.992	video	78	1
182.996	video	50	1
183.001	video	250	1
183.003	gaming	139	1
183.004	gaming	108	2
183.006	voip	40	1
183.012	video	46	1
183.016	video	70	1
183.023	video	45	1
183.033	voip	40	1
183.035	video	58	1
183.042	video	47	1
183.05	video	49	1
183.054	gaming	267	1
183.055	video	58	1
183.057	video	52	1
183.059	voip	40	1
183.061	video	64	1
183.064	gaming	166	2
183.071	video	44	1
183.077	video	70	1
183.084	video	47	1
183.085	voip	40	1
183.086	video	49	1
183.091	video	131	1
183.098	video	250	1
183.103	gaming	83	1
183.105	video	186	1
183.106	voip	15	2
183.111	voip	40	1
183.118	gaming	83	2
183.138	voip	40	1
183.164	voip	40	1
183.167	gaming	111	1
183.17	gaming	98	2
183.19	voip	40	1
183.204	video	43	1
183.207	video	43	1
183.216	voip	40	1
183.22	video	47	1
183.223	gaming	227	1
183.229	gaming	81	2
183.233	video	166	1
183.24	video	250	1
183.242	voip	40	1
183.252	video	184	1
183.254	video	46	1
183.258	video	109	1
183.261	video	45	1
183.266	voip	15	2
183.269	voip	40	1
183.274	video	129	1
183.281	gaming	352	1
183.286	video	77	1
183.295	voip	40	1
183.298	gaming	100	2
183.299	video	61	1
183.3	video	71	1
183.304	video	58	1
183.309	video	44	1
183.321	video	44	1
183.321	voip	40	1
183.324	video	64	1
183.327	video	47	1
183.329	video	46	1
183.333	video	42	1
183.334	gaming	72	1
183.347	gaming	150	2
183.348	voip	40	1
183.374	voip	40	1
183.389	gaming	194	1
183.4	voip	40	1
183.405	gaming	88	2
183.426	voip	40	1
183.427	voip	15	2
183.433	video	75	1
183.436	video	80	1
183.45	video	250	1
183.451	gaming	176	1
183.452	voip	40	1
183.457	gaming	214	2
183.46	video	42	1
183.463	video	44	1
183.468	video	83	1
183.479	voip	40	1
183.48	video	83	1
183.483	video	77	1
183.491	video	44	1
183.505	video	186	1
183.505	voip	40	1
183.51	gaming	163	2
183.515	gaming	156	1
183.516	video	45	1
183.519	video	40	1
183.522	video	95	1
183.525	video	51	1
183.527	video	41	1
183.531	video	104	1
183.532	voip	40	1
183.534	video	74	1
183.542	video	241	1
183.551	video	51	1
183.555	video	55	1
183.557	voip	40	1
183.563	gaming	171	1
183.565	gaming	166	2
183.583	voip	40	1
183.586	voip	15	2
183.61	voip	40	1
183.623	gaming	158	2
183.629	gaming	135	1
183.636	voip	40	1
183.655	video	50	1
183.661	video	50	1
183.662	voip	40	1
183.674	video	81	1
183.679	gaming	127	2
183.68	video	81	1
183.682	gaming	96	1
183.684	video	55	1
183.688	voip	40	1
183.69	video	44	1
183.695	video	84	1
183.708	video	77	1
183.715	voip	40	1
183.715	video	40	1
183.722	video	194	1
183.73	video	41	1
183.731	gaming	87	2
183.733	video	79	1
183.736	video	70	1
183.737	gaming	72	1
183.739	video	42	1
183.741	voip	40	1
183.742	video	61	1
183.745	video	93	1
183.746	voip	15	2
183.756	video	132	1
183.76	video	182	1
183.764	video	74	1
183.767	voip	15	1
183.771	video	46	1
183.781	gaming	102	2
183.791	gaming	102	1
183.835	gaming	134	2
183.839	gaming	118	1
183.871	video	58	1
183.877	video	83	1
183.885	gaming	72	1
183.887	gaming	142	2
183.889	video	42	1
183.899	video	68	1
183.906	voip	15	2
183.911	video	40	1
183.916	video	99	1
183.927	voip	15	1
183.928	video	47	1
183.937	gaming	126	2
183.938	video	65	1
183.939	gaming	85	1
183.942	video	40	1
183.951	video	83	1
183.955	video	50	1
183.958	video	66	1
183.967	video	250	1
183.972	video	56	1
183.977	video	232	1
183.981	video	60	1
183.988	video	122	1
183.99	video	102	1
183.995	gaming	116	1
183.996	gaming	99	2
184.003	video	219	1
184.005	video	84	1
184.048	gaming	229	1
184.049	gaming	95	2
184.066	voip	15	2
184.087	voip	15	1
184.102	gaming	164	2
184.105	video	74	1
184.116	video	250	1
184.118	gaming	202	1
184.119	video	79	1
184.123	video	56	1
184.128	video	250	1
184.129	video	52	1
184.143	video	250	1
184.146	video	99	1
184.148	video	55	1
184.153	video	81	1
184.155	gaming	145	2
184.157	video	55	1
184.162	video	110	1
184.164	gaming	144	1
184.174	video	49	1
184.177	video	53	1
184.19	video	250	1
184.191	video	50	1
184.194	video	54	1
184.2	video	122	1
184.206	video	54	1
184.211	video	250	1
184.223	gaming	174	2
184.226	voip	15	2
184.231	gaming	162	1
184.247	voip	15	1
184.284	gaming	152	1
184.285	gaming	130	2
184.309	video	61	1
184.322	video	142	1
184.327	video	50	1
184.333	video	250	1
184.337	gaming	140	2
184.341	gaming	122	1
184.344	video	46	1
184.347	video	122	1
184.35	video	103	1
184.359	video	62	1
184.373	video	222	1
184.376	video	203	1
184.379	video	41	1
184.386	voip	15	2
184.388	gaming	170	2
184.39	video	145	1
184.394	video	250	1
184.4	video	52	1
184.406	video	61	1
184.407	gaming	172	1
184.408	voip	15	1
184.417	video	82	1
184.42	video	45	1
184.423	video	76	1
184.427	video	52	1
184.435	video	101	1
184.442	gaming	68	2
184.466	gaming	226	1
184.498	gaming	107	2
184.524	gaming	184	1
184.535	video	47	1
184.546	voip	15	2
184.547	video	57	1
184.559	gaming	99	2
184.56	video	46	1
184.567	voip	15	1
184.57	video	45	1
184.582	video	43	1
184.586	video	250	1
184.59	gaming	104	1
184.596	video	73	1
184.6	video	54	1
184.611	video	65	1
184.614	video	80	1
184.618	video	54	1
184.622	video	43	1
184.624	gaming	112	2
184.636	video	242	1
184.64	video	139	1
184.643	video	53	1
184.648	video	42	1
184.65	gaming	114	1
184.654	video	250	1
184.658	video	120	1
184.662	video	201	1
184.665	video	250	1
184.701	gaming	129	2
184.705	gaming	214	1
184.706	voip	15	2
184.727	voip	15	1
184.752	gaming	111	2
184.761	gaming	106	1
184.764	video	47	1
184.767	video	53	1
184.772	video	250	1
184.774	video	85	1
184.785	video	49	1
184.789	video	223	1
184.794	video	90	1
184.806	video	64	1
184.808	gaming	156	2
184.819	gaming	159	1
184.821	video	250	1
184.822	video	44	1
184.834	video	60	1
184.841	video	129	1
184.848	video	44	1
184.853	video	250	1
184.857	video	68	1
184.86	gaming	113	2
184.861	video	59	1
184.865	video	43	1
184.866	voip	15	2
184.867	video	49	1
184.873	video	116	1
184.876	video	55	1
184.878	gaming	123	1
184.887	voip	15	1
184.922	gaming	118	2
184.941	gaming	131	1
184.977	video	125	1
184.981	video	141	1
184.982	gaming	107	2
184.984	video	163	1
184.99	video	44	1
184.993	video	51	1
184.997	gaming	161	1
184.999	video	54	1
185.002	video	75	1
185.004	video	68	1
185.008	video	139	1
185.018	video	69	1
185.021	video	124	1
185.024	video	54	1
185.026	voip	15	2
185.027	video	43	1
185.038	video	77	1
185.047	gaming	140	2
185.047	voip	15	1
185.051	video	74	1
185.055	gaming	114	1
185.059	video	58	1
185.064	video	250	1
185.068	video	44	1
185.072	video	72	1
185.079	video	250	1
185.113	gaming	197	2
185.117	gaming	79	1
185.176	gaming	162	2
185.177	video	56	1
185.18	gaming	130	1
185.181	video	40	1
185.186	video	118	1
185.187	voip	15	2
185.195	video	172	1
185.198	video	40	1
185.203	video	54	1
185.207	voip	15	1
185.215	video	40	1
185.218	video	107	1
185.23	video	44	1
185.232	gaming	160	1
185.235	gaming	179	2
185.239	video	250	1
185.25	video	73	1
185.253	video	81	1
185.258	video	40	1
185.261	video	42	1
185.274	video	99	1
185.279	video	46	1
185.283	video	150	1
185.287	video	80	1
185.289	gaming	183	2
185.292	video	56	1
185.304	video	41	1
185.312	gaming	164	1
185.338	gaming	123	2
185.346	voip	15	2
185.36	gaming	198	1
185.367	voip	15	1
185.404	video	40	1
185.41	gaming	159	2
185.413	gaming	178	1
185.417	video	50	1
185.43	video	89	1
185.442	video	42	1
185.455	video	85	1
185.461	video	50	1
185.465	gaming	88	1
185.472	video	218	1
185.474	video	53	1
185.477	gaming	124	2
185.478	video	49	1
185.489	video	98	1
185.494	video	40	1
185.498	video	80	1
185.501	video	98	1
185.506	voip	15	2
185.513	video	45	1
185.526	video	49	1
185.527	voip	15	1
185.534	gaming	117	2
185.535	gaming	90	1
185.536	video	98	1
185.543	video	49	1
185.549	video	43	1
185.562	video	54	1
185.565	video	90	1
185.588	gaming	178	1
185.593	gaming	108	2
185.646	gaming	166	1
185.661	gaming	171	2
185.666	video	153	1
185.666	voip	15	2
185.67	video	198	1
185.674	video	184	1
185.676	video	57	1
185.682	video	149	1
185.687	voip	15	1
185.692	video	250	1
185.695	video	250	1
185.7	video	189	1
185.704	gaming	152	1
185.707	video	115	1
185.711	video	250	1
185.715	video	250	1
185.718	gaming	92	2
185.72	video	87	1
185.733	video	57	1
185.736	video	76	1
185.74	video	42	1
185.747	video	48	1
185.752	video	87	1
185.755	video	120	1
185.758	gaming	134	1
185.765	video	51	1
185.766	gaming	104	2
185.769	video	250	1
185.824	gaming	171	2
185.827	voip	40	2
185.829	gaming	224	1
185.847	voip	15	1
185.853	voip	40	2
185.868	video	42	1
185.879	voip	40	2
185.881	gaming	172	2
185.884	video	250	1
185.885	video	112	1
185.888	video	63	1
185.889	gaming	124	1
185.891	video	62	1
185.894	video	64	1
185.897	video	40	1
185.9	video	97	1
185.904	video	67	1
185.905	voip	40	2
185.916	video	54	1
185.919	video	56	1
185.927	video	72	1
185.931	video	45	1
185.932	voip	40	2
185.935	video	250	1
185.94	gaming	192	2
185.942	video	46	1
185.945	gaming	139	1
185.95	video	91	1
185.958	voip	40	2
185.962	video	69	1
185.965	video	64	1
185.977	video	49	1
185.984	voip	40	2
185.985	video	47	1
185.994	gaming	112	1
185.997	gaming	125	2
186.007	voip	15	1
186.01	voip	40	2
186.036	voip	40	2
186.059	gaming	169	2
186.063	voip	40	2
186.067	gaming	154	1
186.086	video	146	1
186.087	video	44	1
186.089	voip	40	2
186.093	video	115	1
186.107	video	250	1
186.111	video	50	1
186.115	video	50	1
186.115	voip	15	2
186.117	gaming	125	2
186.118	gaming	124	1
186.126	video	250	1
186.128	video	68	1
186.132	video	91	1
186.135	video	43	1
186.138	video	66	1
186.14	video	48	1
186.144	video	63	1
186.156	video	61	1
186.162	video	104	1
186.166	video	64	1
186.167	voip	40	1
186.173	video	93	1
186.176	gaming	126	1
186.177	video	72	1
186.18	gaming	177	2
186.181	video	50	1
186.184	video	90	1
186.193	voip	40	1
186.22	voip	40	1
186.238	gaming	108	1
186.24	gaming	192	2
186.246	voip	40	1
186.272	voip	40	1
186.275	voip	15	2
186.284	video	44	1
186.291	gaming	151	1
186.293	video	250	1
186.295	gaming	126	2
186.296	video	55	1
186.297	video	83	1
186.298	voip	40	1
186.308	video	141	1
186.311	video	77	1
186.315	video	48	1
186.318	video	66	1
186.324	voip	40	1
186.325	video	44	1
186.332	video	58	1
186.336	video	250	1
186.343	gaming	172	1
186.344	video	47	1
186.348	gaming	116	2
186.349	video	54	1
186.351	voip	40	1
186.352	video	56	1
186.365	video	57	1
186.368	video	75	1
186.377	voip	40	1
186.382	video	250	1
186.385	video	156	1
186.388	video	95	1
186.393	video	43	1
186.395	gaming	143	2
186.402	gaming	113	1
186.403	voip	40	1
186.429	voip	40	1
186.435	voip	15	2
186.454	gaming	151	2
186.456	voip	40	1
186.459	gaming	101	1
186.482	voip	40	1
186.493	video	112	1
186.496	video	76	1
186.5	video	149	1
186.501	gaming	95	2
186.507	video	46	1
186.508	voip	40	1
186.516	gaming	140	1
186.518	video	52	1
186.52	video	45	1
186.525	video	101	1
186.534	voip	40	1
186.537	video	42	1
186.542	video	115	1
186.552	video	250	1
186.553	video	41	1
186.558	gaming	104	2
186.561	voip	40	1
186.563	video	42	1
186.568	video	250	1
186.573	gaming	157	1
186.574	video	122	1
186.576	video	57	1
186.581	video	58	1
186.587	voip	40	1
186.594	video	51	1
186.595	voip	15	2
186.604	video	48	1
186.61	video	76	1
186.613	voip	40	1
186.615	video	244	1
186.619	gaming	107	2
186.639	voip	40	1
186.643	gaming	74	1
186.665	voip	40	1
186.671	gaming	202	2
186.692	gaming	143	1
186.693	voip	40	1
186.714	video	98	1
186.718	voip	40	1
186.722	video	43	1
186.734	video	54	1
186.737	gaming	122	2
186.74	video	56	1
186.744	voip	40	1
186.75	gaming	188	1
186.753	video	84	1
186.755	voip	15	2
186.765	video	43	1
186.77	voip	40	1
186.772	video	199	1
186.774	video	58	1
186.777	video	88	1
186.787	video	247	1
186.788	video	48	1
186.794	video	58	1
186.796	gaming	94	2
186.797	voip	40	1
186.801	video	69	1
186.808	gaming	175	1
186.809	video	88	1
186.813	video	69	1
186.818	video	104	1
186.822	video	215	1
186.823	voip	40	1
186.825	video	116	1
186.834	video	161	1
186.836	video	58	1
186.849	voip	40	1
186.851	gaming	105	2
186.859	gaming	263	1
186.875	voip	40	1
186.901	gaming	110	1
186.901	voip	40	1
186.909	gaming	136	2
186.915	voip	15	2
186.928	voip	40	1
186.936	video	44	1
186.94	video	40	1
186.942	video	56	1
186.947	video	81	1
186.952	video	70	1
186.954	voip	40	1
186.955	video	91	1
186.959	gaming	142	1
186.96	video	41	1
186.963	video	60	1
186.965	gaming	156	2
186.97	video	197	1
186.972	video	63	1
186.98	voip	40	1
186.981	video	98	1
186.988	video	62	1
187.001	video	53	1
187.007	video	145	1
187.008	voip	40	1
187.011	gaming	130	2
187.012	video	80	1
187.014	video	50	1
187.018	gaming	134	1
187.019	video	106	1
187.028	video	56	1
187.033	voip	40	1
187.041	video	82	1
187.045	video	44	1
187.059	voip	40	1
187.062	gaming	169	2
187.075	voip	15	2
187.079	gaming	134	1
187.085	voip	40	1
187.112	gaming	169	2
187.113	voip	40	1
187.138	voip	40	1
187.14	gaming	221	1
187.147	video	250	1
187.157	video	42	1
187.164	voip	40	1
187.17	video	74	1
187.173	video	57	1
187.179	gaming	129	2
187.185	video	86	1
187.188	video	62	1
187.19	voip	40	1
187.195	video	81	1
187.198	video	50	1
187.201	gaming	176	1
187.202	video	66	1
187.205	video	97	1
187.208	video	61	1
187.211	video	41	1
187.216	voip	40	1
187.217	video	40	1
187.223	video	61	1
187.231	video	89	1
187.235	voip	15	2
187.239	gaming	275	2
187.242	voip	40	1
187.245	video	250	1
187.247	video	40	1
187.253	gaming	164	1
187.254	video	41	1
187.26	video	48	1
187.263	video	96	1
187.269	voip	40	1
187.293	gaming	112	2
187.295	voip	40	1
187.317	gaming	146	1
187.321	voip	40	1
187.347	voip	40	1
187.365	video	250	1
187.367	gaming	217	2
187.374	voip	40	1
187.376	video	123	1
187.381	gaming	140	1
187.383	video	250	1
187.388	video	130	1
187.392	video	250	1
187.395	voip	15	2
187.4	video	54	1
187.401	voip	40	1
187.413	video	250	1
187.414	gaming	87	2
187.415	video	78	1
187.418	video	58	1
187.425	video	96	1
187.426	voip	40	1
187.428	video	73	1
187.433	gaming	139	1
187.436	video	203	1
187.438	video	86	1
187.447	video	52	1
187.451	video	43	1
187.452	voip	40	1
187.459	video	74	1
187.462	video	57	1
187.47	gaming	150	2
187.472	video	250	1
187.475	video	42	1
187.478	video	40	1
187.479	voip	40	1
187.485	gaming	85	1
187.505	voip	40	1
187.515	gaming	73	2
187.531	voip	40	1
187.547	gaming	105	1
187.555	voip	40	2
187.557	voip	40	1
187.565	gaming	86	2
187.578	video	58	1
187.581	voip	40	2
187.583	voip	40	1
187.586	video	45	1
187.588	video	42	1
187.598	video	60	1
187.601	video	47	1
187.606	video	123	1
187.608	voip	40	2
187.61	voip	40	1
187.611	video	116	1
187.614	video	71	1
187.618	video	51	1
187.619	gaming	158	2
187.625	gaming	117	1
187.626	video	91	1
187.634	voip	40	2
187.636	voip	40	1
187.638	video	51	1
187.651	video	41	1
187.66	voip	40	2
187.662	voip	40	1
187.664	video	162	1
187.666	gaming	182	2
187.676	video	60	1
187.679	gaming	118	1
187.686	voip	40	2
187.688	video	53	1
187.689	voip	40	1
187.694	video	250	1
187.697	video	250	1
187.702	video	85	1
187.705	video	40	1
187.711	video	250	1
187.712	voip	40	2
187.715	voip	40	1
187.722	gaming	159	2
187.733	gaming	102	1
187.739	voip	40	2
187.741	voip	40	1
187.765	voip	40	2
187.767	voip	40	1
187.784	gaming	148	1
187.791	gaming	88	2
187.791	voip	40	2
187.793	voip	40	1
187.81	video	55	1
187.813	video	114	1
187.817	voip	40	2
187.82	voip	40	1
187.826	video	250	1
187.837	video	104	1
187.84	video	61	1
187.842	gaming	101	1
187.844	voip	40	2
187.846	voip	40	1
187.85	gaming	171	2
187.852	video	62	1
187.865	video	117	1
187.87	voip	40	2
187.872	voip	40	1
187.877	video	40	1
187.883	video	86	1
187.891	gaming	114	1
187.895	video	64	1
187.896	voip	40	2
187.898	voip	40	1
187.901	video	135	1
187.905	gaming	129	2
187.907	video	250	1
187.911	video	80	1
187.917	video	73	1
187.922	video	58	1
187.923	voip	40	2
187.924	voip	15	1
187.927	video	214	1
187.929	video	91	1
187.931	video	50	1
187.935	video	117	1
187.945	video	230	1
187.949	voip	40	2
187.956	gaming	176	1
187.963	gaming	213	2
187.975	voip	40	2
188.001	voip	40	2
188.01	gaming	77	1
188.023	gaming	142	2
188.027	voip	40	2
188.044	video	52	1
188.05	video	70	1
188.053	voip	40	2
188.059	video	46	1
188.062	video	81	1
188.068	video	64	1
188.072	video	250	1
188.075	gaming	124	2
188.08	voip	40	2
188.083	video	53	1
188.084	voip	15	1
188.087	video	120	1
188.09	video	42	1
188.093	video	44	1
188.097	gaming	158	1
188.1	video	250	1
188.106	video	103	1
188.107	voip	40	2
188.118	video	62	1
188.126	video	69	1
188.127	gaming	99	2
188.132	voip	40	2
188.133	video	49	1
188.137	video	40	1
188.147	gaming	150	1
188.15	video	140	1
188.152	video	70	1
188.157	video	250	1
188.158	video	44	1
188.159	voip	40	2
188.185	gaming	99	2
188.185	voip	40	2
188.211	voip	40	2
188.214	gaming	140	1
188.237	voip	40	2
188.244	gaming	127	2
188.244	voip	15	1
188.258	video	49	1
188.261	video	45	1
188.263	voip	40	2
188.265	gaming	125	1
188.273	video	68	1
188.278	video	250	1
188.282	video	52	1
188.288	video	79	1
188.289	voip	40	2
188.294	gaming	132	2
188.301	video	44	1
188.313	gaming	101	1
188.313	video	52	1
188.316	voip	40	2
188.318	video	50	1
188.321	video	75	1
188.324	video	69	1
188.327	video	46	1
188.338	video	117	1
188.34	video	44	1
188.342	voip	40	2
188.345	video	169	1
188.355	gaming	132	2
188.356	video	49	1
188.36	gaming	188	1
188.362	video	132	1
188.367	video	97	1
188.368	voip	40	2
188.371	video	250	1
188.374	video	120	1
188.394	voip	40	2
188.404	voip	15	1
188.406	gaming	150	2
188.414	gaming	109	1
188.42	voip	15	2
188.461	gaming	97	2
188.473	video	49	1
188.479	video	63	1
188.481	gaming	144	1
188.482	video	40	1
188.487	video	250	1
188.49	video	142	1
188.495	video	54	1
188.504	video	52	1
188.509	video	250	1
188.51	video	50	1
188.513	video	79	1
188.522	gaming	244	2
188.523	video	59	1
188.525	video	68	1
188.53	video	250	1
188.535	video	158	1
188.538	video	80	1
188.541	video	115	1
188.544	gaming	189	1
188.545	video	103	1
188.554	video	92	1
188.562	video	134	1
188.564	voip	15	1
188.571	video	53	1
188.58	voip	15	2
188.59	gaming	257	2
188.597	gaming	69	1
188.656	gaming	127	2
188.662	gaming	193	1
188.671	video	109	1
188.677	video	43	1
188.685	video	83	1
188.694	video	131	1
188.698	video	42	1
188.71	video	44	1
188.712	gaming	176	2
188.715	gaming	114	1
188.723	video	84	1
188.724	voip	15	1
188.736	video	130	1
188.74	voip	15	2
188.748	video	45	1
188.751	video	54	1
188.754	video	46	1
188.759	video	59	1
188.764	video	128	1
188.766	video	40	1
188.768	gaming	135	2
188.773	video	250	1
188.774	gaming	122	1
188.775	video	45	1
188.778	video	46	1
188.785	video	52	1
188.798	video	60	1
188.802	video	235	1
188.825	gaming	113	2
188.828	gaming	164	1
188.88	gaming	197	1
188.884	voip	15	1
188.891	gaming	249	2
188.901	video	108	1
188.902	voip	15	2
188.911	video	91	1
188.914	video	74	1
188.92	video	119	1
188.93	video	82	1
188.933	video	41	1
188.938	video	101	1
188.943	gaming	116	1
188.948	gaming	174	2
188.952	video	250	1
188.954	video	179	1
188.957	video	70	1
188.969	video	43	1
188.979	video	43	1
188.983	video	48	1
188.987	video	57	1
188.99	video	72	1
188.995	gaming	89	2
189	gaming	83	1
189.003	video	153	1
189.015	video	44	1
189.027	video	48	1
189.033	video	44	1
189.036	video	60	1
189.044	voip	15	1
189.052	gaming	192	2
189.06	voip	15	2
189.066	gaming	119	1
189.109	gaming	121	2
189.111	gaming	90	1
189.136	video	40	1
189.148	video	55	1
189.151	video	77	1
189.154	video	45	1
189.158	video	74	1
189.161	video	44	1
189.164	video	106	1
189.167	gaming	151	1
189.171	video	45	1
189.173	gaming	181	2
189.175	video	92	1
189.184	video	47	1
189.195	video	250	1
189.204	voip	15	1
189.206	video	68	1
189.212	video	58	1
189.219	video	140	1
189.221	video	69	1
189.221	voip	15	2
189.224	video	130	1
189.23	video	52	1
189.233	gaming	178	1
189.234	video	51	1
189.246	video	63	1
189.259	video	151	1
189.268	gaming	208	2
189.288	gaming	153	1
189.318	gaming	162	2
189.354	gaming	112	1
189.358	video	44	1
189.361	video	49	1
189.364	video	55	1
189.364	voip	15	1
189.369	video	250	1
189.371	video	42	1
189.375	video	93	1
189.378	gaming	97	2
189.379	video	130	1
189.381	video	58	1
189.381	voip	40	2
189.394	video	124	1
189.4	gaming	71	1
189.401	video	71	1
189.405	video	62	1
189.407	voip	40	2
189.411	video	40	1
189.414	video	47	1
189.419	video	250	1
189.42	video	43	1
189.424	video	250	1
189.426	gaming	116	2
189.433	video	66	1
189.434	voip	40	2
189.436	video	51	1
189.445	video	138	1
189.451	gaming	242	1
189.457	video	98	1
189.459	voip	40	2
189.478	gaming	172	2
189.486	voip	40	2
189.509	gaming	117	1
189.512	voip	40	2
189.524	voip	15	1
189.538	gaming	98	2
189.538	voip	40	2
189.558	video	150	1
189.561	video	49	1
189.564	video	83	1
189.564	voip	40	2
189.573	gaming	206	1
189.574	video	52	1
189.582	video	209	1
189.585	video	250	1
189.59	voip	40	2
189.593	video	250	1
189.594	video	85	1
189.598	video	60	1
189.602	video	86	1
189.604	video	80	1
189.605	gaming	71	2
189.609	video	129	1
189.612	video	150	1
189.614	video	127	1
189.617	voip	40	2
189.618	video	72	1
189.631	video	205	1
189.636	video	99	1
189.641	gaming	139	1
189.642	video	49	1
189.643	voip	40	2
189.646	video	114	1
189.649	video	48	1
189.665	gaming	136	2
189.669	voip	40	2
189.684	voip	15	1
189.695	voip	40	2
189.71	gaming	112	1
189.722	voip	40	2
189.741	gaming	76	2
189.748	voip	40	2
189.75	video	250	1
189.752	video	90	1
189.757	video	145	1
189.762	video	142	1
189.764	video	42	1
189.766	gaming	186	1
189.774	voip	40	2
189.778	video	250	1
189.779	video	43	1
189.787	video	40	1
189.8	video	189	1
189.801	voip	40	2
189.803	gaming	88	2
189.804	video	81	1
189.81	video	86	1
189.818	video	114	1
189.82	video	80	1
189.823	video	45	1
189.827	voip	40	2
189.829	video	250	1
189.83	video	89	1
189.832	gaming	127	1
189.836	video	74	1
189.843	video	208	1
189.844	voip	15	1
189.847	video	250	1
189.851	video	229	1
189.853	voip	40	2
189.861	gaming	205	2
189.879	voip	40	2
189.887	gaming	142	1
189.905	voip	40	2
189.928	gaming	178	2
189.931	voip	40	2
189.944	gaming	151	1
189.95	video	124	1
189.954	video	65	1
189.957	video	79	1
189.958	voip	40	2
189.967	video	71	1
189.969	video	63	1
189.973	gaming	176	2
189.975	video	127	1
189.977	video	41	1
189.984	voip	15	2
189.989	video	42	1
189.995	video	81	1
190.004	voip	15	1
190.006	gaming	150	1
190.009	video	250	1
190.011	video	54	1
190.017	video	250	1
190.022	video	75	1
190.027	gaming	228	2
190.035	video	241	1
190.047	video	183	1
190.05	video	79	1
190.053	video	55	1
190.056	gaming	93	1
190.058	video	87	1
190.06	video	51	1
190.065	video	42	1
190.088	gaming	135	2
190.115	gaming	169	1
190.144	voip	15	2
190.146	gaming	126	2
190.164	voip	15	1
190.165	video	61	1
190.168	video	183	1
190.171	gaming	127	1
190.18	video	69	1
190.183	video	55	1
190.187	video	128	1
190.2	gaming	93	2
190.2	video	48	1
190.211	video	89	1
190.217	video	54	1
190.221	video	40	1
190.228	gaming	172	1
190.229	video	77	1
190.232	video	47	1
190.237	video	216	1
190.24	video	250	1
190.242	video	52	1
190.245	video	165	1
190.257	video	104	1
190.26	gaming	168	2
190.264	video	78	1
190.267	video	57	1
190.279	video	55	1
190.287	gaming	103	1
190.288	video	70	1
190.304	voip	15	2
190.314	gaming	161	2
190.324	voip	15	1
190.333	gaming	80	1
190.369	gaming	149	2
190.388	video	76	1
190.389	gaming	89	1
190.4	video	40	1
190.403	video	49	1
190.408	video	220	1
190.411	video	92	1
190.424	video	213	1
190.427	video	77	1
190.434	video	119	1
190.437	gaming	117	1
190.438	gaming	69	2
190.44	video	111	1
190.45	video	91	1
190.458	video	185	1
190.464	voip	15	2
190.47	video	99	1
190.474	video	82	1
190.48	video	250	1
190.484	voip	15	1
190.486	gaming	97	1
190.492	video	103	1
190.495	gaming	134	2
190.504	video	76	1
190.508	video	118	1
190.511	video	69	1
190.514	video	48	1
190.519	video	105	1
190.542	gaming	99	1
190.543	gaming	130	2
190.598	gaming	150	1
190.61	gaming	115	2
190.618	video	58	1
190.624	voip	40	2
190.629	video	250	1
190.636	video	250	1
190.638	video	43	1
190.644	voip	40	1
190.646	video	45	1
190.65	voip	40	2
190.659	video	101	1
190.662	video	72	1
190.666	video	48	1
190.668	gaming	108	1
190.669	video	51	1
190.671	voip	40	1
190.675	video	250	1
190.676	voip	40	2
190.678	video	116	1
190.686	video	112	1
190.689	video	79	1
190.691	gaming	114	2
190.697	voip	40	1
190.701	video	53	1
190.703	voip	40	2
190.706	video	250	1
190.71	video	222	1
190.713	video	250	1
190.715	video	47	1
190.718	video	100	1
190.721	video	67	1
190.722	gaming	86	1
190.723	voip	40	1
190.729	voip	40	2
190.738	gaming	72	2
190.749	voip	40	1
190.755	voip	40	2
190.776	gaming	105	1
190.776	voip	40	1
190.781	voip	40	2
190.802	voip	40	1
190.804	gaming	159	2
190.808	voip	40	2
190.821	video	73	1
190.825	video	66	1
190.828	video	64	1
190.828	voip	40	1
190.834	voip	40	2
190.84	gaming	311	1
190.842	video	113	1
190.844	video	47	1
190.848	video	41	1
190.85	video	55	1
190.854	voip	15	1
190.857	video	250	1
190.86	voip	40	2
190.867	gaming	170	2
190.868	video	55	1
190.871	video	72	1
190.876	video	250	1
190.882	video	56	1
190.886	voip	40	2
190.894	video	83	1
190.902	video	192	1
190.912	voip	40	2
190.914	video	117	1
190.917	video	71	1
190.919	gaming	112	1
190.923	video	43	1
190.926	video	76	1
190.929	gaming	72	2
190.932	video	250	1
190.935	video	63	1
190.939	voip	40	2
190.965	voip	40	2
190.98	gaming	130	2
190.991	voip	40	2
191.002	gaming	99	1
191.014	voip	15	1
191.017	voip	40	2
191.036	video	250	1
191.044	voip	40	2
191.046	gaming	132	2
191.047	video	46	1
191.051	video	176	1
191.056	video	97	1
191.059	video	51	1
191.061	gaming	76	1
191.07	video	250	1
191.071	voip	40	2
191.073	video	250	1
191.084	video	46	1
191.087	video	70	1
191.09	video	87	1
191.096	voip	40	2
191.098	video	82	1
191.103	gaming	105	2
191.106	video	108	1
191.109	video	67	1
191.112	video	70	1
191.116	video	48	1
191.12	video	50	1
191.122	voip	40	2
191.124	video	58	1
191.127	video	125	1
191.132	video	214	1
191.135	gaming	155	1
191.143	video	43	1
191.149	voip	40	2
191.16	gaming	175	2
191.174	voip	15	1
191.175	voip	40	2
191.201	voip	40	2
191.204	gaming	104	1
191.227	voip	40	2
191.24	gaming	154	2
191.243	video	40	1
191.253	voip	40	2
191.256	video	99	1
191.259	gaming	101	1
191.259	video	49	1
191.263	video	139	1
191.267	video	51	1
191.271	video	249	1
191.272	video	54	1
191.279	video	138	1
191.28	voip	40	2
191.287	gaming	140	2
191.29	video	250	1
191.291	video	66	1
191.296	video	71	1
191.306	voip	40	2
191.309	video	49	1
191.311	video	42	1
191.315	gaming	178	1
191.318	video	250	1
191.319	video	84	1
191.324	video	77	1
191.33	video	48	1
191.332	voip	40	2
191.334	gaming	156	2
191.334	voip	15	1
191.335	video	43	1
191.341	video	41	1
191.353	video	65	1
191.358	voip	40	2
191.38	gaming	168	1
191.385	voip	40	2
191.387	gaming	157	2
191.411	voip	40	2
191.437	voip	40	2
191.445	gaming	78	1
191.453	video	60	1
191.458	video	250	1
191.462	gaming	104	2
191.462	video	47	1
191.463	voip	40	2
191.465	video	47	1
191.477	video	68	1
191.482	video	40	1
191.485	video	81	1
191.488	video	116	1
191.489	voip	40	2
191.491	video	177	1
191.494	voip	15	1
191.503	video	128	1
191.507	video	91	1
191.51	video	53	1
191.511	gaming	130	1
191.515	video	48	1
191.516	voip	40	2
191.519	gaming	94	2
191.526	video	76	1
191.53	video	81	1
191.54	video	47	1
191.542	voip	40	2
191.544	video	112	1
191.556	video	69	1
191.559	video	73	1
191.563	gaming	104	1
191.564	video	51	1
191.566	gaming	164	2
191.568	voip	40	2
191.594	voip	40	2
191.615	gaming	206	1
191.619	gaming	114	2
191.621	voip	40	2
191.647	voip	40	2
191.654	voip	15	1
191.664	video	45	1
191.674	gaming	203	1
191.675	voip	40	2
191.676	video	50	1
191.679	video	44	1
191.683	video	118	1
191.684	gaming	134	2
191.687	video	194	1
191.69	video	58	1
191.693	video	95	1
191.699	voip	40	2
191.706	video	55	1
191.719	video	194	1
191.726	voip	40	2
191.73	video	54	1
191.736	video	250	1
191.739	gaming	131	1
191.746	gaming	87	2
191.747	video	41	1
191.752	voip	40	2
191.757	video	184	1
191.76	video	68	1
191.769	video	168	1
191.778	voip	40	2
191.779	video	92	1
191.784	video	72	1
191.795	gaming	161	1
191.797	gaming	161	2
191.798	video	44	1
191.801	video	250	1
191.804	video	44	1
191.804	voip	40	2
191.814	voip	15	1
191.83	voip	40	2
191.857	gaming	171	1
191.858	voip	40	2
191.874	gaming	156	2
191.883	voip	40	2
191.905	video	250	1
191.907	video	49	1
191.909	voip	40	2
191.913	video	250	1
191.915	gaming	122	1
191.922	video	69	1
191.926	video	51	1
191.929	gaming	162	2
191.93	video	54	1
191.934	video	112	1
191.935	voip	40	2
191.938	video	185	1
191.94	video	140	1
191.943	video	51	1
191.948	video	250	1
191.959	video	47	1
191.962	voip	40	2
191.963	video	73	1
191.967	gaming	94	1
191.974	voip	15	1
191.975	video	80	1
191.98	video	248	1
191.981	video	86	1
191.984	video	85	1
191.985	gaming	123	2
191.989	video	235	1
191.99	voip	40	2
191.993	video	41	1
191.996	video	51	1
192.014	voip	40	2
192.016	gaming	93	1
192.04	voip	40	2
192.046	gaming	79	2
192.067	voip	40	2
192.078	gaming	177	1
192.093	voip	40	2
192.096	video	42	1
192.104	gaming	230	2
192.108	video	250	1
192.109	video	117	1
192.113	video	250	1
192.115	video	66	1
192.119	voip	40	2
192.123	video	43	1
192.128	gaming	150	1
192.129	video	49	1
192.134	voip	15	1
192.137	video	250	1
192.138	video	82	1
192.143	video	250	1
192.145	voip	40	2
192.15	video	68	1
192.163	video	177	1
192.165	gaming	151	2
192.171	voip	40	2
192.175	video	41	1
192.179	video	83	1
192.192	video	180	1
192.196	video	152	1
192.198	voip	40	2
192.207	gaming	105	1
192.208	video	75	1
192.219	gaming	108	2
192.22	video	53	1
192.223	video	64	1
192.224	voip	40	2
192.228	video	56	1
192.25	voip	40	2
192.261	gaming	111	1
192.276	voip	40	2
192.279	gaming	93	2
192.294	voip	15	1
192.303	voip	40	2
192.316	gaming	83	1
192.328	video	41	1
192.329	voip	40	2
192.333	video	250	1
192.338	gaming	134	2
192.34	video	54	1
192.345	video	64	1
192.348	video	47	1
192.352	video	227	1
192.355	voip	40	2
192.363	video	69	1
192.366	video	42	1
192.369	video	66	1
192.373	video	193	1
192.374	video	44	1
192.377	video	56	1
192.382	gaming	173	1
192.383	voip	40	2
192.384	video	43	1
192.39	video	56	1
192.399	gaming	140	2
192.402	video	43	1
192.408	video	227	1
192.409	voip	40	2
192.416	video	198	1
192.424	video	250	1
192.43	video	105	1
192.433	video	70	1
192.434	voip	40	2
192.454	voip	15	1
192.456	gaming	132	2
192.458	gaming	152	1
192.46	voip	40	2
192.486	voip	40	2
192.512	voip	40	2
192.516	gaming	107	2
192.517	gaming	76	1
192.533	video	55	1
192.538	voip	15	2
192.546	video	159	1
192.559	video	250	1
192.562	video	250	1
192.567	video	120	1
192.579	video	98	1
192.581	gaming	201	2
192.583	gaming	144	1
192.585	video	250	1
192.596	video	177	1
192.604	video	72	1
192.607	video	47	1
192.61	video	58	1
192.614	voip	15	1
192.615	video	65	1
192.622	video	250	1
192.626	video	57	1
192.632	gaming	144	1
192.633	video	40	1
192.636	gaming	110	2
192.636	video	40	1
192.64	video	114	1
192.653	video	211	1
192.655	video	114	1
192.667	video	57	1
192.684	gaming	145	2
192.693	gaming	233	1
192.698	voip	15	2
192.743	gaming	94	2
192.744	gaming	101	1
192.768	video	155	1
192.773	video	157	1
192.774	voip	15	1
192.777	video	87	1
192.786	video	72	1
192.79	gaming	145	1
192.795	gaming	143	2
192.798	video	62	1
192.809	video	250	1
192.812	video	77	1
192.815	video	89	1
192.819	video	106	1
192.832	video	101	1
192.838	video	59	1
192.843	video	40	1
192.844	gaming	143	2
192.847	video	59	1
192.849	gaming	86	1
192.858	video	71	1
192.859	voip	40	2
192.862	video	50	1
192.876	video	250	1
192.878	video	47	1
192.883	video	106	1
192.885	voip	40	2
192.886	video	100	1
192.896	gaming	139	2
192.899	video	61	1
192.908	gaming	78	1
192.911	voip	40	2
192.934	voip	40	1
192.937	voip	40	2
192.952	gaming	108	2
192.957	gaming	159	1
192.961	voip	40	1
192.964	voip	40	2
192.987	voip	40	1
192.99	voip	40	2
192.999	video	80	1
193.002	video	43	1
193.005	video	122	1
193.011	gaming	177	2
193.012	video	72	1
193.013	voip	40	1
193.016	voip	40	2
193.018	gaming	132	1
193.022	video	125	1
193.024	video	60	1
193.026	video	48	1
193.037	video	126	1
193.039	voip	40	1
193.04	video	92	1
193.042	video	52	1
193.043	voip	40	2
193.046	video	250	1
193.049	video	98	1
193.052	video	76	1
193.06	video	224	1
193.065	voip	40	1
193.067	video	81	1
193.068	gaming	151	1
193.069	voip	40	2
193.075	video	49	1
193.079	gaming	131	2
193.08	video	58	1
193.086	video	63	1
193.092	voip	40	1
193.095	voip	40	2
193.098	video	47	1
193.101	video	67	1
193.118	voip	40	1
193.121	voip	40	2
193.129	gaming	197	2
193.132	gaming	186	1
193.144	voip	40	1
193.147	voip	40	2
193.17	voip	40	1
193.173	voip	40	2
193.178	gaming	99	2
193.183	gaming	138	1
193.197	voip	40	1
193.2	voip	40	2
193.201	video	46	1
193.213	video	42	1
193.217	video	137	1
193.22	video	88	1
193.223	voip	40	1
193.226	voip	40	2
193.232	video	99	1
193.238	gaming	134	2
193.24	video	250	1
193.241	video	40	1
193.248	video	250	1
193.249	voip	40	1
193.251	gaming	152	1
193.252	voip	40	2
193.259	video	133	1
193.264	video	130	1
193.267	video	250	1
193.269	video	136	1
193.275	voip	40	1
193.278	voip	40	2
193.281	video	69	1
193.284	video	60	1
193.287	video	67	1
193.295	gaming	160	2
193.296	video	78	1
193.301	voip	40	1
193.305	voip	40	2
193.309	gaming	191	1
193.31	video	82	1
193.314	video	137	1
193.318	video	56	1
193.326	video	189	1
193.328	voip	40	1
193.331	voip	40	2
193.354	voip	40	1
193.357	voip	40	2
193.363	gaming	132	2
193.364	gaming	71	1
193.38	voip	40	1
193.383	voip	40	2
193.406	voip	40	1
193.409	voip	40	2
193.416	gaming	115	2
193.422	gaming	162	1
193.425	video	58	1
193.428	video	122	1
193.432	video	50	1
193.433	voip	40	1
193.436	voip	40	2
193.446	video	250	1
193.448	video	149	1
193.45	video	48	1
193.456	video	66	1
193.458	video	41	1
193.459	voip	40	1
193.462	voip	40	2
193.466	video	250	1
193.468	video	83	1
193.476	video	164	1
193.477	gaming	57	1
193.483	video	91	1
193.484	gaming	68	2
193.485	voip	40	1
193.488	video	250	1
193.489	voip	40	2
193.49	video	41	1
193.495	video	52	1
193.501	video	250	1
193.506	video	94	1
193.509	video	66	1
193.511	voip	40	1
193.513	video	87	1
193.514	voip	40	2
193.523	video	77	1
193.528	gaming	80	1
193.538	voip	40	1
193.541	voip	40	2
193.548	gaming	177	2
193.564	voip	40	1
193.567	voip	40	2
193.581	gaming	109	1
193.59	voip	40	1
193.593	voip	40	2
193.61	gaming	149	2
193.616	voip	40	1
193.619	voip	40	2
193.624	video	250	1
193.636	video	146	1
193.637	gaming	82	1
193.642	voip	40	1
193.646	voip	40	2
193.649	video	250	1
193.652	video	250	1
193.655	video	92	1
193.658	video	95	1
193.66	video	53	1
193.662	gaming	140	2
193.665	video	250	1
193.669	voip	40	1
193.672	voip	40	2
193.676	video	123	1
193.681	video	84	1
193.686	gaming	150	1
193.69	video	66	1
193.695	voip	40	1
193.696	video	71	1
193.698	voip	40	2
193.702	video	145	1
193.714	video	42	1
193.717	gaming	131	2
193.721	video	99	1
193.722	voip	40	1
193.724	video	148	1
193.725	voip	40	2
193.737	video	180	1
193.747	voip	40	1
193.749	video	79	1
193.75	gaming	151	1
193.751	voip	40	2
193.752	video	69	1
193.759	video	58	1
193.765	gaming	172	2
193.774	voip	40	1
193.777	voip	40	2
193.8	voip	40	1
193.803	voip	40	2
193.818	gaming	119	1
193.82	gaming	294	2
193.826	voip	40	1
193.829	voip	40	2
193.852	voip	40	1
193.855	voip	40	2
193.858	video	42	1
193.866	gaming	168	1
193.869	gaming	263	2
193.869	video	44	1
193.875	video	91	1
193.879	voip	40	1
193.881	video	71	1
193.882	voip	40	2
193.885	video	50	1
193.888	video	52	1
193.895	video	73	1
193.906	video	250	1
193.907	voip	40	1
193.908	voip	40	2
193.917	gaming	93	2
193.917	video	50	1
193.919	gaming	151	1
193.925	video	102	1
193.929	video	64	1
193.931	voip	40	1
193.933	video	213	1
193.934	voip	40	2
193.936	video	161	1
193.944	video	250	1
193.953	video	148	1
193.957	voip	40	1
193.958	video	41	1
193.96	voip	40	2
193.965	video	163	1
193.967	video	41	1
193.969	gaming	172	2
193.98	gaming	160	1
193.982	video	157	1
193.983	video	47	1
193.984	voip	40	1
193.987	voip	40	2
194.01	voip	40	1
194.013	voip	40	2
194.021	gaming	134	2
194.031	gaming	142	1
194.036	voip	40	1
194.039	voip	40	2
194.062	voip	40	1
194.065	voip	40	2
194.083	video	53	1
194.086	gaming	141	2
194.088	voip	40	1
194.091	voip	40	2
194.094	video	250	1
194.095	video	59	1
194.098	gaming	129	1
194.099	video	146	1
194.102	video	48	1
194.107	video	250	1
194.111	video	250	1
194.115	voip	40	1
194.118	voip	40	2
194.122	video	60	1
194.128	video	66	1
194.133	video	143	1
194.14	gaming	100	2
194.141	voip	40	1
194.144	voip	40	2
194.145	video	99	1
194.148	video	63	1
194.152	gaming	165	1
194.162	video	250	1
194.164	video	55	1
194.167	video	74	1
194.168	voip	40	1
194.17	video	45	1
194.17	voip	40	2
194.174	video	199	1
194.18	video	68	1
194.192	video	49	1
194.193	gaming	126	2
194.194	voip	40	1
194.196	voip	40	2
194.199	video	73	1
194.216	gaming	290	1
194.22	voip	40	1
194.223	voip	40	2
194.246	voip	40	1
194.249	voip	40	2
194.259	gaming	82	2
194.272	voip	40	1
194.275	voip	40	2
194.278	gaming	133	1
194.298	voip	40	1
194.3	video	114	1
194.301	voip	40	2
194.303	video	47	1
194.307	video	44	1
194.315	video	79	1
194.318	video	95	1
194.319	gaming	82	2
194.321	video	52	1
194.324	voip	40	1
194.325	video	76	1
194.327	video	58	1
194.328	voip	40	2
194.334	video	41	1
194.341	video	42	1
194.345	video	182	1
194.347	video	69	1
194.348	gaming	62	1
194.351	voip	40	1
194.354	voip	40	2
194.36	video	64	1
194.371	video	66	1
194.373	gaming	160	2
194.377	video	222	1
194.377	voip	40	1
194.38	voip	40	2
194.383	video	250	1
194.385	video	48	1
194.389	video	89	1
194.395	video	250	1
194.396	video	88	1
194.402	gaming	166	1
194.403	voip	40	1
194.406	voip	40	2
194.425	gaming	130	2
194.429	voip	40	1
194.432	voip	40	2
194.452	gaming	305	1
194.456	voip	40	1
194.459	voip	40	2
194.478	gaming	254	2
194.482	voip	40	1
194.485	voip	40	2
194.496	video	96	1
194.498	video	63	1
194.501	video	43	1
194.504	video	52	1
194.506	gaming	137	1
194.508	video	134	1
194.509	voip	40	1
194.511	voip	40	2
194.512	video	91	1
194.521	video	250	1
194.533	video	187	1
194.535	video	79	1
194.535	voip	40	1
194.537	voip	40	2
194.545	gaming	120	2
194.546	video	47	1
194.556	video	73	1
194.561	gaming	180	1
194.562	voip	40	1
194.564	video	250	1
194.565	voip	40	2
194.574	video	88	1
194.586	video	53	1
194.587	voip	40	1
194.59	voip	40	2
194.595	video	250	1
194.598	video	50	1
194.601	gaming	268	2
194.602	video	138	1
194.604	video	65	1
194.607	video	52	1
194.611	video	90	1
194.613	voip	40	1
194.617	gaming	100	1
194.617	voip	40	2
194.639	voip	40	1
194.642	voip	40	2
194.665	voip	40	1
194.669	voip	40	2
194.673	gaming	161	1
194.683	gaming	196	2
194.692	voip	40	1
194.695	voip	40	2
194.711	video	56	1
194.713	video	44	1
194.716	video	89	1
194.718	voip	40	1
194.721	video	50	1
194.721	voip	40	2
194.724	video	42	1
194.728	video	97	1
194.73	gaming	167	1
194.734	gaming	134	2
194.737	video	250	1
194.741	video	250	1
194.743	video	77	1
194.744	voip	40	1
194.747	voip	40	2
194.751	video	159	1
194.753	video	68	1
194.758	video	85	1
194.763	video	189	1
194.77	voip	40	1
194.773	voip	40	2
194.775	video	83	1
194.781	gaming	152	1
194.787	video	43	1
194.791	gaming	198	2
194.793	video	178	1
194.797	voip	40	1
194.797	video	43	1
194.8	voip	40	2
194.81	video	114	1
194.815	video	50	1
194.823	voip	40	1
194.826	voip	15	2
194.827	video	58	1
194.829	gaming	143	1
194.849	voip	40	1
194.85	gaming	111	2
194.875	voip	40	1
194.901	gaming	94	1
194.902	voip	40	1
194.906	gaming	100	2
194.927	video	45	1
194.928	voip	40	1
194.93	video	48	1
194.933	video	73	1
194.936	video	153	1
194.938	video	52	1
194.951	video	80	1
194.954	voip	40	1
194.959	gaming	187	1
194.962	gaming	215	2
194.963	video	42	1
194.966	video	58	1
194.969	video	61	1
194.975	video	250	1
194.977	video	110	1
194.98	voip	40	1
194.982	video	143	1
194.986	video	88	1
194.987	voip	15	2
194.989	video	58	1
194.994	video	250	1
195.001	video	59	1
195.006	voip	40	1
195.014	video	49	1
195.02	video	158	1
195.022	gaming	84	1
195.023	video	71	1
195.028	video	190	1
195.03	gaming	119	2
195.033	voip	40	1
195.059	voip	40	1
195.077	gaming	100	1
195.085	voip	40	1
195.092	gaming	96	2
195.111	voip	40	1
195.128	video	209	1
195.132	video	62	1
195.138	video	161	1
195.139	voip	40	1
195.14	video	47	1
195.144	video	68	1
195.146	voip	15	2
195.153	gaming	103	1
195.154	gaming	145	2
195.157	video	131	1
195.16	video	64	1
195.164	voip	40	1
195.169	video	64	1
195.173	video	42	1
195.181	video	250	1
195.186	video	51	1
195.19	voip	40	1
195.192	video	95	1
195.196	video	53	1
195.198	video	59	1
195.202	video	60	1
195.205	video	88	1
195.208	video	46	1
195.215	video	109	1
195.216	voip	40	1
195.217	video	65	1
195.222	gaming	111	2
195.224	gaming	108	1
195.229	video	42	1
195.242	voip	40	1
195.269	voip	40	1
195.271	gaming	127	1
195.274	gaming	201	2
195.295	voip	40	1
195.306	voip	15	2
195.321	voip	40	1
195.326	gaming	160	1
195.33	video	69	1
195.334	gaming	255	2
195.335	video	131	1
195.337	video	67	1
195.347	video	250	1
195.348	voip	40	1
195.352	video	54	1
195.359	video	64	1
195.365	video	41	1
195.369	video	78	1
195.374	voip	40	1
195.374	video	52	1
195.377	video	41	1
195.379	gaming	143	1
195.382	video	173	1
195.385	gaming	272	2
195.386	video	63	1
195.387	video	53	1
195.399	video	125	1
195.4	voip	40	1
195.403	video	56	1
195.416	video	94	1
195.419	video	84	1
195.426	voip	40	1
195.427	video	119	1
195.434	gaming	113	1
195.438	video	45	1
195.44	gaming	182	2
195.445	video	82	1
195.452	voip	40	1
195.466	voip	15	2
195.479	voip	40	1
195.491	gaming	110	1
195.5	gaming	94	2
195.505	voip	15	1
195.545	video	64	1
195.551	gaming	86	2
195.556	video	59	1
195.559	video	59	1
195.566	gaming	161	1
195.567	video	67	1
195.569	video	56	1
195.574	video	42	1
195.577	video	42	1
195.588	video	41	1
195.592	video	250	1
195.599	video	64	1
195.603	video	74	1
195.61	video	46	1
195.612	gaming	167	2
195.614	video	63	1
195.619	video	192	1
195.625	video	220	1
195.626	voip	15	2
195.626	video	41	1
195.628	gaming	130	1
195.629	video	41	1
195.632	video	68	1
195.635	video	63	1
195.648	video	74	1
195.661	gaming	84	2
195.665	voip	15	1
195.687	gaming	107	1
195.718	gaming	108	2
195.747	video	50	1
195.753	video	64	1
195.756	video	49	1
195.76	video	44	1
195.763	video	49	1
195.767	video	45	1
195.769	gaming	165	2
195.771	gaming	167	1
195.771	video	51	1
195.774	video	80	1
195.777	video	45	1
195.78	video	124	1
195.784	video	44	1
195.786	voip	15	2
195.788	video	48	1
195.796	video	89	1
195.799	video	49	1
195.802	video	90	1
195.805	video	136	1
195.811	video	250	1
195.822	video	93	1
195.825	voip	15	1
195.826	gaming	90	1
195.827	gaming	100	2
195.828	video	48	1
195.83	video	41	1
195.882	gaming	152	1
195.885	gaming	85	2
195.93	video	102	1
195.933	video	87	1
195.936	video	57	1
195.938	gaming	132	2
195.94	gaming	141	1
195.946	voip	15	2
195.948	video	47	1
195.951	video	47	1
195.961	video	103	1
195.973	video	89	1
195.978	video	46	1
195.985	voip	15	1
195.988	video	149	1
195.99	gaming	109	2
195.993	gaming	182	1
195.995	video	188	1
195.997	video	102	1
196.002	video	250	1
196.003	video	61	1
196.012	video	250	1
196.014	video	91	1
196.016	video	54	1
196.019	video	62	1
196.032	video	52	1
196.034	video	47	1
196.047	video	56	1
196.048	gaming	133	1
196.051	gaming	135	2
196.097	gaming	91	1
196.106	voip	15	2
196.124	gaming	107	2
196.145	voip	15	1
196.147	video	48	1
196.15	gaming	77	1
196.154	video	155	1
196.157	video	75	1
196.167	video	76	1
196.172	video	250	1
196.175	video	48	1
196.179	gaming	144	2
196.18	video	40	1
196.187	video	131	1
196.19	video	48	1
196.195	video	73	1
196.207	video	58	1
196.209	gaming	119	1
196.221	video	186	1
196.228	video	123	1
196.234	gaming	96	2
196.235	video	47	1
196.239	video	49	1
196.243	video	198	1
196.254	video	50	1
196.266	voip	15	2
196.267	video	86	1
196.269	gaming	153	1
196.27	video	46	1
196.274	video	134	1
196.305	voip	15	1
196.308	gaming	145	2
196.328	gaming	122	1
196.372	gaming	114	2
196.375	video	207	1
196.379	video	206	1
196.381	video	74	1
196.387	gaming	125	1
196.388	video	55	1
196.399	video	93	1
196.402	video	48	1
196.405	video	97	1
196.412	video	102	1
196.416	video	87	1
196.422	gaming	149	2
196.425	video	116	1
196.426	voip	15	2
196.428	video	46	1
196.44	video	55	1
196.444	gaming	110	1
196.444	video	52	1
196.448	video	178	1
196.451	video	84	1
196.463	video	120	1
196.465	voip	15	1
196.467	video	250	1
196.47	video	139	1
196.478	gaming	302	2
196.482	video	61	1
196.485	video	44	1
196.514	gaming	261	1
196.53	gaming	153	2
196.564	gaming	261	1
196.585	video	47	1
196.587	gaming	157	2
196.587	voip	15	2
196.593	video	134	1
196.6	video	68	1
196.605	video	177	1
196.607	video	55	1
196.616	gaming	168	1
196.621	video	211	1
196.625	voip	15	1
196.626	video	74	1
196.629	video	78	1
196.636	video	250	1
196.636	video	51	1
196.641	gaming	149	2
196.642	video	46	1
196.645	video	250	1
196.652	video	62	1
196.664	video	70	1
196.667	video	53	1
196.671	gaming	189	1
196.672	video	45	1
196.684	video	44	1
196.697	video	161	1
196.701	video	73	1
196.704	gaming	112	2
196.71	video	150	1
196.727	gaming	195	1
196.746	voip	15	2
196.755	gaming	113	2
196.779	gaming	103	1
196.785	voip	15	1
196.809	video	55	1
196.814	video	40	1
196.817	gaming	99	2
196.825	video	250	1
196.828	video	61	1
196.833	gaming	160	1
196.84	video	47	1
196.846	video	145	1
196.852	video	62	1
196.856	video	40	1
196.861	video	44	1
196.867	video	42	1
196.873	gaming	125	2
196.88	video	95	1
196.891	gaming	176	1
196.894	video	250	1
196.904	video	41	1
196.906	voip	15	2
196.917	video	63	1
196.924	video	52	1
196.927	gaming	322	2
196.928	video	59	1
196.931	video	68	1
196.938	video	53	1
196.94	gaming	137	1
196.944	video	135	1
196.945	voip	40	1
196.947	video	63	1
196.971	voip	40	1
196.979	gaming	70	2
196.998	gaming	98	1
196.998	voip	40	1
197.023	voip	40	1
197.037	gaming	122	2
197.048	video	172	1
197.05	voip	40	1
197.055	video	48	1
197.058	video	122	1
197.061	gaming	139	1
197.064	video	250	1
197.066	voip	15	2
197.071	video	50	1
197.076	voip	40	1
197.077	video	59	1
197.079	video	56	1
197.087	video	250	1
197.088	gaming	164	2
197.093	video	50	1
197.098	video	102	1
197.102	voip	40	1
197.103	video	61	1
197.108	video	59	1
197.114	video	69	1
197.12	video	47	1
197.123	gaming	115	1
197.124	video	68	1
197.128	video	250	1
197.129	voip	40	1
197.131	video	50	1
197.136	video	50	1
197.141	video	74	1
197.145	gaming	141	2
197.153	video	60	1
197.155	voip	40	1
197.178	gaming	64	1
197.181	voip	40	1
197.207	voip	40	1
197.21	gaming	139	2
197.226	voip	15	2
197.233	voip	40	1
197.238	gaming	112	1
197.253	video	99	1
197.256	video	46	1
197.26	voip	40	1
197.263	video	232	1
197.266	video	250	1
197.273	gaming	274	2
197.274	video	65	1
197.279	video	48	1
197.286	voip	15	1
197.292	gaming	131	1
197.293	video	104	1
197.295	video	152	1
197.299	video	46	1
197.308	video	45	1
197.312	video	57	1
197.321	video	40	1
197.332	gaming	192	2
197.335	video	217	1
197.338	video	250	1
197.341	video	44	1
197.344	video	58	1
197.346	gaming	91	1
197.348	video	150	1
197.35	video	82	1
197.362	video	86	1
197.368	video	42	1
197.386	voip	15	2
197.399	gaming	109	1
197.412	gaming	220	2
197.446	voip	15	1
197.449	gaming	178	1
197.459	gaming	100	2
197.468	video	40	1
197.473	video	250	1
197.476	video	250	1
197.482	video	61	1
197.486	video	55	1
197.495	video	62	1
197.498	video	101	1
197.5	gaming	84	1
197.501	video	56	1
197.505	video	250	1
197.513	video	64	1
197.515	gaming	154	2
197.517	video	160	1
197.529	video	70	1
197.534	video	239	1
197.536	video	47	1
197.54	video	146	1
197.542	video	40	1
197.546	video	73	1
197.546	voip	15	2
197.551	video	158	1
197.554	gaming	163	1
197.558	video	250	1
197.567	video	94	1
197.582	gaming	111	2
197.606	voip	15	1
197.626	gaming	119	1
197.64	gaming	307	2
197.667	video	91	1
197.669	video	40	1
197.673	video	58	1
197.676	gaming	143	1
197.685	video	43	1
197.689	video	48	1
197.697	video	113	1
197.7	video	64	1
197.706	gaming	131	2
197.706	voip	15	2
197.711	video	250	1
197.713	video	81	1
197.716	video	44	1
197.72	video	196	1
197.722	video	68	1
197.729	gaming	123	1
197.735	video	66	1
197.743	video	63	1
197.754	video	145	1
197.758	video	250	1
197.759	gaming	122	2
197.761	video	53	1
197.764	video	53	1
197.766	voip	15	1
197.769	video	50	1
197.773	video	74	1
197.788	gaming	158	1
197.811	gaming	121	2
197.851	gaming	115	1
197.866	voip	15	2
197.869	gaming	107	2
197.874	video	250	1
197.88	video	56	1
197.893	video	45	1
197.896	video	56	1
197.899	video	51	1
197.903	video	83	1
197.907	video	250	1
197.914	gaming	160	1
197.918	video	57	1
197.923	gaming	169	2
197.926	voip	15	1
197.929	video	250	1
197.937	video	117	1
197.941	video	93	1
197.944	video	145	1
197.947	video	69	1
197.951	video	46	1
197.956	video	250	1
197.964	video	250	1
197.966	video	42	1
197.973	gaming	111	1
197.977	gaming	108	2
197.98	video	177	1
197.981	video	45	1
197.987	video	42	1
198.026	voip	15	2
198.027	gaming	120	1
198.046	gaming	94	2
198.08	gaming	133	1
198.086	voip	15	1
198.089	video	250	1
198.093	video	56	1
198.096	video	56	1
198.1	video	146	1
198.112	gaming	126	2
198.114	video	202	1
198.124	video	41	1
198.127	video	81	1
198.134	gaming	138	1
198.141	video	250	1
198.149	video	40	1
198.152	video	48	1
198.157	video	250	1
198.159	video	133	1
198.161	video	45	1
198.166	video	250	1
198.169	video	64	1
198.173	video	65	1
198.182	gaming	209	2
198.185	gaming	142	1
198.186	video	101	1
198.187	voip	15	2
198.19	video	250	1
198.202	video	122	1
198.206	video	184	1
198.227	gaming	102	2
198.246	voip	15	1
198.248	gaming	175	1
198.291	gaming	114	2
198.305	video	49	1
198.309	video	40	1
198.314	video	43	1
198.317	video	70	1
198.321	gaming	137	1
198.325	video	40	1
198.33	video	161	1
198.332	video	52	1
198.335	video	41	1
198.338	video	64	1
198.342	video	50	1
198.347	video	250	1
198.347	voip	15	2
198.349	video	87	1
198.351	gaming	134	2
198.356	video	250	1
198.36	video	250	1
198.362	video	128	1
198.364	video	68	1
198.367	video	63	1
198.37	video	170	1
198.374	video	71	1
198.378	video	184	1
198.381	gaming	125	1
198.403	gaming	155	2
198.406	voip	15	1
198.444	gaming	178	1
198.465	gaming	125	2
198.477	video	91	1
198.489	video	54	1
198.494	video	45	1
198.498	video	68	1
198.506	video	129	1
198.506	voip	15	2
198.513	gaming	73	1
198.519	video	246	1
198.521	video	47	1
198.524	video	157	1
198.527	video	92	1
198.53	video	40	1
198.534	video	41	1
198.536	gaming	89	2
198.537	video	67	1
198.548	video	250	1
198.56	gaming	113	1
198.56	video	43	1
198.562	video	43	1
198.565	video	50	1
198.566	voip	15	1
198.57	video	250	1
198.575	video	47	1
198.579	video	112	1
198.584	video	243	1
198.594	gaming	146	2
198.623	gaming	196	1
198.65	gaming	167	2
198.666	voip	15	2
198.682	gaming	189	1
198.683	video	100	1
198.687	video	250	1
198.691	video	67	1
198.694	video	70	1
198.698	video	56	1
198.701	video	61	1
198.709	gaming	246	2
198.715	video	250	1
198.723	video	184	1
198.725	video	60	1
198.726	voip	40	1
198.733	video	74	1
198.736	video	54	1
198.741	video	250	1
198.743	gaming	156	1
198.747	video	44	1
198.752	voip	40	1
198.756	video	56	1
198.76	gaming	111	2
198.769	video	70	1
198.774	video	55	1
198.778	voip	40	1
198.78	video	56	1
198.786	video	42	1
198.789	video	51	1
198.792	video	69	1
198.798	gaming	153	1
198.804	voip	40	1
198.818	gaming	114	2
198.826	voip	15	2
198.831	voip	40	1
198.857	gaming	101	1
198.857	voip	40	1
198.869	gaming	111	2
198.883	voip	40	1
198.892	video	50	1
198.9	video	139	1
198.908	gaming	250	1
198.91	video	250	1
198.911	voip	40	1
198.912	video	95	1
198.918	video	237	1
198.921	gaming	166	2
198.929	video	71	1
198.932	video	59	1
198.936	voip	40	1
198.939	video	56	1
198.942	video	49	1
198.954	video	64	1
198.958	video	79	1
198.962	voip	40	1
198.966	video	92	1
198.97	gaming	140	1
198.976	video	43	1
198.983	gaming	161	2
198.985	video	236	1
198.988	video	250	1
198.988	voip	15	2
198.989	voip	40	1
198.99	video	64	1
198.995	video	250	1
198.999	video	44	1
199.003	video	250	1
199.015	video	77	1
199.015	voip	40	1
199.03	gaming	168	2
199.041	voip	40	1
199.053	gaming	83	1
199.067	voip	40	1
199.088	gaming	133	2
199.093	voip	40	1
199.098	gaming	157	1
199.114	video	46	1
199.117	video	53	1
199.119	voip	40	1
199.122	video	250	1
199.124	video	160	1
199.128	video	40	1
199.134	video	48	1
199.139	video	73	1
199.145	video	43	1
199.146	voip	40	1
199.146	voip	15	2
199.152	gaming	75	2
199.158	video	134	1
199.161	video	129	1
199.17	gaming	248	1
199.172	voip	40	1
199.173	video	50	1
199.178	video	143	1
199.18	video	71	1
199.192	video	44	1
199.197	video	250	1
199.198	voip	40	1
199.208	video	64	1
199.211	gaming	225	2
199.22	video	54	1
199.224	video	138	1
199.225	voip	40	1
199.227	video	40	1
199.238	gaming	127	1
199.24	video	41	1
199.25	voip	40	1
199.263	gaming	205	2
199.277	voip	40	1
199.303	gaming	310	1
199.304	voip	40	1
199.306	voip	15	2
199.329	gaming	128	2
199.33	voip	40	1
199.34	video	40	1
199.344	video	60	1
199.348	video	70	1
199.35	gaming	93	1
199.356	video	212	1
199.357	voip	40	1
199.359	video	41	1
199.372	video	98	1
199.38	gaming	102	2
199.381	voip	40	1
199.383	video	101	1
199.388	video	70	1
199.392	video	42	1
199.396	video	244	1
199.4	video	106	1
199.403	video	64	1
199.408	voip	40	1
199.413	video	47	1
199.415	gaming	147	1
199.423	video	176	1
199.427	video	57	1
199.43	video	59	1
199.434	voip	40	1
199.442	gaming	196	2
199.444	video	178	1
199.445	video	48	1
199.449	video	109	1
199.452	video	42	1
199.46	voip	40	1
199.466	voip	15	2
199.474	gaming	129	1
199.486	voip	40	1
199.502	gaming	169	2
199.513	voip	40	1
199.533	gaming	66	1
199.539	voip	40	1
199.554	video	250	1
199.562	gaming	139	2
199.565	video	44	1
199.566	voip	40	1
199.568	video	50	1
199.571	video	94	1
199.578	video	250	1
199.58	video	75	1
199.583	video	40	1
199.586	video	45	1
199.591	voip	40	1
199.598	gaming	229	1
199.6	video	167	1
199.612	video	55	1
199.614	video	53	1
199.618	voip	40	1
199.619	video	44	1
199.62	gaming	124	2
199.624	video	42	1
199.626	voip	15	2
199.634	video	70	1
199.64	video	172	1
199.642	video	111	1
199.644	voip	40	1
199.647	video	53	1
199.651	video	157	1
199.655	gaming	225	1
199.664	video	213	1
199.665	video	46	1
199.67	voip	40	1
199.68	gaming	222	2
199.696	voip	40	1
199.707	gaming	181	1
199.722	voip	40	1
199.73	gaming	142	2
199.749	voip	40	1
199.761	gaming	113	1
199.766	video	64	1
199.772	video	43	1
199.775	voip	40	1
199.782	video	72	1
199.784	gaming	126	2
199.786	video	107	1
199.786	voip	15	2
199.788	video	50	1
199.795	video	49	1
199.799	video	52	1
199.801	voip	40	1
199.808	video	250	1
199.817	video	85	1
199.819	gaming	137	1
199.822	video	96	1
199.827	voip	40	1
199.834	video	60	1
199.841	video	250	1
199.843	gaming	126	2
199.844	video	66	1
199.854	voip	40	1
199.855	video	43	1
199.858	video	41	1
199.863	video	66	1
199.87	video	75	1
199.88	voip	40	1
199.881	video	122	1
199.887	gaming	183	1
199.893	video	50	1
199.899	video	66	1
199.9	gaming	113	2
199.906	voip	40	1
199.932	voip	40	1
199.941	gaming	157	1
199.946	voip	40	2
199.959	voip	40	1
199.96	gaming	75	2
199.972	voip	40	2
199.985	voip	40	1
199.998	voip	40	2
199.999	video	55	1
200.002	gaming	136	1
200.009	video	42	1
200.011	voip	40	1
200.012	video	75	1
200.019	gaming	187	2
200.024	video	58	1
200.025	voip	40	2
200.032	video	53	1
200.037	voip	40	1
200.043	video	49	1
200.047	video	89	1
200.051	voip	40	2
200.053	video	52	1
200.055	video	45	1
200.057	gaming	119	1
200.06	video	58	1
200.063	video	181	1
200.064	voip	40	1
200.07	video	120	1
200.073	video	140	1
200.076	gaming	91	2
200.077	voip	40	2
200.085	video	126	1
200.088	video	52	1
200.09	voip	40	1
200.096	video	45	1
200.103	voip	40	2
200.108	video	50	1
200.111	gaming	137	1
200.112	video	46	1
200.116	video	117	1
200.117	voip	40	1
200.12	video	44	1
200.129	voip	40	2
200.142	voip	40	1
200.151	gaming	117	2
200.156	voip	40	2
200.167	gaming	83	1
200.168	voip	40	1
200.182	voip	40	2
200.195	voip	40	1
200.205	gaming	100	2
200.208	voip	40	2
200.219	gaming	142	1
200.22	video	41	1
200.221	voip	40	1
200.224	video	63	1
200.227	video	93	1
200.23	video	120	1
200.234	voip	40	2
200.237	video	71	1
200.24	video	49	1
200.244	video	154	1
200.246	video	89	1
200.247	voip	40	1
200.25	video	65	1
200.261	gaming	151	2
200.262	voip	40	2
200.263	video	47	1
200.266	video	80	1
200.269	video	41	1
200.273	voip	40	1
200.275	video	80	1
200.276	gaming	157	1
200.279	video	77	1
200.286	video	168	1
200.287	voip	40	2
200.288	video	46	1
200.296	video	144	1
200.298	video	47	1
200.3	voip	40	1
200.301	video	73	1
200.304	video	40	1
200.313	voip	40	2
200.323	gaming	140	2
200.326	voip	40	1
200.332	gaming	147	1
200.339	voip	40	2
200.352	voip	40	1
200.366	voip	40	2
200.378	voip	40	1
200.389	gaming	93	2
200.392	voip	40	2
200.405	video	84	1
200.405	voip	40	1
200.408	video	112	1
200.409	gaming	112	1
200.41	video	71	1
200.415	video	73	1
200.418	video	195	1
200.419	voip	40	2
200.42	video	75	1
200.425	video	53	1
200.428	video	50	1
200.431	voip	40	1
200.434	video	250	1
200.443	gaming	126	2
200.444	voip	40	2
200.445	video	48	1
200.454	video	81	1
200.457	voip	15	1
200.459	gaming	146	1
200.46	video	145	1
200.462	video	97	1
200.471	video	178	1
200.471	voip	40	2
200.476	video	83	1
200.481	video	43	1
200.485	video	46	1
200.491	video	53	1
200.496	video	250	1
200.497	voip	40	2
